0.000169,0.000401,0.001544,0.828906,1.582793,0.000000,0.000169,0.000401,0.001544,0.828906,1.582793
0.001760,0.003944,0.013041,2.176005,1.582519,0.000000,0.000964,0.002172,0.007292,1.502383,-3.186411
0.009024,0.018647,0.049064,2.175203,14.806729,0.000000,0.003651,0.007663,0.021214,0.124984,2.812194
0.030968,0.057233,0.104417,2.173886,14.929940,0.000000,0.010482,0.020061,0.042038,-2.846135,-0.412427
0.081295,0.129053,0.117351,2.172157,15.005031,0.000000,0.024659,0.041894,0.057232,-2.673493,-1.259266
0.176145,0.227257,0.118838,23.854807,15.050304,0.000000,0.049949,0.072884,0.045124,1.750097,0.894084
0.330604,0.319549,0.119753,23.609710,15.080461,0.000000,0.090132,0.108305,-0.010704,4.148537,0.064162
0.553162,0.346518,0.120164,23.394595,15.105598,0.000000,0.148051,0.138128,-0.103556,1.250518,-0.285962
0.839483,0.341361,0.119855,23.481822,15.128002,0.000000,0.224371,0.148165,-0.192051,-2.377536,0.069316
1.212462,0.349644,0.120712,23.415363,15.144606,0.000000,0.325105,0.134183,-0.212006,-2.196730,0.101606
1.686363,0.364054,0.675171,22.919014,15.151806,0.000000,0.455296,0.090340,-0.132655,-0.510078,-0.189567
2.226561,0.372801,2.020783,22.714549,15.148072,0.000000,0.610001,0.008652,0.043724,0.288076,0.031288
2.779905,0.377367,2.911096,22.592139,15.134658,0.000000,0.782124,-0.110367,0.259642,0.604533,0.076646
3.281727,0.378657,2.933203,22.477758,15.115390,0.000000,0.961116,-0.252710,0.425455,0.936452,-0.034981
3.694209,0.377410,2.943222,22.312313,15.381988,0.000000,1.139351,-0.388550,0.435620,0.213107,0.041804
4.008042,0.379115,2.944558,22.301204,15.845394,0.000000,1.319635,-0.494990,0.259017,-0.161892,0.013879
4.562754,0.385648,2.854429,22.463901,15.378714,0.000000,1.565753,-0.540360,-0.064594,-0.355248,-0.006886
4.784776,0.390228,2.815050,22.536187,15.076813,0.000000,1.774890,-0.529731,-0.389172,-0.144742,-0.027643
4.847255,1.444678,2.817266,22.554485,15.084951,0.000000,1.945673,-0.431836,-0.622255,-0.197538,-0.054780
4.840938,3.370499,2.830379,22.553694,15.097506,0.000000,2.064142,-0.244251,-0.648256,-0.071559,-0.079848
5.043815,5.106711,4.164925,22.552117,15.113664,0.000000,2.216418,0.002470,-0.420806,0.063946,-0.075896
5.291552,6.303405,8.526155,22.546561,15.132137,0.000000,2.367829,0.271994,-0.007951,0.032630,-0.026847
5.658416,6.731469,9.561874,22.525904,15.150951,0.000000,2.543424,0.524971,0.409588,-0.033159,-0.017888
5.738006,6.870979,9.275051,22.480633,15.168084,0.000000,2.551751,0.775554,0.658220,0.070763,-0.027678
5.796158,6.866685,9.526624,22.405866,15.182078,0.000000,2.517925,0.944266,0.730944,0.039901,0.016609
6.005641,6.756744,9.241688,22.302199,15.192278,0.000000,2.510500,0.980946,0.485830,0.044549,0.019020
6.184788,6.814869,8.433057,22.170493,15.198934,0.000000,2.448725,0.941340,0.087189,0.029498,0.010629
6.316142,6.617223,8.557003,22.004541,15.203282,0.000000,2.351366,0.735337,-0.307393,0.025034,0.007767
6.488253,6.355709,8.626261,21.797274,15.207120,0.000000,2.277426,0.441930,-0.591973,0.042585,-0.001806
6.578609,6.293503,8.375903,21.620113,15.211912,0.000000,2.005987,0.136140,-0.547695,-0.039280,-0.002497
6.805835,6.243518,8.581852,21.505929,15.218190,0.000000,1.854730,-0.216073,-0.373611,0.028397,0.002039
6.896391,6.294059,10.313184,21.361162,15.225691,0.000000,1.595097,-0.562852,-0.055867,0.133602,-0.008699
7.124730,6.231193,10.918838,21.224150,15.233895,0.000000,1.357530,-0.796648,0.280282,0.100868,0.013829
7.510202,6.240812,10.352014,21.166009,15.242383,0.000000,1.236684,-0.956836,0.460584,0.010316,0.030500
7.882982,6.307545,10.126772,21.139728,15.250827,0.000000,0.951163,-1.030415,0.463676,0.005856,0.011206
8.172862,6.389987,9.971435,21.105729,15.258877,0.000000,0.657195,-1.019235,0.334646,0.017399,-0.016249
8.409554,6.425438,9.991837,21.066936,15.266166,0.000000,0.266040,-0.884351,0.144453,0.046262,-0.068287
8.641453,8.032071,9.962944,21.029722,15.272435,0.000000,-0.104652,-0.661301,-0.083415,0.079665,-0.024609
8.879217,10.907486,9.746553,20.997999,15.277634,0.000000,-0.523734,-0.381893,-0.221208,0.030073,-0.006683
9.107978,12.710764,9.531488,20.973616,15.281928,0.000000,-0.956032,-0.079843,-0.254774,0.028282,0.006801
9.309899,13.170123,9.317143,20.957089,15.285618,0.000000,-1.414310,0.220365,-0.201140,0.042760,0.023609
9.486381,13.187507,9.192462,20.947821,15.289044,0.000000,-1.875975,0.488606,-0.108207,0.056603,0.037236
9.660168,13.180985,9.099418,20.944247,15.292510,0.000000,-2.339143,0.696425,-0.014917,0.057009,0.049040
9.818131,13.177338,9.034095,20.944331,15.296228,0.000000,-2.791715,0.825942,0.049881,0.037366,0.052224
9.961121,13.159440,8.967770,20.946175,15.300305,0.000000,-3.232530,0.867901,0.076539,0.001757,0.035775
10.093563,13.131166,8.897469,20.948334,15.304748,0.000000,-3.649314,0.825018,0.073576,-0.036634,0.010200
10.215677,13.087656,8.828186,20.949822,15.309501,0.000000,-4.042050,0.708920,0.056668,-0.056673,0.002153
10.325698,13.032123,8.760720,20.950009,15.314465,0.000000,-4.403007,0.539337,0.038668,-0.062597,-0.009131
10.423371,12.965339,8.700402,20.948501,15.319504,0.000000,-4.730408,0.338816,0.022874,-0.031144,-0.008106
10.510523,12.885425,8.651379,20.945056,15.324461,0.000000,-5.019166,0.129824,0.008404,-0.018729,-0.009419
10.589295,12.794241,8.615852,20.939538,15.329178,0.000000,-5.268733,-0.066608,-0.009860,-0.018489,-0.011875
10.661031,12.690570,8.606581,20.931917,15.333512,0.000000,-5.482771,-0.232083,-0.032395,-0.023825,-0.014791
10.726559,12.577069,8.670665,20.922284,15.337350,0.000000,-5.656237,-0.355641,-0.052988,-0.027734,-0.018509
10.786064,12.458570,8.751851,20.910873,15.340613,0.000000,-5.789471,-0.432476,-0.061463,-0.033044,-0.014978
10.838898,12.331019,8.841837,20.898068,15.343255,0.000000,-5.884774,-0.462472,-0.052557,-0.032030,-0.012914
10.884737,12.202195,8.938563,20.884391,15.345261,0.000000,-5.945708,-0.451715,-0.024444,-0.028198,-0.011220
10.924718,12.069664,9.044006,20.870483,15.346637,0.000000,-5.971086,-0.408176,0.013658,-0.023770,-0.009421
10.960444,11.919401,9.153381,20.857070,15.347403,0.000000,-5.966223,-0.341382,0.049365,-0.019783,-0.008416
10.992034,11.764602,9.270034,20.844935,15.347592,0.000000,-5.933024,-0.263576,0.067861,-0.016990,-0.007856
11.018705,11.624067,9.389013,20.834881,15.347239,0.000000,-5.873124,-0.179825,0.061391,-0.014821,-0.007404
11.041176,11.478571,9.495563,20.827655,15.346387,0.000000,-5.792317,-0.100041,0.031389,-0.015024,-0.007787
11.062122,11.340475,9.590042,20.823819,15.345077,0.000000,-5.695841,-0.026015,-0.012249,-0.020535,-0.009601
11.083602,11.194507,9.684245,20.823597,15.343351,0.000000,-5.577434,0.038716,-0.049470,-0.021491,-0.008734
11.111302,11.040911,9.783280,20.826763,15.341249,0.000000,-5.447021,0.090226,-0.074677,-0.028262,-0.008057
11.133332,10.917559,9.883233,20.832663,15.338815,0.000000,-5.307012,0.137529,-0.077375,-0.032151,-0.005856
11.149564,10.802584,9.987324,20.840342,15.336088,0.000000,-5.155041,0.174651,-0.061225,-0.031343,-0.002435
11.162608,10.669731,10.077385,20.848705,15.333110,0.000000,-5.000052,0.194346,-0.034916,-0.023049,-0.002398
11.172809,10.514281,10.153320,20.856624,15.329913,0.000000,-4.836907,0.211390,-0.001774,-0.005792,-0.001991
11.175849,10.357866,10.256818,20.863015,15.326525,0.000000,-4.665430,0.211906,0.019173,0.002791,0.000600
11.167376,10.193243,10.392472,20.866894,15.322963,0.000000,-4.514033,0.206837,0.025112,-0.006613,0.005486
11.145421,10.048136,10.565634,20.867544,15.319243,0.000000,-4.330455,0.189762,0.024668,-0.018699,0.011017
11.114507,9.899449,10.743853,20.865123,15.315369,0.000000,-4.150806,0.162235,0.015346,-0.026993,0.016005
11.089254,9.662460,10.847279,20.862453,15.311346,0.000000,-3.993433,0.125873,0.009530,-0.017049,0.015454
11.086144,9.542540,10.895814,20.867179,15.307175,0.000000,-3.839963,0.089497,0.001897,-0.006432,0.012537
11.113367,9.555177,10.876454,20.885760,15.302854,0.000000,-3.690535,0.036861,0.006753,-0.007723,0.011262
11.155521,9.433760,10.819818,20.912937,15.298385,0.000000,-3.507947,-0.013628,0.008196,-0.006111,0.011923
11.194901,9.328257,10.751103,20.940061,15.293767,0.000000,-3.317431,-0.047667,0.004158,0.007414,0.013208
11.237458,9.467427,10.674966,20.963238,15.289000,0.000000,-3.228945,-0.101828,0.031223,0.016832,0.014839
11.272749,9.477135,10.559305,20.981748,15.284084,0.000000,-3.107349,-0.108105,0.010063,0.030469,0.014572
11.291210,9.399735,10.467579,20.995951,15.279021,0.000000,-2.841513,-0.144922,0.020877,0.023185,0.013895
11.291215,8.963580,10.340942,21.006463,15.273811,0.000000,-2.757334,-0.140308,0.039649,0.017552,0.012311
11.272568,9.113523,10.644169,21.013873,15.268454,0.000000,-2.594571,-0.174367,0.014332,0.022728,0.010371
11.254982,9.268318,10.641521,21.018651,15.262944,0.000000,-2.407663,-0.091374,0.037729,0.030762,0.006364
11.226161,9.164987,10.585498,21.021123,15.257277,0.000000,-2.328797,-0.103869,0.040859,0.026809,0.002019
11.182723,8.840180,10.617234,21.021496,15.251447,0.000000,-2.126899,-0.069940,0.022535,0.017014,-0.002863
11.129238,8.865472,10.625255,21.019958,15.245454,0.000000,-1.940416,-0.037312,-0.019616,0.007863,-0.006989
11.072983,8.566315,10.789332,21.016963,15.239301,0.000000,-1.768088,0.016208,0.010299,-0.011067,-0.012651
11.046852,8.587507,10.698571,21.013972,15.232995,0.000000,-1.683979,0.016786,-0.000990,-0.020445,-0.016611
11.039386,8.621237,10.675826,21.014953,15.226546,0.000000,-1.529918,0.055961,-0.034728,0.015072,-0.006399
11.053372,8.861369,10.448490,21.027597,15.219961,0.000000,-1.333970,0.046273,0.005976,0.024543,-0.005800
11.089454,8.460555,10.144826,21.059213,15.213240,0.000000,-1.260250,0.092641,0.009748,0.027261,-0.011614
11.136767,8.409205,9.853152,21.108206,17.855276,0.000000,-0.926618,0.053222,-0.000585,0.032309,-0.010029
11.193454,8.775226,9.771089,21.166292,15.199337,0.000000,-1.030160,0.076177,0.028545,0.020311,-0.007780
11.238227,8.865401,9.670184,21.226962,15.192136,0.000000,-0.789609,0.077316,0.037494,0.015395,-0.006598
11.274066,8.883152,9.557819,21.287315,15.184777,0.000000,-0.676907,0.077965,0.024224,0.018024,-0.007778
11.304121,8.723837,9.287648,21.346432,15.177283,0.000000,-0.506443,0.073976,0.028650,0.020324,-0.007561
11.327430,8.664374,9.167659,21.404132,15.196426,0.000000,-0.489727,0.023548,0.005587,0.025738,-0.008369
11.341083,8.950099,9.246664,21.460435,15.162021,0.000000,-0.287032,0.038058,0.008872,0.019669,-0.007861
11.426426,9.079054,9.222115,21.515373,15.154328,0.000000,-0.122311,0.004204,-0.001896,0.018263,-0.006934
11.332109,8.851667,9.102897,21.568918,15.146651,0.000000,-0.028296,-0.002169,0.006906,0.007554,0.000297
11.518952,8.811680,8.998132,21.620980,15.139038,0.000000,0.087443,-0.029576,-0.014636,-0.025568,0.015133
11.713671,9.140422,9.054487,21.671393,15.131543,0.000000,0.168456,-0.055766,-0.016163,-0.019218,0.007821
11.921130,9.167593,8.962094,21.719912,15.124245,0.000000,0.301684,-0.062497,-0.007647,-0.017716,0.010981
11.967846,9.017297,8.945537,21.766222,15.117242,0.000000,0.424566,-0.089463,-0.012295,-0.005810,0.007272
12.299455,8.836674,8.942097,21.809992,15.110650,0.000000,0.521567,-0.091358,-0.017907,-0.004305,-0.002496
12.290300,9.046240,8.954137,21.850960,16.720047,0.000000,0.594280,-0.119862,-0.005559,-0.040404,0.015873
12.735701,9.171269,9.016217,21.889033,15.099153,0.000000,0.693402,-0.118351,-0.006773,-0.008213,0.010936
12.515583,9.188033,9.083259,21.924371,15.094449,0.000000,0.727771,-0.119068,-0.004893,-0.000792,0.012621
12.971748,9.011258,9.085288,21.957409,15.090544,0.000000,0.913675,-0.143700,-0.006450,0.000329,0.014807
12.535935,9.360646,9.003149,21.988730,15.087488,0.000000,0.910769,-0.098928,-0.004742,-0.001620,0.016600
13.316110,9.415514,8.849054,22.018755,15.085310,0.000000,1.010262,-0.100847,-0.021236,-0.007175,0.016580
13.400992,9.443964,8.780775,22.047439,15.084013,0.000000,1.070375,-0.086829,-0.028722,-0.018961,0.012463
13.222038,9.462280,8.762526,22.074237,15.083582,0.000000,1.177598,-0.066946,-0.019004,-0.023447,0.008767
13.441971,9.409447,8.737184,22.098387,15.083980,0.000000,1.262611,-0.064368,-0.033104,-0.018273,0.009139
13.742319,9.399273,8.651958,22.119237,15.085154,0.000000,1.269419,-0.047463,-0.034884,-0.017215,0.003565
13.098335,9.460626,8.614171,22.136412,15.087036,0.000000,1.338195,-0.023562,-0.023237,-0.007998,0.003529
13.573399,9.713429,8.696736,22.149821,16.956510,0.000000,1.385930,-0.024741,-0.018052,-0.002850,0.003668
13.700018,10.154335,8.959324,22.159577,15.092606,0.000000,1.403396,0.002423,-0.016087,-0.023538,0.000040
12.907484,10.209060,8.923641,22.165923,15.096125,0.000000,1.490001,-0.009599,-0.010224,-0.031907,-0.003398
14.059571,9.910605,8.582992,22.169163,15.100020,0.000000,1.524238,-0.005247,-0.021685,-0.033309,-0.004651
13.385742,9.709107,8.374423,22.169621,15.104214,0.000000,1.504895,0.000932,-0.015628,-0.032224,-0.005646
13.876046,9.629714,8.265579,22.167620,15.108633,0.000000,1.674793,-0.019482,-0.018485,-0.025484,-0.007416
13.275684,9.791549,8.322605,22.163470,15.113211,0.000000,1.562389,-0.011493,0.000024,-0.023067,-0.008283
14.226024,9.963875,8.449709,22.157462,15.117888,0.000000,1.677443,-0.010406,-0.002223,-0.021164,-0.008675
12.885158,10.083960,8.597422,22.149866,15.122611,0.000000,1.648691,-0.029974,-0.010478,-0.015058,-0.008967
13.773860,10.159828,8.785788,22.140928,15.127332,0.000000,1.638551,-0.037009,-0.013802,-0.010806,-0.007621
13.224657,10.150090,8.882823,22.130866,15.132013,0.000000,1.693359,-0.005989,-0.008926,-0.006047,-0.007110
13.461941,10.000769,8.690778,22.119867,15.136619,0.000000,1.671817,-0.042596,-0.011389,0.000720,-0.008151
13.385043,9.908337,8.583719,22.108087,15.141126,0.000000,1.701867,-0.009733,-0.006028,0.007132,-0.008850
13.328559,9.980823,8.652326,22.095656,15.145515,0.000000,1.732449,-0.023420,-0.002612,0.014564,-0.010282
13.334925,10.005920,8.735501,22.082677,15.149773,0.000000,1.632585,-0.039850,-0.018217,0.026908,-0.012498
13.597111,10.068830,8.826289,22.069236,15.153891,0.000000,1.708643,-0.028501,-0.025683,-0.001362,-0.007436
13.189858,10.233130,8.890208,22.055408,15.157864,0.000000,1.646823,-0.026629,-0.011735,-0.016683,-0.001638
13.092946,10.353878,8.960468,22.041270,15.161687,0.000000,1.794793,-0.011281,-0.010959,-0.037276,0.004480
13.493391,10.330153,9.006965,22.026902,15.165353,0.000000,1.614820,-0.018045,-0.011379,-0.032856,-0.002008
13.558640,10.491729,9.129090,22.012391,15.168857,0.000000,1.613330,-0.020206,-0.023507,-0.019096,-0.006912
13.728031,10.584131,9.190948,21.997819,15.408163,0.000000,1.568595,-0.035943,-0.037598,-0.012384,-0.007697
13.793614,10.433637,9.113017,21.983262,15.175360,0.000000,1.568599,-0.022956,-0.032707,-0.008277,-0.005447
13.407169,10.167752,8.985783,21.968791,15.178353,0.000000,1.642682,-0.005102,-0.031325,-0.019419,-0.000059
13.820189,10.252123,9.085132,21.954466,15.181174,0.000000,1.563255,-0.007565,-0.023140,-0.034119,0.006558
13.262395,10.375937,9.239443,21.940342,15.183828,0.000000,1.564595,-0.011907,-0.019136,-0.017023,0.002434
13.955761,10.419956,9.377644,21.926468,15.186317,0.000000,1.465393,-0.009732,-0.020371,-0.009399,0.002077
13.157909,10.796311,9.548774,21.912896,15.188647,0.000000,1.375240,-0.020491,-0.024324,-0.001518,0.002614
13.876480,10.944529,9.705256,21.899672,15.190822,0.000000,1.465222,-0.024441,-0.027894,0.002654,0.002980
13.393338,11.097272,9.913303,21.886846,15.192847,0.000000,1.386993,0.000433,-0.015916,0.000167,0.001320
13.238292,10.946851,9.846379,21.874464,15.194726,0.000000,1.377655,0.009254,-0.005181,-0.002484,0.001511
13.662365,10.696181,9.533832,21.862570,15.196464,0.000000,1.318454,-0.010115,-0.006511,-0.004018,0.001969
12.998369,11.117092,9.641186,21.851205,15.198065,0.000000,1.197818,-0.008265,0.017436,-0.005533,0.001056
13.686116,10.873617,9.693672,21.840406,15.199534,0.000000,1.200798,-0.007350,0.006203,-0.006142,0.001641
13.036103,10.898065,9.678536,21.830208,15.200877,0.000000,1.182628,-0.006093,-0.006648,0.003675,0.000315
13.493013,10.898182,9.714458,21.820639,15.202098,0.000000,1.210191,-0.023276,-0.006630,0.008692,-0.000125
14.378246,10.925527,9.787226,21.811725,15.203205,0.000000,1.154277,-0.004987,0.007839,0.008893,-0.001016
12.808218,11.023024,9.894428,21.803484,15.204201,0.000000,1.043818,-0.006861,0.023743,0.007854,-0.001482
12.998942,10.884065,10.078727,21.795923,15.205093,0.000000,1.024493,-0.016448,0.018380,0.007660,-0.001538
12.832232,11.246680,10.684227,21.789039,15.205885,0.000000,0.964542,-0.014588,0.012464,0.007682,-0.001943
12.645955,11.594179,10.864335,21.782816,15.206584,0.000000,0.904266,-0.012432,0.007950,0.008026,-0.002197
13.372417,11.353346,10.366987,21.777232,15.207192,0.000000,0.875557,-0.017054,0.001547,0.011319,-0.002620
12.789003,11.294378,10.123721,21.772256,15.207716,0.000000,0.861575,-0.004650,0.011315,0.015641,-0.003504
13.024344,11.271437,9.990353,21.767850,15.208158,0.000000,0.791192,-0.001776,0.018598,0.008917,-0.004548
13.083818,11.161170,9.931940,21.763974,15.208523,0.000000,0.761732,-0.002579,0.017246,0.000650,-0.005579
12.724925,11.036771,9.936151,21.760585,15.208814,0.000000,0.757607,-0.004993,0.014304,-0.000531,-0.005753
12.725681,11.040387,10.007603,21.757639,15.209034,0.000000,0.688253,-0.006772,0.012040,-0.005786,-0.007262
12.807087,11.069142,10.078594,21.755093,15.209185,0.000000,0.617550,-0.007680,0.010608,0.000453,-0.005297
12.336735,11.120728,10.204270,21.752909,15.209272,0.000000,0.569957,-0.005141,0.011311,0.006892,-0.003354
12.759671,11.157691,10.392201,21.751046,15.209296,0.000000,0.545176,-0.006469,0.015011,0.010398,-0.001917
12.293194,11.275864,10.640765,21.749469,15.209261,0.000000,0.493372,-0.006964,0.014815,0.012632,-0.001091
12.370713,11.251827,10.563538,21.748140,15.209170,0.000000,0.463087,-0.003592,0.014344,0.013897,-0.000621
12.258884,11.183632,10.350845,21.747024,15.209027,0.000000,0.432438,-0.001434,0.012344,0.013934,-0.000242
12.187252,11.131503,10.226030,21.746084,15.208836,0.000000,0.352430,-0.008826,0.008293,0.012437,-0.000241
12.385863,11.055981,10.141069,21.745284,15.208601,0.000000,0.304925,-0.015661,0.005028,0.001255,-0.003684
12.186419,10.996746,10.100086,21.744591,15.208328,0.000000,0.282139,-0.014754,0.005057,-0.001059,-0.004210
12.190108,10.942016,10.096988,21.743976,15.208018,0.000000,0.237269,-0.017575,0.003943,0.001363,-0.003025
12.396340,10.867815,10.127104,21.743423,15.207673,0.000000,0.194668,-0.017221,-0.002340,0.000414,-0.003014
11.818132,10.823458,10.189168,21.742924,15.207294,0.000000,0.166427,-0.012866,-0.001404,0.018574,-0.001472
12.000368,10.802743,10.286402,21.742480,15.206881,0.000000,0.114951,-0.008694,-0.001416,0.021499,-0.000519
12.032747,10.751849,10.404917,21.742101,15.206436,0.000000,0.057938,-0.014346,0.000205,0.003847,0.003235
11.530646,10.693501,10.468969,21.741803,15.205963,0.000000,0.006675,-0.016034,0.003102,0.002269,0.003642
11.971357,10.656995,10.428226,21.741611,15.205468,0.000000,-0.027261,-0.013340,0.002937,0.004999,0.003463
12.140294,10.635647,10.356699,21.741560,15.204956,0.000000,-0.070429,-0.007664,-0.001586,0.004508,0.001391
11.690348,10.632397,10.295027,21.741698,15.204433,0.000000,-0.102318,-0.003154,-0.003431,0.004039,0.000442
11.608139,10.639688,10.246083,21.742090,15.203904,0.000000,-0.137334,0.002016,-0.002653,0.004134,0.000857
12.355076,10.605303,10.211115,21.742816,15.203372,0.000000,-0.174905,0.003896,-0.000652,0.000795,0.002462
11.589956,10.514945,10.191038,21.743975,15.202839,0.000000,-0.219806,0.006891,0.002874,-0.006869,0.004837
11.512245,10.410740,10.184284,21.745675,15.202307,0.000000,-0.272346,0.010974,0.005576,-0.007344,0.004674
11.959207,10.321089,10.195988,21.748029,15.201777,0.000000,-0.304632,0.016782,0.002214,-0.006972,0.004020
11.385050,10.265028,10.229037,21.751141,15.201253,0.000000,-0.321313,0.015480,-0.002131,-0.008517,0.003892
11.363976,10.244754,10.271419,21.755088,15.200733,0.000000,-0.366218,0.022453,-0.002630,-0.011912,0.004609
11.573246,10.240069,10.303693,21.759913,15.200220,0.000000,-0.415531,0.026850,-0.001451,-0.014672,0.005178
11.356287,10.226845,10.317092,21.765610,15.199714,0.000000,-0.419671,0.030924,-0.001432,-0.016454,0.005641
10.992621,10.194871,10.311927,21.772128,15.199212,0.000000,-0.482580,0.037177,-0.000050,-0.016110,0.005568
11.679493,10.149956,10.287816,21.779375,15.198715,0.000000,-0.513169,0.039257,-0.000702,-0.018455,0.005994
10.946207,10.101688,10.246580,21.787231,15.198220,0.000000,-0.549109,0.038001,-0.001305,-0.020786,0.006547
11.097806,10.062353,10.194093,21.795562,15.197727,0.000000,-0.558154,0.040371,-0.004814,-0.013585,0.004959
11.144298,10.035795,10.137809,21.804236,15.197230,0.000000,-0.603922,0.044690,-0.005849,-0.007444,0.003827
11.379467,10.001409,10.083994,21.813128,15.196729,0.000000,-0.596973,0.040918,-0.005687,-0.004823,0.003029
10.937472,9.964945,10.036182,21.822128,15.196221,0.000000,-0.679362,0.054084,-0.010207,-0.003851,0.002462
10.980719,9.932467,9.995220,21.831141,15.195705,0.000000,-0.692883,0.054709,-0.009568,-0.003087,0.002114
10.915928,9.919744,9.959932,21.840089,15.195181,0.000000,-0.674221,0.051802,-0.004794,-0.002356,0.001769
10.900974,9.962586,9.925940,21.848908,15.194651,0.000000,-0.731557,0.050700,-0.010575,-0.001566,0.001852
10.997035,10.006115,9.884977,21.857546,15.194115,0.000000,-0.776307,0.054443,-0.011646,-0.002223,0.002068
10.865919,10.054027,9.830429,21.865966,15.193577,0.000000,-0.783088,0.053964,-0.012725,-0.003014,0.002000
10.847647,10.091694,9.764174,21.874138,15.193037,0.000000,-0.786195,0.071523,-0.015365,-0.002041,0.001857
10.830691,10.099838,9.695522,21.882043,15.192499,0.000000,-0.849665,0.065337,-0.018457,-0.001976,0.001739
10.817084,10.117730,9.636715,21.889668,15.191961,0.000000,-0.853331,0.057828,-0.014989,-0.001735,0.001554
10.808198,10.100781,9.598594,21.897006,15.191425,0.000000,-0.876612,0.057747,-0.013199,-0.000961,0.001250
10.803442,10.046628,9.585598,21.904054,15.190892,0.000000,-0.839693,0.072183,-0.008834,-0.001982,0.001095
10.800522,9.972847,9.595151,21.910813,15.833250,0.000000,-0.912592,0.061381,-0.011653,-0.001926,0.000892
10.796854,9.867811,9.622074,21.917286,15.189829,0.000000,-0.930904,0.059492,-0.014232,0.000197,0.000329
10.790525,9.830818,9.661809,21.923479,15.189297,0.000000,-0.952459,0.062710,-0.014182,0.001504,0.000027
10.780561,9.647139,9.741515,21.929399,17.711096,0.000000,-0.894733,0.075466,-0.008554,0.003238,-0.000118
10.767173,9.563360,9.821074,21.935053,15.188227,0.000000,-0.961129,0.056487,-0.007716,0.004474,-0.000316
10.750822,9.540672,9.873450,21.940448,15.187685,0.000000,-0.975911,0.051955,-0.005294,0.004846,-0.000297
10.730302,9.568368,9.937644,21.945593,15.187139,0.000000,-1.000617,0.052548,-0.002992,0.005347,0.000007
10.704505,9.573458,10.020207,21.950496,15.186586,0.000000,-0.951532,0.067111,-0.003931,0.006012,0.000184
10.673128,9.644581,10.094642,21.955166,15.186027,0.000000,-0.993105,0.059397,-0.008276,0.006577,0.000201
10.635989,9.558087,10.156756,21.959611,15.185460,0.000000,-1.016774,0.048163,-0.004508,0.007580,0.000208
10.592297,9.534732,10.205879,21.963841,15.184885,0.000000,-1.044647,0.041975,-0.001980,0.009026,0.000246
10.540205,9.497955,10.246559,21.967864,15.184300,0.000000,-0.988377,0.044636,0.000110,0.009781,0.000217
10.476773,9.475605,10.285875,21.971692,15.183702,0.000000,-1.020118,0.039924,0.001760,0.007923,0.000096
10.397462,9.410244,10.330632,21.975335,15.183091,0.000000,-1.037814,0.038616,-0.001233,0.005482,-0.000095
10.294150,9.338305,10.387214,21.978804,15.182461,0.000000,-1.031289,0.035958,-0.005149,0.001784,-0.000911
10.149628,9.245863,10.514353,21.982110,15.181810,0.000000,-1.026904,0.035526,-0.004751,-0.001184,-0.002128
9.907336,9.470218,11.124224,21.985263,15.181136,0.000000,-1.003636,0.030989,-0.001239,-0.004247,-0.002889
9.689492,9.640607,11.719023,21.988274,15.194904,0.000000,-1.059133,0.031360,0.004244,-0.006309,-0.003011
10.017453,9.739184,10.779855,21.991151,15.179708,0.000000,-1.050648,0.015577,0.011620,-0.005020,-0.002456
10.166127,9.668306,10.487945,21.993904,15.178952,0.000000,-1.039723,0.022826,0.005006,-0.003092,-0.002033
10.262927,9.558854,10.327695,21.996540,15.178168,0.000000,-1.030597,0.024946,0.001815,-0.001603,-0.001794
10.331391,9.455710,10.215930,21.999070,15.177355,0.000000,-1.056732,0.021121,0.001296,-0.000098,-0.001540
10.382286,9.383207,10.130194,22.001504,15.176514,0.000000,-1.039631,0.008636,0.001759,0.000359,-0.001744
10.420871,9.335482,10.055659,22.003850,15.175644,0.000000,-0.986991,0.003341,0.002043,0.000033,-0.002116
10.449845,9.282593,9.976440,22.006121,15.174744,0.000000,-1.016660,-0.003106,0.007214,-0.000327,-0.002365
10.470911,9.182499,9.872028,22.008327,15.173816,0.000000,-0.982965,0.009963,0.007435,-0.001219,-0.002596
10.485217,9.024966,9.720771,22.010480,15.172857,0.000000,-1.055781,0.011355,0.014038,-0.002157,-0.002719
10.494905,9.135283,9.758321,22.012592,15.171870,0.000000,-0.980408,-0.001384,0.010157,-0.003620,-0.002809
10.499556,9.319245,9.830090,22.014674,17.056096,0.000000,-1.068199,-0.002135,0.009939,-0.005456,-0.002874
10.498828,9.407899,9.852149,22.016738,15.169806,0.000000,-0.966480,-0.010113,0.013703,-0.008541,-0.002835
10.492703,9.442676,9.843875,22.018797,15.168731,0.000000,-1.038077,-0.023855,0.015655,-0.008303,-0.002727
10.480864,9.449259,9.813241,22.020863,15.167626,0.000000,-0.963520,-0.015223,0.014410,-0.006152,-0.002472
10.462731,9.450466,9.767864,22.022948,15.166493,0.000000,-1.002878,-0.012153,0.014723,-0.004679,-0.002212
10.437479,9.491967,9.729824,22.025065,15.577969,0.000000,-0.924478,-0.006172,0.010668,-0.004974,-0.001986
10.403409,9.630293,9.728161,22.027226,15.164144,0.000000,-0.959101,-0.007137,0.011038,-0.005923,-0.001627
10.356477,9.851515,9.745396,22.029444,15.162928,0.000000,-0.926741,-0.024487,0.014372,-0.004063,-0.001805
10.303125,10.074571,9.756547,22.031734,15.161686,0.000000,-0.907148,-0.032585,0.016762,-0.005674,-0.001922
10.306316,9.970690,9.757427,22.034110,15.160418,0.000000,-0.894248,-0.034226,0.020961,-0.003461,-0.001717
10.326017,9.767820,9.773518,22.036585,15.159125,0.000000,-0.886066,-0.037242,0.031073,-0.002968,-0.001712
10.332075,9.653541,9.810680,22.039175,15.157806,0.000000,-0.902581,-0.042111,0.034175,-0.004451,-0.001523
10.328290,9.585235,9.847245,22.041897,15.156463,0.000000,-0.873050,-0.035371,0.021499,-0.006142,-0.001311
10.318240,9.524831,9.872759,22.044768,15.155094,0.000000,-0.856249,-0.040187,0.015193,-0.007732,-0.001097
10.304143,9.457023,9.884940,22.047805,15.153699,0.000000,-0.819278,-0.042969,0.017477,-0.008530,-0.000785
10.287215,9.401785,9.882743,22.051025,15.152280,0.000000,-0.834006,-0.043698,0.022625,-0.008804,-0.000515
10.267968,9.321868,9.863423,22.054445,15.150835,0.000000,-0.790117,-0.046500,0.024890,-0.009304,-0.000067
10.246706,9.247967,9.858635,22.058080,15.149364,0.000000,-0.782429,-0.052651,0.031570,-0.008962,-0.000184
10.224031,9.324411,9.988190,22.061946,15.147869,0.000000,-0.752748,-0.049601,0.032091,-0.007730,-0.000348
10.199289,9.402029,10.146986,22.066056,15.146350,0.000000,-0.775770,-0.043348,0.033928,-0.005717,-0.000411
10.172330,9.444302,10.287556,22.070425,15.144806,0.000000,-0.775868,-0.040504,0.026127,-0.004189,-0.000309
10.143606,9.475754,10.413956,22.075064,15.143240,0.000000,-0.764148,-0.037555,0.021796,-0.002544,-0.000051
10.114015,9.497409,10.528497,22.079988,15.141650,0.000000,-0.727552,-0.040281,0.019714,-0.002760,0.000236
10.084933,9.502985,10.629346,22.085208,15.140037,0.000000,-0.670724,-0.047358,0.018245,-0.005028,0.000362
10.058108,9.488876,10.712093,22.090735,15.138401,0.000000,-0.690072,-0.050777,0.017900,-0.007134,0.000750
10.035453,9.452692,10.770632,22.096577,15.136742,0.000000,-0.664318,-0.046770,0.017330,-0.009983,0.002270
10.019060,9.394727,10.795800,22.102739,15.135062,0.000000,-0.655773,-0.044258,0.021160,-0.009408,0.002218
10.011385,9.295215,10.776150,22.109222,15.133360,0.000000,-0.628834,-0.038438,0.021679,-0.015924,0.003245
10.013676,9.164773,10.696363,22.116024,15.131638,0.000000,-0.621189,-0.034207,0.017309,-0.004601,-0.000352
10.022789,8.774730,10.398028,22.123137,18.911913,0.000000,-0.595757,-0.035009,0.011597,-0.002640,-0.000398
10.034909,9.214247,10.600308,22.130556,15.128140,0.000000,-0.578979,-0.043060,0.010129,-0.003297,-0.000108
10.045008,9.361987,10.622013,22.138273,15.126367,0.000000,-0.555705,-0.041591,0.010037,-0.004564,0.000332
10.051675,9.449737,10.612567,22.146284,15.124579,0.000000,-0.505195,-0.044366,0.010943,-0.006141,0.000903
10.054323,9.510854,10.589374,22.154584,15.122777,0.000000,-0.538893,-0.036230,0.012387,-0.006911,0.001135
10.052947,9.553760,10.556773,22.163166,15.120961,0.000000,-0.486411,-0.030075,0.011484,-0.006583,0.001221
10.048111,9.576499,10.517254,22.172022,15.119132,0.000000,-0.538626,-0.032254,0.004184,-0.005545,0.001257
10.041197,9.601984,10.475057,22.181141,15.117291,0.000000,-0.482834,-0.030380,0.000635,-0.004057,0.001169
10.034593,9.617637,10.435636,22.190513,15.115437,0.000000,-0.484170,-0.024562,0.000538,-0.001928,0.001077
10.030984,9.589063,10.405480,22.200123,15.113571,0.000000,-0.452883,-0.021759,0.001029,0.001347,0.000770
10.031346,9.509104,10.385677,22.209957,18.199354,0.000000,-0.408829,-0.018792,0.001907,0.000215,0.000886
10.033901,9.371962,10.367705,22.220001,15.109806,0.000000,-0.416497,-0.034199,0.001636,-0.001567,0.001025
10.035697,9.183389,10.338129,22.230241,15.107908,0.000000,-0.367389,-0.033488,0.000006,-0.003044,0.000968
10.034544,8.993653,10.294642,22.240662,15.106000,0.000000,-0.389803,-0.026108,-0.007875,-0.003514,0.000960
10.031940,9.002300,10.360584,22.251248,15.104081,0.000000,-0.354701,-0.020339,-0.011532,-0.003745,0.000940
10.027227,9.120399,10.499053,22.261984,18.054862,0.000000,-0.327285,-0.009455,-0.012663,-0.003580,0.000881
10.018738,9.287603,10.594726,22.272854,15.100215,0.000000,-0.336616,-0.013322,-0.014937,-0.003841,0.000888
10.007199,9.383447,10.652748,22.283841,15.108071,0.000000,-0.322871,-0.022641,-0.018684,-0.004126,0.001009
9.993151,9.455302,10.679273,22.294928,15.096311,0.000000,-0.314394,-0.024439,-0.015268,-0.003440,0.000703
9.976723,9.512532,10.680795,22.306100,15.094346,0.000000,-0.294669,-0.017376,-0.011669,-0.003130,0.000752
9.957815,9.556929,10.665085,22.317340,15.092372,0.000000,-0.270215,-0.007296,-0.012681,-0.002564,0.001109
9.936419,9.586231,10.639448,22.328632,15.090390,0.000000,-0.257368,-0.005357,-0.012865,-0.001956,0.001060
9.912816,9.601047,10.608769,22.339962,15.088400,0.000000,-0.256132,-0.002978,-0.014937,-0.001410,0.000924
9.887571,9.603310,10.575314,22.351315,15.086402,0.000000,-0.234672,0.000360,-0.016647,-0.000730,0.000771
9.861390,9.600617,10.537085,22.362677,15.084396,0.000000,-0.215577,0.000646,-0.018827,-0.000022,0.000721
9.834864,9.615589,10.488198,22.374037,15.082383,0.000000,-0.198795,0.002123,-0.019533,0.000844,0.000331
9.808187,9.592764,10.426274,22.385381,15.080363,0.000000,-0.180195,0.005697,-0.019699,0.001466,0.000161
9.780927,9.515324,10.339684,22.396698,15.078336,0.000000,-0.201470,0.011876,-0.020468,0.002271,-0.000037
9.751971,9.335171,10.192618,22.407977,15.076302,0.000000,-0.191459,0.011779,-0.021662,0.002821,-0.000174
9.722108,9.568085,10.352223,22.419203,15.074261,0.000000,-0.185407,0.010179,-0.022111,0.001933,0.000195
9.688890,9.781384,10.500223,22.430367,15.072214,0.000000,-0.158093,0.010510,-0.023413,0.001649,0.000433
9.656974,9.921073,10.607553,22.441454,15.070160,0.000000,-0.130979,0.008941,-0.025928,0.001630,0.000372
9.645274,9.948398,10.694325,22.452453,15.068100,0.000000,-0.126992,0.011761,-0.021551,0.000697,0.000338
9.656159,9.894195,10.766432,22.463354,15.066034,0.000000,-0.109069,0.015621,-0.020750,0.000537,0.000071
9.870158,9.821558,10.827073,22.474144,15.063963,0.000000,-0.098664,0.022927,-0.019188,0.000434,0.000024
10.231216,9.744086,10.875571,22.484815,15.061885,0.000000,-0.080601,0.025969,-0.017364,0.000777,-0.000258
10.029647,9.665350,10.908812,22.495355,15.059802,0.000000,-0.071549,0.027544,-0.017208,0.004528,-0.000622
9.685936,9.582386,10.923643,22.505755,15.057714,0.000000,-0.072967,0.034679,-0.019416,0.006111,-0.000669
9.684063,9.492234,10.920398,22.516005,15.055620,0.000000,-0.073342,0.031818,-0.018078,0.005326,-0.000806
9.678974,9.395560,10.902212,22.526092,15.053521,0.000000,-0.067951,0.026400,-0.014979,0.007949,-0.000669
10.183613,9.355868,10.870848,22.536008,15.051416,0.000000,-0.044882,0.023198,-0.015909,0.010020,-0.000742
9.940647,9.302940,10.826766,22.545740,15.049306,0.000000,-0.044943,0.024331,-0.017798,0.001928,0.000023
9.722560,9.269153,10.774980,22.555282,15.047191,0.000000,-0.024702,0.026878,-0.015354,0.001586,0.000455
9.860018,9.275517,10.740849,22.564630,15.045069,0.000000,-0.022502,0.028498,-0.014191,0.002206,0.000289
10.261971,9.348459,10.743917,22.573788,15.042943,0.000000,-0.039308,0.031427,-0.015791,0.003220,-0.000003
10.644740,9.439193,10.753782,22.582773,15.040812,0.000000,0.000557,0.032117,-0.015642,0.003207,-0.000106
10.345293,9.524773,10.755735,22.591616,15.038677,0.000000,0.022865,0.032295,-0.015708,0.003156,-0.000253
9.937185,9.602758,10.748099,22.600372,15.036538,0.000000,0.035638,0.036415,-0.016788,0.003643,-0.000582
9.759551,9.672153,10.730449,22.609128,15.034396,0.000000,0.040878,0.034919,-0.012983,0.003716,-0.000750
9.929261,9.766433,10.702714,22.618005,15.032252,0.000000,0.006176,0.031006,-0.009885,0.003642,-0.000847
10.342856,9.866729,10.667960,22.627172,15.030107,0.000000,0.044611,0.031085,-0.008591,0.003518,-0.000920
10.316761,9.966590,10.638825,22.636848,15.027961,0.000000,0.054550,0.030267,-0.007211,0.003406,-0.000995
10.127357,10.050082,10.649282,22.647285,15.025816,0.000000,0.049480,0.026297,-0.008276,0.003354,-0.001039
10.012358,10.094326,10.759449,22.658754,15.023671,0.000000,0.049103,0.022927,-0.011639,0.003528,-0.000885
9.970610,10.129850,11.060332,22.671492,16.771618,0.000000,0.035954,0.025429,-0.011268,0.002947,-0.000873
10.414077,9.932979,10.962656,22.685659,15.019386,0.000000,0.051333,0.025939,-0.010513,0.002579,-0.001052
10.414940,9.718251,10.792681,22.701288,15.017247,0.000000,0.076637,0.026968,-0.009968,0.001932,-0.000662
10.220008,9.587713,10.710542,22.718281,15.015112,0.000000,0.067327,0.026060,-0.008256,0.001474,-0.000584
10.078167,9.525070,10.658144,22.736434,15.012981,0.000000,0.074568,0.027528,-0.004236,0.002216,-0.000796
10.250747,9.516000,10.616189,22.755484,15.010855,0.000000,0.091929,0.029662,-0.001501,0.003461,-0.000237
10.892792,9.530075,10.575706,22.775162,15.008735,0.000000,0.090815,0.025193,-0.000072,0.004506,-0.000226
10.902299,9.551113,10.533377,22.795224,15.006620,0.000000,0.094501,0.019611,0.002859,0.001745,-0.001114
10.880524,9.573237,10.489021,22.815474,15.004510,0.000000,0.107164,0.019292,0.003254,0.000732,-0.000392
10.823897,9.595640,10.443922,22.835763,15.002406,0.000000,0.103726,0.019394,0.002190,0.000578,-0.000467
10.831226,9.621275,10.400286,22.855985,15.000306,0.000000,0.107035,0.020347,0.001839,0.001308,-0.000819
11.288081,9.657882,10.361823,22.876066,14.998213,0.000000,0.112535,0.018505,0.002764,0.003059,-0.000366
10.767745,9.718978,10.334203,22.895958,14.996126,0.000000,0.098865,0.012679,0.003162,0.003302,-0.000350
10.634925,9.680504,10.270165,22.915632,14.994045,0.000000,0.106189,0.010669,0.005085,0.002863,-0.000594
10.809437,9.602511,10.192191,22.935073,14.991971,0.000000,0.114306,0.007926,0.005797,0.002059,-0.000824
11.014755,9.549368,10.126175,22.954273,14.989903,0.000000,0.112937,0.007151,0.006028,0.002095,-0.000790
11.340995,9.508165,10.068743,22.973231,14.987843,0.000000,0.117828,0.007013,0.006614,0.002569,-0.000769
11.091315,9.478458,10.021584,22.991952,14.985789,0.000000,0.132845,0.008147,0.007231,0.003030,-0.000758
11.036172,9.469832,9.992101,23.010440,14.983743,0.000000,0.113846,0.004845,0.008648,0.001347,-0.000683
11.129497,9.495690,9.991027,23.028703,14.981704,0.000000,0.124730,0.002314,0.010219,0.000764,-0.000601
11.301033,9.556503,10.023068,23.046748,14.979674,0.000000,0.117659,0.001834,0.011600,0.000667,-0.000595
11.183524,9.640597,10.089648,23.064582,14.977651,0.000000,0.100380,0.000219,0.013401,0.001827,-0.000657
10.816444,9.741061,10.206263,23.082211,14.975638,0.000000,0.119480,-0.001995,0.017212,0.005319,-0.000313
10.655421,9.861709,10.384431,23.099644,16.499278,0.000000,0.128316,-0.001131,0.018553,0.003833,0.000034
10.791493,10.037219,10.200558,23.116887,15.901129,0.000000,0.112996,-0.006110,0.019100,0.006060,0.000038
11.243995,10.295984,9.846934,23.133950,14.969658,0.000000,0.103578,-0.010445,0.019198,0.010770,-0.000155
11.513307,10.552850,9.496737,23.150845,14.967683,0.000000,0.093463,-0.010891,0.018683,0.002398,-0.000925
11.323728,10.685640,9.199928,23.167581,14.965716,0.000000,0.101822,-0.011208,0.017469,0.001640,-0.000775
11.058692,10.369134,9.314446,23.184169,14.963755,0.000000,0.111715,-0.011308,0.016326,0.002485,-0.000775
10.971777,10.130223,9.393094,23.200615,14.961801,0.000000,0.130577,-0.012637,0.015279,0.004251,-0.000889
11.249848,9.965977,9.425649,23.216926,14.959853,0.000000,0.116404,-0.016984,0.015333,0.005029,-0.000943
12.147819,9.838430,9.435196,23.233106,14.957910,0.000000,0.107421,-0.018123,0.015376,-0.000981,0.000451
11.683604,9.729656,9.431018,23.249160,14.955974,0.000000,0.103866,-0.017735,0.016125,-0.001269,0.000504
11.830541,9.630917,9.417725,23.265098,14.954042,0.000000,0.083444,-0.018392,0.016927,0.000701,0.000894
11.349408,9.542618,9.401264,23.280930,14.952112,0.000000,0.101937,-0.018698,0.013558,0.001735,-0.000822
11.295751,9.480152,9.394858,23.296669,14.950181,0.000000,0.108425,-0.020689,0.011265,0.000768,-0.000604
11.460075,9.460343,9.411236,23.312321,14.948246,0.000000,0.102922,-0.024134,0.011858,0.000604,-0.000620
11.693194,9.471980,9.444511,23.327888,14.946309,0.000000,0.106692,-0.026633,0.014374,0.002038,-0.000777
11.396505,9.494404,9.484639,23.343364,14.944369,0.000000,0.086734,-0.023180,0.013947,0.003299,-0.000740
11.816213,9.497736,9.528025,23.358739,14.942430,0.000000,0.070980,-0.027309,0.012298,-0.000162,0.000139
11.401542,9.470179,9.571025,23.374002,14.940493,0.000000,0.080883,-0.028504,0.011206,-0.000939,0.000482
11.279381,9.445096,9.606095,23.389142,14.938562,0.000000,0.083402,-0.028994,0.009891,-0.001015,0.000467
11.461014,9.435606,9.628333,23.404148,14.936639,0.000000,0.080494,-0.030032,0.009242,-0.000651,0.000418
11.364169,9.440193,9.639875,23.419011,14.934726,0.000000,0.079207,-0.027210,0.008145,-0.000158,0.000218
11.189479,9.453161,9.648597,23.433721,14.932826,0.000000,0.059652,-0.029198,0.006357,0.000399,0.000015
11.258572,9.468495,9.662913,23.448269,14.930940,0.000000,0.050390,-0.028874,0.004927,0.000932,-0.000209
11.360714,9.481145,9.689053,23.462647,15.393956,0.000000,0.057333,-0.028819,0.004336,0.001020,-0.000464
11.243488,9.486680,9.731581,23.476845,14.927223,0.000000,0.077155,-0.029035,0.003068,0.000505,-0.000476
11.151732,9.480645,9.795147,23.490854,14.925396,0.000000,0.064569,-0.030304,0.001538,-0.000129,-0.000376
10.812108,9.457763,9.886997,23.504663,14.934866,0.000000,0.047534,-0.030587,0.001210,-0.000833,-0.000038
10.763794,9.409602,10.021759,23.518261,14.951994,0.000000,0.059490,-0.031648,0.001051,-0.000533,0.000201
10.791850,9.320865,10.233911,23.531638,14.968829,0.000000,0.045118,-0.032473,0.000513,-0.000165,0.000374
10.706561,9.241146,10.466950,23.544786,15.090697,0.000000,0.023259,-0.033121,-0.000315,0.000027,0.000482
10.600671,9.365384,10.325184,23.557700,15.001393,0.000000,0.061300,-0.034182,-0.001416,-0.000064,0.000610
10.507053,9.444944,10.257010,23.570377,15.017033,0.000000,0.049296,-0.033548,-0.000885,-0.000299,0.000237
10.462356,9.467664,10.265731,23.582813,15.032192,0.000000,0.030240,-0.032471,-0.000358,-0.001087,0.000002
10.460095,9.441369,10.325336,23.595005,15.046831,0.000000,0.025608,-0.032479,0.000457,-0.001790,0.000201
10.594747,9.369443,10.424316,23.606951,15.060902,0.000000,0.021964,-0.033303,0.000557,-0.002186,0.000579
10.973954,9.253087,10.550807,23.618643,15.074347,0.000000,0.033647,-0.034940,-0.000601,-0.000979,0.000755
10.881908,9.116472,10.665262,23.630075,16.032617,0.000000,0.029403,-0.038741,-0.002895,0.002080,0.000843
10.616600,9.153539,10.624307,23.641240,15.099088,0.000000,0.032471,-0.036982,-0.003895,0.003021,0.000960
10.228801,9.268094,10.472544,23.652131,15.110241,0.000000,0.009138,-0.032185,-0.003463,0.002467,0.000528
10.350301,9.353648,10.299392,23.662746,15.120494,0.000000,0.003836,-0.032143,-0.002942,0.002031,0.000570
10.657670,9.415854,10.133460,23.673083,15.129792,0.000000,-0.010336,-0.029800,-0.001991,0.001148,0.000894
10.859757,9.460810,9.986391,23.683147,15.138092,0.000000,-0.026457,-0.027279,0.000560,-0.001252,0.001926
10.688280,9.491120,9.860979,23.692941,15.145355,0.000000,0.010590,-0.029094,0.001636,0.000061,0.002007
10.278842,9.508582,9.757218,23.702471,15.151549,0.000000,0.010568,-0.031565,0.001776,-0.001357,0.002329
10.563693,9.516496,9.676315,23.711745,15.156641,0.000000,0.007487,-0.033111,0.001618,-0.002616,0.002241
10.959615,9.517602,9.633982,23.720769,15.387084,0.000000,0.037095,-0.041643,0.000946,-0.001953,0.001905
10.832727,9.520033,9.544537,23.729550,15.163396,0.000000,-0.021828,-0.031886,0.003149,-0.001180,0.001503
10.626857,9.522931,9.435555,23.738096,15.165000,0.000000,-0.033100,-0.028518,0.001322,-0.003058,-0.000317
10.124177,9.523451,9.353385,23.746414,15.165385,0.000000,-0.022474,-0.025208,-0.000328,-0.005123,-0.001079
10.310675,9.522615,9.282901,23.754515,15.164526,0.000000,-0.029834,-0.022701,-0.002581,-0.001465,-0.000184
10.740731,9.520816,9.219139,23.762409,15.162404,0.000000,-0.023687,-0.022060,-0.003675,-0.001175,0.000046
10.759231,9.518826,9.158631,23.770110,15.159011,0.000000,0.004866,-0.021620,-0.003831,-0.001413,-0.000785
10.447033,9.518631,9.097642,23.777634,15.154344,0.000000,-0.010155,-0.027120,-0.003099,-0.008935,-0.002027
10.154034,9.524507,9.031418,23.784999,16.038235,0.000000,-0.025353,-0.031529,-0.002088,-0.007652,-0.001055
10.223648,9.544034,8.954642,23.792222,15.141221,0.000000,-0.002332,-0.035424,-0.000319,-0.006804,0.000024
10.349326,9.590569,8.864118,23.799319,15.132776,0.000000,-0.022411,-0.026687,0.001455,-0.007244,-0.000160
10.709403,9.689561,8.761421,23.806304,15.123078,0.000000,-0.054656,-0.018342,0.003139,-0.009849,-0.001508
10.058395,9.862569,8.646986,23.813189,15.112122,0.000000,-0.050213,-0.011454,0.004511,-0.002917,-0.000769
9.906658,10.096029,8.508651,23.819984,15.099902,0.000000,-0.041140,-0.012344,0.003318,0.000385,0.000906
9.943626,10.379467,8.320258,23.826700,15.086413,0.000000,-0.019573,-0.008267,0.000441,0.001451,0.001227
9.978922,10.751006,8.022450,23.833349,15.071655,0.000000,-0.039882,0.001689,-0.004863,0.002156,0.001199
9.882672,11.353590,7.445904,23.839945,15.469505,0.000000,-0.039176,-0.011820,-0.000063,0.000494,-0.001972
9.255042,11.115669,7.839427,23.846503,15.038347,0.000000,-0.023170,-0.018596,0.001766,-0.002388,-0.001797
10.134520,10.827151,8.212612,23.853036,15.019812,0.000000,-0.050141,-0.014690,0.003264,0.004838,0.001155
10.450047,10.652659,8.403499,23.859559,15.000035,0.000000,-0.046085,-0.009599,0.004004,0.006277,0.000834
10.270845,10.532358,8.529615,23.866088,14.979031,0.000000,-0.024854,-0.007876,0.004647,0.004104,0.000450
9.668732,10.440426,8.624687,23.872640,14.956819,0.000000,-0.033601,-0.010077,0.007749,0.008603,0.002335
9.241640,10.364140,8.702630,23.879234,14.933424,0.000000,-0.084173,-0.007726,0.006161,0.011443,0.006851
9.760895,10.296781,8.770818,23.885888,14.908870,0.000000,-0.058238,-0.001615,0.005055,-0.002365,-0.001919
10.274249,10.234508,8.833614,23.892618,14.883762,0.000000,-0.055657,-0.000931,0.003185,0.000514,-0.001823
10.404195,10.175094,8.893720,23.899441,14.883498,0.000000,-0.077046,-0.003211,0.000509,0.006464,0.002084
9.827415,10.117496,8.952870,23.906370,14.883236,0.000000,-0.077995,-0.007009,-0.000905,0.005613,0.001280
9.379289,10.061795,9.012286,23.913416,15.300941,0.000000,-0.062204,-0.006174,-0.000793,0.003611,-0.001341
9.677105,10.009234,9.073063,23.920589,14.882713,0.000000,-0.079414,-0.003219,0.001830,0.001686,-0.000826
9.635470,9.962279,9.136507,23.927898,16.601520,0.000000,-0.079081,-0.001268,0.005692,0.001669,-0.000475
9.311231,9.924592,9.204330,23.935346,14.882181,0.000000,-0.104019,-0.003028,0.009154,0.002255,-0.000179
9.424276,9.900472,9.278481,23.942937,14.881909,0.000000,-0.085209,-0.002095,0.009590,0.004207,0.000291
9.982696,9.893138,9.360297,23.950668,14.881634,0.000000,-0.068325,-0.002215,0.007929,0.012168,0.005064
9.925879,9.901487,9.448999,23.958537,14.881355,0.000000,-0.072939,-0.003332,0.004871,0.011395,-0.000465
9.369401,9.916564,9.540291,23.966540,14.881072,0.000000,-0.094590,-0.004511,0.004123,0.013855,-0.000051
8.846676,9.927095,9.628681,23.974677,14.880786,0.000000,-0.086844,-0.003513,0.002949,0.009821,0.000153
8.584727,9.934325,9.713344,23.982951,16.469552,0.000000,-0.096627,-0.003810,0.002946,0.005625,-0.000671
9.677661,9.944813,9.795427,23.991372,14.880198,0.000000,-0.116732,-0.003758,0.003238,0.008260,0.003236
9.836610,9.960286,9.874072,23.999951,14.879893,0.000000,-0.105872,-0.001637,0.003603,0.006942,0.000901
9.374008,9.979454,9.946930,24.008695,14.879578,0.000000,-0.083129,0.000148,0.004184,0.008201,0.001346
9.118655,10.000410,10.010981,24.017611,14.879254,0.000000,-0.081350,-0.002327,0.004495,0.013942,0.008502
8.827862,10.021513,10.063040,24.026702,14.878917,0.000000,-0.112858,-0.006717,0.005877,0.011842,0.005037
9.350709,10.041626,10.100390,24.035970,14.878569,0.000000,-0.110205,-0.004575,0.005518,0.013582,0.007793
9.553320,10.060119,10.121534,24.045415,14.878209,0.000000,-0.098863,-0.004817,0.004543,0.015710,0.010893
9.480957,10.076711,10.126681,24.055038,14.877835,0.000000,-0.133892,-0.004994,0.003959,0.013492,0.007611
8.901327,10.091199,10.117620,24.064836,14.877449,0.000000,-0.124158,-0.004248,0.003755,0.011758,0.004671
9.142008,10.103278,10.097126,24.074805,14.877049,0.000000,-0.105038,-0.002125,0.003379,0.011124,0.002987
8.546721,10.112649,10.068328,24.084941,14.876637,0.000000,-0.102084,-0.000905,0.002790,0.010961,0.003490
8.587216,10.119221,10.034317,24.095236,14.876212,0.000000,-0.106104,-0.002544,0.002378,0.010453,0.003559
9.451509,10.122861,9.997926,24.105680,14.875775,0.000000,-0.120128,-0.004366,0.002521,0.009501,0.003502
9.067195,10.122528,9.961522,24.116260,14.875328,0.000000,-0.126967,-0.004833,0.002686,0.006704,0.001402
8.988620,10.115979,9.926836,24.126964,14.874871,0.000000,-0.136056,-0.005414,0.002725,0.002327,-0.002249
8.613599,10.102349,9.895101,24.137778,14.874405,0.000000,-0.127544,-0.006089,0.003008,-0.000848,-0.001191
8.951451,10.085231,9.867295,24.148689,14.873933,0.000000,-0.130326,-0.005955,0.003091,-0.002385,-0.000838
8.898792,10.070434,9.843934,24.159687,14.873454,0.000000,-0.125197,-0.006116,0.002964,-0.002228,-0.001208
9.183497,10.062331,9.824798,24.170763,14.872969,0.000000,-0.115330,-0.004922,0.002425,-0.000971,-0.002689
9.134439,10.063287,9.809009,24.181909,14.872479,0.000000,-0.130017,-0.003304,0.001882,-0.002357,-0.001704
8.466962,10.074510,9.795239,24.193120,14.871983,0.000000,-0.119945,-0.002619,0.001541,-0.000395,-0.005178
8.566562,10.096786,9.781849,24.204391,14.871483,0.000000,-0.141783,-0.003319,0.001492,0.002841,0.001045
8.459315,10.130972,9.766901,24.215719,14.870978,0.000000,-0.145736,-0.004879,0.001466,0.002059,0.000755
8.698592,10.178412,9.748040,24.227098,14.870468,0.000000,-0.143489,-0.005732,0.001409,-0.001002,-0.005140
9.042306,10.241089,9.722187,24.238524,14.869953,0.000000,-0.128354,-0.006129,0.001589,-0.002311,-0.004057
9.084216,10.321099,9.684862,24.249989,14.869434,0.000000,-0.123630,-0.006005,0.001590,-0.001178,-0.005600
8.766876,10.420814,9.628852,24.261491,14.868911,0.000000,-0.135720,-0.005678,0.000896,-0.001511,-0.005849
8.302905,10.544160,9.541841,24.273023,14.868385,0.000000,-0.130542,-0.006393,0.000708,-0.000995,-0.002872
8.297838,10.699819,9.402793,24.284581,14.867854,0.000000,-0.132752,-0.005870,0.001168,0.000555,0.002124
8.534709,10.914133,9.172828,24.296158,18.214582,0.000000,-0.142916,-0.003925,0.000949,-0.000631,0.002045
8.576098,11.243802,8.786042,24.307744,15.497474,0.000000,-0.141943,-0.003451,0.000877,-0.003124,0.001870
8.657728,11.196409,8.837763,24.319323,15.258541,0.000000,-0.139088,-0.003617,0.000903,-0.004528,-0.001834
8.450585,10.830605,9.261554,24.330876,14.865706,0.000000,-0.139930,-0.004816,0.000490,-0.008214,-0.002125
8.324920,10.585156,9.534882,24.342385,14.865170,0.000000,-0.136722,-0.005360,0.000533,-0.011161,-0.003760
8.691079,10.404555,9.727018,24.353835,14.864636,0.000000,-0.138515,-0.004815,-0.000015,-0.007539,-0.002604
8.802880,10.261366,9.873044,24.365218,14.864106,0.000000,-0.133925,-0.004666,-0.000190,-0.003112,-0.005323
8.858193,10.143087,9.989138,24.376528,14.863580,0.000000,-0.132272,-0.004418,-0.000193,-0.003479,0.000151
9.449387,10.042870,10.084084,24.387761,14.863059,0.000000,-0.137845,-0.004952,-0.000088,-0.004071,0.000086
8.710352,9.964025,10.163370,24.398912,14.862542,0.000000,-0.143149,-0.005670,0.000479,-0.004031,-0.001956
8.215227,9.914088,10.230829,24.409974,14.862030,0.000000,-0.133562,-0.004530,0.000411,-0.004209,-0.003689
8.341319,9.877291,10.289377,24.420939,14.861525,0.000000,-0.128365,-0.004218,0.000082,-0.005477,-0.002042
8.095198,9.851642,10.341386,24.431799,14.861026,0.000000,-0.134256,-0.003675,-0.000280,-0.004292,-0.002099
8.309510,9.838118,10.388916,24.442549,14.860535,0.000000,-0.135412,-0.003618,-0.000534,-0.003574,-0.001831
9.606787,9.838299,10.433919,24.453189,14.860051,0.000000,-0.131667,-0.004048,-0.000817,-0.003879,-0.001774
9.152263,9.855533,10.478572,24.463721,14.859575,0.000000,-0.136118,-0.003169,-0.001044,-0.003241,-0.005259
8.634642,9.898651,10.526137,24.474147,14.859106,0.000000,-0.122706,-0.002467,-0.000958,-0.003664,-0.003369
8.078690,9.987459,10.583222,24.484473,14.858645,0.000000,-0.132157,-0.003092,-0.000963,-0.003941,-0.003261
8.078256,9.974310,10.653664,24.494699,15.305803,0.000000,-0.138431,-0.004333,-0.001174,-0.003738,-0.003227
8.300179,9.861912,10.663857,24.504828,14.857744,0.000000,-0.121882,-0.004078,-0.001549,-0.001710,-0.001461
9.048226,9.707351,10.615664,24.514863,14.857304,0.000000,-0.123380,-0.003328,-0.001484,-0.000403,-0.001466
8.421659,9.588389,10.595638,24.524808,16.278292,0.000000,-0.119933,-0.003518,-0.001435,-0.001540,-0.000898
8.124172,9.477050,10.582752,24.534669,14.856446,0.000000,-0.133450,-0.003591,-0.001285,-0.003669,-0.003473
8.144871,9.365927,10.572420,24.544455,14.856027,0.000000,-0.119059,-0.002467,-0.001673,-0.004850,-0.002370
8.257671,9.300296,10.562959,24.554171,14.909228,0.000000,-0.129709,-0.002212,-0.002113,-0.004199,-0.003896
8.514661,9.236751,10.553526,24.563819,14.855206,0.000000,-0.123086,-0.002271,-0.001899,-0.002914,-0.004570
8.698229,9.176427,10.543552,24.573400,14.854804,0.000000,-0.121567,-0.003180,-0.001790,0.003668,-0.001490
9.136628,9.122167,10.532558,24.582914,14.854408,0.000000,-0.117995,-0.001527,-0.001942,0.004013,-0.000823
8.640955,9.075030,10.520097,24.592369,14.854016,0.000000,-0.118924,-0.001752,-0.002264,0.003248,-0.001323
8.308366,9.035596,10.505741,24.601777,14.853628,0.000000,-0.117429,-0.002692,-0.002532,-0.000672,0.001603
8.271422,9.004362,10.489090,24.611158,14.853242,0.000000,-0.117798,-0.003139,-0.002566,-0.000791,-0.004876
8.282916,8.981913,10.469798,24.620528,14.852856,0.000000,-0.114260,-0.001916,-0.002571,-0.001509,-0.005582
8.672038,8.969015,10.447588,24.629904,14.852467,0.000000,-0.108244,-0.001380,-0.002450,-0.002014,-0.004772
9.380744,8.966514,10.422296,24.639296,14.852075,0.000000,-0.106272,-0.001304,-0.002505,-0.002280,-0.004447
8.336281,8.974130,10.393952,24.648713,14.851677,0.000000,-0.113231,-0.001102,-0.002642,0.002527,0.000083
8.312095,8.983634,10.363147,24.658160,14.851272,0.000000,-0.110985,-0.000997,-0.002257,0.003144,0.000569
8.315444,8.971026,10.331336,24.667644,14.850857,0.000000,-0.106757,-0.000992,-0.002059,0.002142,0.001245
8.317316,8.938493,10.298132,24.677176,14.850432,0.000000,-0.098405,-0.000518,-0.002217,-0.004533,-0.002953
8.522376,8.907370,10.260539,24.686765,14.849992,0.000000,-0.103323,-0.000677,-0.002531,-0.006547,-0.002818
9.369389,8.872840,10.215185,24.696415,15.499313,0.000000,-0.104522,-0.000707,-0.002714,-0.006135,-0.003195
8.314855,8.830613,10.162800,24.706116,15.102740,0.000000,-0.095659,-0.000356,-0.002684,-0.009260,-0.004746
8.311818,8.788275,10.108203,24.715844,14.848567,0.000000,-0.091578,-0.000148,-0.002640,-0.005232,-0.003995
8.308088,8.750608,10.055262,24.725563,21.469647,0.000000,-0.103135,-0.000483,-0.002671,-0.001385,-0.003597
8.461362,8.717851,10.006568,24.735231,14.847524,0.000000,-0.096032,-0.000449,-0.002669,0.000527,-0.001051
8.613493,8.688383,9.964457,24.744800,14.846976,0.000000,-0.090971,-0.000031,-0.002566,0.001963,0.000091
8.947011,8.660050,9.931277,24.754219,14.846411,0.000000,-0.089185,0.000008,-0.002550,0.002161,0.000689
8.295179,8.630790,9.909093,24.763439,14.845830,0.000000,-0.090529,-0.000240,-0.002604,0.002026,0.001367
8.294830,8.599119,9.899186,24.772413,14.845235,0.000000,-0.095400,0.000154,-0.002715,0.001368,0.001936
8.443618,8.564462,9.901646,24.781096,14.844624,0.000000,-0.079855,0.000488,-0.002604,0.000816,0.002279
8.456185,8.469877,9.927520,24.820453,16.131906,0.000000,-0.079958,0.000481,-0.002614,0.000780,0.002802
8.473146,8.374257,9.950947,24.862159,20.655713,0.000000,-0.079833,0.000474,-0.002620,0.000955,0.003388
8.496623,8.277109,9.972019,24.906520,16.472701,0.000000,-0.080538,0.000455,-0.002629,0.001357,0.003974
8.524140,8.177887,9.990782,24.953917,14.836686,0.000000,-0.081064,0.000432,-0.002639,0.000223,0.002485
8.556258,8.075953,10.007235,25.004832,14.834662,0.000000,-0.081456,0.000449,-0.002597,-0.001291,-0.003024
8.593923,7.970547,10.021331,25.059876,14.832624,0.000000,-0.081809,0.000486,-0.002566,-0.001048,-0.002703
8.639025,7.860726,10.032971,25.119837,14.830574,0.000000,-0.082143,0.000478,-0.002557,-0.000491,-0.002502
8.694981,7.745292,10.041989,25.185745,14.828517,0.000000,-0.082397,0.000396,-0.002579,0.000222,-0.002475
8.767011,7.622672,10.048138,25.338856,14.826453,0.000000,-0.082527,0.000334,-0.002589,0.000173,0.002547
8.863046,7.490733,10.051039,25.796377,14.824388,0.000000,-0.082624,0.000318,-0.002552,0.000497,0.004626
8.998729,7.346501,10.050121,26.331457,14.822324,0.000000,-0.082730,0.000306,-0.002546,0.000511,0.005096
9.230223,7.185777,10.044536,26.968970,14.820265,0.000000,-0.082719,0.000291,-0.002567,0.001469,0.005075
9.809405,7.863286,10.033118,27.742219,19.716183,0.000000,-0.082222,0.000289,-0.002561,0.001088,0.004327
9.445801,7.453755,10.014934,28.677971,16.745792,0.000000,-0.083026,0.000305,-0.002525,0.000522,0.005777
9.059851,7.017683,9.993723,29.674593,14.814149,0.000000,-0.083888,0.000324,-0.002478,-0.002213,0.003865
8.847405,6.791474,9.992934,30.089128,14.812140,0.000000,-0.084415,0.000297,-0.002511,-0.000064,0.004959
8.699835,6.650982,10.031875,29.392108,14.810150,0.000000,-0.084694,0.000261,-0.002542,-0.000909,0.001466
8.582353,6.636274,10.082129,28.364044,14.808180,0.000000,-0.084801,0.000309,-0.002432,0.000977,-0.001459
8.483388,6.735986,10.127243,27.456952,14.806234,0.000000,-0.085043,0.000316,-0.002409,0.001236,-0.001120
8.396502,6.809646,10.165865,26.708336,14.804312,0.000000,-0.085380,0.000217,-0.002550,0.001420,-0.002340
8.318326,6.862705,10.199201,26.085368,14.802419,0.000000,-0.085575,0.000218,-0.002524,0.002502,0.007967
8.247339,6.900337,10.228399,25.556890,14.800558,0.000000,-0.085467,0.000385,-0.002417,-0.001938,0.000591
8.182380,6.926304,10.254287,25.368511,14.798732,0.000000,-0.085661,0.000367,-0.002392,-0.001061,0.000039
8.159367,6.943273,10.277453,25.315287,14.796943,0.000000,-0.085902,0.000307,-0.002381,-0.001504,-0.000250
8.183434,6.953163,10.298322,25.268687,14.795190,0.000000,-0.086076,0.000202,-0.002466,-0.001882,-0.000280
8.204971,6.957385,10.317208,25.227386,14.793476,0.000000,-0.086177,0.000345,-0.002310,0.001286,-0.001148
8.224440,6.956998,10.334355,25.190385,14.791797,0.000000,-0.086323,0.000317,-0.002178,0.005216,-0.001867
8.242206,6.952826,10.349965,25.156914,14.790153,0.000000,-0.086233,0.000152,-0.002455,-0.008950,-0.003647
8.258561,6.945523,10.364217,25.126356,14.788541,0.000000,-0.086329,0.000189,-0.002344,0.001472,-0.000807
8.273737,6.935615,10.377271,25.098220,14.786958,0.000000,-0.086483,0.000320,-0.002330,0.000493,0.000289
8.287916,6.923520,10.389267,25.072122,14.785401,0.000000,-0.086720,0.000362,-0.002358,-0.000392,0.000530
8.301237,6.909580,10.400323,25.047760,14.783870,0.000000,-0.086893,0.000274,-0.002337,-0.000912,0.000580
8.313807,6.894085,10.410542,25.024902,14.782365,0.000000,-0.087003,0.000114,-0.002409,-0.000358,-0.000244
8.325706,6.877298,10.420016,25.003362,14.780887,0.000000,-0.087052,0.000103,-0.002410,-0.002925,-0.000906
8.337003,6.859471,10.428841,24.982983,14.779438,0.000000,-0.087179,0.000065,-0.002395,-0.006853,-0.002506
8.347755,6.840851,10.437122,24.963629,14.778018,0.000000,-0.087265,0.000077,-0.002393,-0.003230,-0.001732
8.358015,6.821690,10.444972,24.945175,14.776629,0.000000,-0.087368,0.000062,-0.002422,-0.000316,-0.000317
8.367829,6.802243,10.452516,24.927513,14.775273,0.000000,-0.087443,0.000094,-0.002368,-0.001337,0.000616
8.377236,6.782771,10.459887,24.910542,14.773950,0.000000,-0.087537,0.000088,-0.002357,-0.001776,0.001012
8.386268,6.763542,10.467226,24.894178,14.772662,0.000000,-0.087637,0.000069,-0.002366,-0.001410,0.001240
8.394953,6.744823,10.474677,24.878349,14.771411,0.000000,-0.087737,0.000048,-0.002384,-0.000596,0.001737
8.403313,6.726869,10.482381,24.862991,14.770199,0.000000,-0.087835,0.000026,-0.002409,-0.000624,0.003699
8.411368,6.709909,10.490466,24.848049,14.769027,0.000000,-0.087933,0.000015,-0.002408,-0.000484,-0.000214
8.419135,6.694126,10.499040,24.833471,14.767897,0.000000,-0.088026,0.000008,-0.002403,-0.000367,-0.001423
8.426628,6.679643,10.508177,24.819210,14.766811,0.000000,-0.088114,-0.000000,-0.002402,-0.000430,-0.001241
8.433858,6.666513,10.517914,24.805224,14.765770,0.000000,-0.088203,-0.000010,-0.002403,-0.001130,0.003665
8.440835,6.654716,10.528249,24.791471,14.860330,0.000000,-0.088289,-0.000007,-0.002377,-0.000849,-0.002934
8.447566,6.644168,10.539144,24.777913,14.983329,0.000000,-0.088376,-0.000008,-0.002367,-0.000917,-0.003085
8.454057,6.634741,10.550532,24.764514,15.103293,0.000000,-0.088460,-0.000025,-0.002383,-0.000283,-0.004544
8.460310,6.626309,10.562329,24.751239,15.220366,0.000000,-0.088536,-0.000037,-0.002387,-0.001071,0.001632
8.466328,6.618797,10.574440,24.738054,15.334683,0.000000,-0.088606,-0.000040,-0.002371,0.000071,0.003299
8.472111,6.612163,10.586775,24.724927,15.446372,0.000000,-0.088671,-0.000041,-0.002360,0.000255,0.003575
8.477660,6.606204,10.599247,24.711830,15.555554,0.000000,-0.088727,-0.000044,-0.002355,0.000408,0.003880
8.482971,6.600600,10.611781,24.698737,15.662340,0.000000,-0.088777,-0.000058,-0.002364,0.000789,0.004552
8.488043,6.595106,10.624312,24.685625,15.766843,0.000000,-0.088819,-0.000071,-0.002369,-0.000024,0.004393
8.492873,6.589563,10.636790,24.672475,15.869173,0.000000,-0.088857,-0.000079,-0.002362,-0.000405,-0.003387
8.497457,6.583858,10.649175,24.659268,15.969442,0.000000,-0.088906,-0.000083,-0.002353,-0.000289,-0.005226
8.501788,6.577902,10.661441,24.645987,16.067768,0.000000,-0.088957,-0.000086,-0.002343,-0.000360,-0.004634
8.505860,6.571626,10.673577,24.632615,16.164268,0.000000,-0.089006,-0.000089,-0.002338,-0.000374,-0.004226
8.509665,6.564974,10.685582,24.619135,16.259063,0.000000,-0.089048,-0.000081,-0.002315,-0.000524,-0.002793
8.513193,6.557902,10.697468,24.605526,16.352272,0.000000,-0.089091,-0.000080,-0.002308,-0.000553,-0.002461
8.516435,6.550376,10.709260,24.591769,16.444007,0.000000,-0.089150,-0.000105,-0.002326,-0.000428,-0.003031
8.519379,6.542368,10.720993,24.577840,16.534370,0.000000,-0.089184,-0.000084,-0.002302,-0.000778,-0.002074
8.522014,6.533861,10.732711,24.563712,16.623448,0.000000,-0.089254,-0.000119,-0.002328,-0.000601,-0.002640
8.524329,6.524840,10.744468,24.549355,16.711306,0.000000,-0.089329,-0.000147,-0.002338,-0.000438,-0.003663
8.526316,6.515296,10.756317,24.534740,16.797986,0.000000,-0.089365,-0.000132,-0.002307,0.000660,0.004495
8.527967,6.505223,10.768314,24.519834,16.883511,0.000000,-0.089442,-0.000148,-0.002321,0.001010,0.004982
8.529275,6.494616,10.780508,24.504609,16.967902,0.000000,-0.089516,-0.000148,-0.002314,0.000908,0.005236
8.530236,6.483472,10.792943,24.489041,17.051174,0.000000,-0.089576,-0.000137,-0.002297,-0.001366,0.002949
8.530845,6.471787,10.805655,24.473109,17.133347,0.000000,-0.089674,-0.000162,-0.002315,-0.000601,0.004078
8.531101,6.459561,10.818677,24.456798,17.214451,0.000000,-0.089777,-0.000189,-0.002338,0.001376,0.006544
8.531000,6.446792,10.832034,24.440097,17.294521,0.000000,-0.089878,-0.000204,-0.002344,0.002003,0.007316
8.530544,6.433484,10.845746,24.423002,17.373600,0.000000,-0.089981,-0.000213,-0.002338,0.001836,0.006844
8.529734,6.419642,10.859828,24.405512,17.451728,0.000000,-0.090082,-0.000213,-0.002324,0.000702,0.004427
8.528576,6.405276,10.874286,24.387634,17.528937,0.000000,-0.090187,-0.000216,-0.002320,-0.000909,0.001129
8.527083,6.390409,10.889114,24.369382,17.605236,0.000000,-0.090296,-0.000224,-0.002321,-0.000637,-0.002828
8.525275,6.375075,10.904293,24.350776,17.680592,0.000000,-0.090411,-0.000232,-0.002313,-0.000131,0.002807
8.523186,6.359332,10.919784,24.331848,17.754912,0.000000,-0.090529,-0.000241,-0.002304,0.000228,0.003529
8.520866,6.343263,10.935519,24.312640,17.828028,0.000000,-0.090639,-0.000247,-0.002312,-0.000972,-0.000642
8.518388,6.326991,10.951397,24.293216,17.899671,0.000000,-0.090761,-0.000259,-0.002312,-0.000199,-0.005313
8.515850,6.310684,10.967272,24.273656,17.969438,0.000000,-0.090881,-0.000267,-0.002297,-0.000452,-0.003445
8.513391,6.294578,10.982942,24.254069,18.036738,0.000000,-0.091000,-0.000274,-0.002307,-0.000383,-0.003751
8.511193,6.278987,10.998133,24.234594,18.100754,0.000000,-0.091121,-0.000281,-0.002291,-0.000506,-0.002967
8.509490,6.264313,11.012496,24.215404,18.160418,0.000000,-0.091240,-0.000285,-0.002276,-0.000740,-0.002112
8.508566,6.251052,11.025601,24.196708,18.214402,0.000000,-0.091360,-0.000296,-0.002297,-0.000512,-0.002061
8.508752,6.239776,11.036950,24.178746,18.261150,0.000000,-0.091481,-0.000303,-0.002282,-0.000167,0.002534
8.510401,6.231099,11.046012,24.161773,18.298991,0.000000,-0.091601,-0.000289,-0.002240,-0.001466,0.001239
8.513855,6.225616,11.052267,24.146038,18.326316,0.000000,-0.091711,-0.000284,-0.002233,-0.001475,0.000923
8.519404,6.223820,11.055281,24.131754,18.341797,0.000000,-0.091823,-0.000335,-0.002294,-0.000845,-0.001384
8.527236,6.226033,11.054763,24.119070,18.344596,0.000000,-0.091933,-0.000316,-0.002247,-0.001113,-0.001113
8.537415,6.232350,11.050622,24.108042,18.334500,0.000000,-0.092048,-0.000352,-0.002289,-0.000592,-0.002044
8.549860,6.242618,11.042984,24.098624,18.311968,0.000000,-0.092144,-0.000346,-0.002266,-0.000573,0.000766
8.564366,6.256457,11.032172,24.090681,18.278068,0.000000,-0.092238,-0.000350,-0.002258,-0.000705,0.000498
8.580638,6.273331,11.018648,24.084015,18.234309,0.000000,-0.092348,-0.000368,-0.002266,-0.000608,-0.000084
8.598337,6.292626,11.002936,24.078398,18.182420,0.000000,-0.092468,-0.000391,-0.002283,-0.000733,-0.002031
8.617122,6.313726,10.985565,24.073599,18.124141,0.000000,-0.092567,-0.000402,-0.002285,-0.000667,-0.003122
8.636680,6.336060,10.967021,24.069411,18.061084,0.000000,-0.092665,-0.000413,-0.002285,-0.000977,-0.003364
8.656741,6.359134,10.947726,24.065651,17.994649,0.000000,-0.092767,-0.000423,-0.002282,-0.000785,-0.002643
8.677080,6.382539,10.928027,24.062173,17.925997,0.000000,-0.092864,-0.000430,-0.002279,-0.000748,-0.002721
8.697524,6.405949,10.908200,24.058863,17.856059,0.000000,-0.092962,-0.000440,-0.002279,-0.000890,-0.002808
8.717938,6.429112,10.888458,24.055635,17.785559,0.000000,-0.093046,-0.000420,-0.002227,-0.001213,-0.000439
8.738222,6.451838,10.868960,24.052427,17.715054,0.000000,-0.093159,-0.000426,-0.002215,-0.001478,-0.000461
8.758309,6.473990,10.849819,24.049202,17.644964,0.000000,-0.093269,-0.000466,-0.002246,-0.000890,-0.001594
8.778151,6.500244,10.831112,24.045938,17.575605,0.000000,-0.093325,-0.000460,-0.002250,-0.000814,-0.000755
8.797719,6.529324,10.812891,24.042625,17.507219,0.000000,-0.093416,-0.000438,-0.002214,-0.001694,0.000144
8.816994,6.557401,10.795196,24.039259,17.439988,0.000000,-0.093541,-0.000452,-0.002206,-0.002040,0.000222
8.835963,6.584438,10.778057,24.035839,17.374045,0.000000,-0.093657,-0.000485,-0.002222,-0.001653,0.000701
8.854616,6.610409,10.761502,24.032361,17.309478,0.000000,-0.093765,-0.000511,-0.002239,-0.000962,0.001271
8.872949,6.635298,10.745555,24.028825,17.246343,0.000000,-0.093870,-0.000530,-0.002254,-0.000518,0.001460
8.890961,6.659094,10.730234,24.025230,17.184670,0.000000,-0.093974,-0.000545,-0.002265,-0.001158,0.000352
8.908653,6.681796,10.715553,24.021577,17.124466,0.000000,-0.094079,-0.000556,-0.002265,-0.001187,-0.000942
8.926029,6.703411,10.701526,24.017870,17.065726,0.000000,-0.094187,-0.000568,-0.002263,-0.000780,-0.002016
8.943095,6.723952,10.688160,24.014112,17.008437,0.000000,-0.094295,-0.000579,-0.002262,-0.000618,-0.002874
8.959859,6.743435,10.675464,24.010308,16.952578,0.000000,-0.094405,-0.000591,-0.002263,-0.001103,-0.001552
8.976328,6.761880,10.663446,24.006463,16.898126,0.000000,-0.094520,-0.000603,-0.002262,-0.000576,-0.003470
8.992511,6.779311,10.652112,24.002583,16.845055,0.000000,-0.094635,-0.000614,-0.002260,-0.001128,-0.001785
9.008418,6.795751,10.641469,23.998675,16.793342,0.000000,-0.094748,-0.000626,-0.002255,-0.000985,0.001247
9.024057,6.811224,10.631527,23.994743,16.742961,0.000000,-0.094865,-0.000639,-0.002252,-0.000718,0.002076
9.039437,6.825754,10.622293,23.990794,16.693885,0.000000,-0.094985,-0.000651,-0.002253,-0.000900,0.001980
9.054567,6.839364,10.613777,23.986833,16.646085,0.000000,-0.095111,-0.000664,-0.002256,-0.001407,-0.001141
9.069454,6.852078,10.605990,23.982863,16.599535,0.000000,-0.095238,-0.000677,-0.002254,-0.001120,-0.001645
9.084108,6.863915,10.598944,23.978890,16.554205,0.000000,-0.095373,-0.000690,-0.002253,-0.001398,-0.000341
9.098535,6.874896,10.592652,23.974918,16.510070,0.000000,-0.095512,-0.000704,-0.002251,-0.001073,0.002137
9.112742,6.885038,10.587127,23.970951,16.467102,0.000000,-0.095651,-0.000718,-0.002253,-0.000349,0.003426
9.126737,6.894358,10.582385,23.966993,16.425275,0.000000,-0.095800,-0.000732,-0.002254,-0.001136,0.002578
9.140524,6.902873,10.578444,23.963047,16.384563,0.000000,-0.095955,-0.000746,-0.002255,-0.000608,0.003458
9.154110,6.910597,10.575322,23.959116,16.344937,0.000000,-0.096116,-0.000761,-0.002257,-0.000448,0.003757
9.167500,6.917546,10.573039,23.955204,16.306370,0.000000,-0.096287,-0.000776,-0.002257,-0.001259,0.003244
9.180696,6.923736,10.571617,23.951314,16.268831,0.000000,-0.096467,-0.000791,-0.002258,-0.000617,0.003879
9.193704,6.929184,10.571081,23.947447,16.232293,0.000000,-0.096654,-0.000807,-0.002258,-0.000529,0.004020
9.206527,6.933907,10.571457,23.943609,16.196724,0.000000,-0.096845,-0.000816,-0.002236,-0.000562,-0.004797
9.219166,6.937926,10.572774,23.939801,16.162098,0.000000,-0.096993,-0.000747,-0.002133,-0.000914,-0.001480
9.231624,6.941256,10.575066,23.936025,16.128393,0.000000,-0.097229,-0.000755,-0.002095,-0.000609,-0.001182
9.243900,6.943912,10.578378,23.932281,16.095608,0.000000,-0.097500,-0.000818,-0.002130,-0.000908,-0.001661
9.255991,6.945905,10.582765,23.928569,16.063762,0.000000,-0.097776,-0.000904,-0.002264,-0.001841,-0.001619
9.267890,6.947246,10.588297,23.924882,16.032887,0.000000,-0.098079,-0.000827,-0.002195,-0.001826,0.001926
9.279589,6.947951,10.595053,23.921217,16.003010,0.000000,-0.098372,-0.000812,-0.002140,-0.001533,0.001460
9.291081,6.948043,10.603118,23.917570,15.974146,0.000000,-0.098672,-0.000835,-0.002119,-0.001560,0.001587
9.302358,6.947545,10.612581,23.913941,15.946285,0.000000,-0.099090,-0.000909,-0.002163,-0.001852,0.002411
9.313415,6.946485,10.623542,23.910330,15.919399,0.000000,-0.099541,-0.000996,-0.002256,-0.000464,0.003159
9.324246,6.944888,10.636113,23.906742,15.893450,0.000000,-0.100040,-0.001023,-0.002239,-0.001222,-0.003543
9.334844,6.942779,10.650429,23.903180,15.868399,0.000000,-0.100606,-0.001042,-0.002220,-0.001888,-0.002377
9.345199,6.940183,10.666650,23.899648,15.844213,0.000000,-0.101200,-0.001066,-0.002228,-0.002373,-0.002236
9.355296,6.937127,10.684965,23.896147,15.820870,0.000000,-0.101835,-0.001089,-0.002245,-0.002940,-0.002340
9.365117,6.933639,10.705597,23.892678,16.107798,0.000000,-0.102190,-0.001118,-0.002281,-0.002158,-0.003195
9.374640,6.929748,10.728801,23.889238,15.776649,0.000000,-0.101981,-0.001133,-0.002285,0.000097,0.004560
9.383838,6.925485,10.754866,23.885825,15.755754,0.000000,-0.101592,-0.001137,-0.002257,-0.000227,0.003626
9.392686,6.920879,10.784101,23.882436,15.735655,0.000000,-0.101213,-0.001144,-0.002279,-0.001333,-0.000033
9.401158,6.915961,10.816805,23.879070,15.716341,0.000000,-0.100881,-0.001150,-0.002251,-0.000299,0.003391
9.409237,6.910768,10.853161,23.875723,15.697796,0.000000,-0.100623,-0.001155,-0.002263,-0.001072,0.004206
9.416939,6.905356,10.892984,23.872395,15.680006,0.000000,-0.100466,-0.001159,-0.002264,-0.001721,0.005460
9.424355,6.899834,10.935148,23.869084,15.662953,0.000000,-0.100387,-0.001162,-0.002253,-0.000888,0.003453
9.431748,6.894428,10.976437,23.865789,15.646621,0.000000,-0.100349,-0.001166,-0.002237,-0.000607,0.002401
9.439672,6.889563,11.010064,23.862508,15.630992,0.000000,-0.100381,-0.001167,-0.002221,-0.000707,0.001750
9.448926,6.885834,11.026243,23.859242,15.616047,0.000000,-0.100473,-0.001168,-0.002216,-0.000675,0.001424
9.460032,6.883637,11.018590,23.855990,15.601769,0.000000,-0.100609,-0.001174,-0.002228,-0.000903,0.001608
9.472690,6.882794,10.990786,23.852752,15.588139,0.000000,-0.100788,-0.001181,-0.002241,-0.001614,0.000427
9.486105,6.882778,10.952516,23.849532,15.575142,0.000000,-0.101018,-0.001184,-0.002244,-0.001093,-0.002556
9.499629,6.883161,10.911725,23.846328,15.562762,0.000000,-0.101305,-0.001190,-0.002245,-0.001076,-0.002096
9.512922,6.883726,10.872543,23.843143,15.550984,0.000000,-0.101654,-0.001197,-0.002245,-0.001697,-0.000507
9.525852,6.884395,10.836558,23.839978,15.539793,0.000000,-0.102050,-0.001202,-0.002232,-0.001036,0.001022
9.538388,6.885157,10.804142,23.836832,15.529177,0.000000,-0.102446,-0.001206,-0.002238,-0.001130,0.000802
9.550538,6.886026,10.775174,23.833707,15.519122,0.000000,-0.102645,-0.001213,-0.002250,-0.001641,0.001040
9.562321,6.887019,10.749364,23.830604,15.509617,0.000000,-0.102584,-0.001225,-0.002254,-0.001306,-0.001572
9.573764,6.888158,10.726388,23.827525,15.500653,0.000000,-0.102418,-0.001236,-0.002245,-0.001037,-0.000851
9.584887,6.889454,10.705939,23.824469,15.492221,0.000000,-0.102260,-0.001245,-0.002223,-0.001347,0.000476
9.595711,6.890919,10.687741,23.821439,15.484311,0.000000,-0.102179,-0.001253,-0.002212,-0.001212,0.001151
