0.000167,0.000396,0.001524,0.818180,1.562313,0.000000,0.000167,0.000396,0.001524,0.818180,1.562313
0.001739,0.003898,0.012890,2.150344,1.564298,0.000000,0.000953,0.002147,0.007208,1.484782,-3.150302
0.008970,0.018545,0.048877,2.154739,14.956560,0.000000,0.003627,0.007616,0.021108,0.171150,2.880856
0.031056,0.057504,0.105818,2.160520,15.098653,0.000000,0.010494,0.020110,0.042353,-2.710808,-0.659102
0.082433,0.131504,0.124408,2.166971,15.201829,0.000000,0.024922,0.042471,0.058982,-2.626636,-1.005280
0.180916,0.236065,0.126004,22.501106,15.277560,0.000000,0.051026,0.074934,0.049439,1.560424,0.833391
0.344734,0.341914,0.127131,22.441146,15.331820,0.000000,0.093199,0.113437,-0.003478,3.894460,-0.006288
0.589744,0.396035,0.127998,22.377070,15.370974,0.000000,0.155665,0.149366,-0.093699,1.112034,-0.344390
0.926048,0.399704,0.128683,22.311445,15.402506,0.000000,0.241901,0.170566,-0.184084,-1.985259,0.182381
1.353990,0.401938,0.129308,22.223779,15.433928,0.000000,0.353946,0.163590,-0.218286,-1.843079,0.048660
1.863804,0.403672,0.559027,22.128184,15.468402,0.000000,0.492253,0.117784,-0.149060,-0.549798,-0.096918
2.434593,0.405459,1.994104,22.051958,15.503428,0.000000,0.655379,0.028850,0.027715,0.141571,0.004700
3.046859,0.406997,2.996545,22.034708,15.534862,0.000000,0.841336,-0.095689,0.256015,0.768389,0.031225
3.689918,0.408295,2.966911,22.198569,15.560230,0.000000,1.049437,-0.237588,0.425202,0.780544,-0.007548
4.297289,0.408009,2.946510,22.401874,15.579216,0.000000,1.268597,-0.377349,0.439223,0.280631,-0.040826
4.922124,0.414821,2.947200,22.182642,15.592588,0.000000,1.517342,-0.496472,0.273804,-0.316351,0.014354
5.496760,0.422081,2.948473,21.880366,15.601216,0.000000,1.781075,-0.567024,-0.036733,-0.370093,-0.002304
5.852808,0.426449,2.953376,21.679000,15.605832,0.000000,2.025883,-0.564374,-0.391731,-0.288061,-0.000065
6.155959,1.227366,2.925123,21.592532,15.607195,0.000000,2.281026,-0.475267,-0.633257,-0.105830,0.011847
6.334233,3.092285,2.896500,21.575642,15.606276,0.000000,2.515353,-0.304931,-0.650678,0.116665,0.011244
6.394507,4.978906,3.948044,21.596480,15.604005,0.000000,2.696353,-0.064744,-0.418885,0.117227,0.024262
6.497286,6.396699,8.474565,21.652471,15.600710,0.000000,2.847933,0.221334,-0.018632,0.225222,-0.012125
6.228501,7.517111,9.871916,21.731446,15.595755,0.000000,2.799303,0.561128,0.359892,-0.059697,0.006326
6.363824,7.219651,10.482887,21.817722,15.587829,0.000000,2.868071,0.808311,0.732793,0.015865,-0.008256
6.601195,7.219528,9.791654,21.902602,15.575581,0.000000,2.924223,0.974035,0.741100,-0.041597,-0.027645
6.765833,7.328056,9.003019,21.983952,15.558130,0.000000,2.909965,1.065696,0.519840,0.028569,-0.026477
6.960735,7.142722,8.789924,22.062338,15.535465,0.000000,2.853563,0.990450,0.162073,0.304291,-0.057002
7.103009,7.044846,8.857791,22.134110,15.509151,0.000000,2.771337,0.801643,-0.253698,-0.066490,-0.005731
7.145639,6.981866,8.855439,22.184410,15.483464,0.000000,2.568950,0.512884,-0.549646,-0.037507,0.007324
7.304489,6.887365,8.697140,22.189553,15.465547,0.000000,2.414075,0.157781,-0.620360,0.050345,0.026503
7.700574,6.630331,8.549558,22.130618,15.461591,0.000000,2.377463,-0.167273,-0.412424,0.161056,0.005937
7.939564,6.550545,9.188793,22.003154,15.471147,0.000000,2.201319,-0.488409,-0.103305,-0.071978,-0.012247
8.070616,6.577392,9.855099,21.822367,15.488441,0.000000,1.914741,-0.796827,0.192329,0.006139,-0.012777
8.212610,6.508952,10.485271,21.618506,15.508038,0.000000,1.545878,-0.982653,0.437611,0.267183,-0.022629
8.466836,6.446379,10.050736,21.451273,15.526840,0.000000,1.328829,-1.058501,0.459883,0.166276,0.003589
8.756427,6.435330,9.806033,21.353052,15.543385,0.000000,0.996775,-1.031025,0.325595,0.124939,0.003692
9.023786,6.487758,9.567319,21.295861,15.557107,0.000000,0.651269,-0.913970,0.110578,0.068872,0.020151
9.251751,7.579163,9.605839,21.260444,15.567996,0.000000,0.237074,-0.697261,-0.085730,0.017196,0.031974
9.426734,10.701819,9.769959,21.234284,15.576427,0.000000,-0.184217,-0.412593,-0.230038,0.023791,0.013099
9.580085,12.520405,9.800956,21.211595,15.582993,0.000000,-0.657140,-0.098653,-0.257492,0.034584,-0.012665
9.781880,13.032465,9.803948,21.190095,15.588358,0.000000,-1.111104,0.204423,-0.195152,-0.021601,-0.020300
9.974908,12.898818,9.725197,21.169700,15.593137,0.000000,-1.588737,0.465185,-0.083345,-0.044194,-0.032238
10.134409,12.853057,9.751142,21.153401,15.597820,0.000000,-2.057082,0.669142,0.020489,0.002821,-0.026624
10.277899,12.795290,9.743788,21.146760,15.602727,0.000000,-2.531937,0.796355,0.079543,0.022666,-0.020439
10.422208,12.766971,9.732337,21.151174,15.608011,0.000000,-2.980605,0.840953,0.093600,0.021028,-0.017610
10.561888,12.730716,9.722074,21.160613,15.613686,0.000000,-3.420184,0.802945,0.074578,0.016077,-0.010645
10.689139,12.696067,9.690210,21.168751,15.619682,0.000000,-3.834512,0.696202,0.046939,0.004528,0.003779
10.802734,12.640327,9.631328,21.172494,15.625881,0.000000,-4.221465,0.533543,0.019847,-0.032165,0.021521
10.903101,12.571359,9.561006,21.170779,15.632129,0.000000,-4.570822,0.342669,0.001584,-0.050007,0.028213
10.990201,12.484394,9.498861,21.163357,15.638250,0.000000,-4.882903,0.143143,-0.012116,-0.031005,0.019891
11.064240,12.386526,9.438664,21.150309,15.644071,0.000000,-5.154090,-0.044784,-0.025396,-0.031051,0.013686
11.127239,12.285533,9.386227,21.131936,15.649435,0.000000,-5.390087,-0.203987,-0.040881,-0.043031,0.006319
11.183171,12.173345,9.346173,21.108752,15.654221,0.000000,-5.584271,-0.322425,-0.053232,-0.058816,-0.002225
11.234881,12.059192,9.317255,21.081481,15.658345,0.000000,-5.737181,-0.397035,-0.054215,-0.051342,-0.004674
11.281561,11.941743,9.351433,21.051022,15.661762,0.000000,-5.852764,-0.426760,-0.039085,-0.019797,-0.000476
11.321058,11.829220,9.397444,21.018380,15.664459,0.000000,-5.934859,-0.417201,-0.008228,-0.010605,0.001526
11.353639,11.718015,9.456808,20.984634,15.666447,0.000000,-5.977011,-0.378743,0.031066,-0.017456,0.002155
11.391511,11.584105,9.534435,20.950957,15.667753,0.000000,-5.988078,-0.318885,0.067270,-0.022506,0.003140
11.424133,11.437002,9.633592,20.918751,15.668416,0.000000,-5.975458,-0.249177,0.083521,-0.025948,0.004505
11.448593,11.314494,9.743148,20.889842,15.668477,0.000000,-5.929902,-0.176210,0.073362,-0.032997,0.007083
11.466810,11.210379,9.845689,20.866560,15.667979,0.000000,-5.859679,-0.106337,0.039354,-0.034129,0.007270
11.487706,11.124412,9.932469,20.851231,15.666961,0.000000,-5.773868,-0.041572,-0.008470,-0.027054,0.004565
11.519379,11.025916,10.013051,20.844977,15.665461,0.000000,-5.670871,0.016339,-0.049616,-0.018267,0.001252
11.556448,10.919704,10.098540,20.846779,15.663515,0.000000,-5.560876,0.058897,-0.077106,-0.014624,0.002256
11.588267,10.853340,10.190937,20.853994,15.661155,0.000000,-5.433780,0.101056,-0.079980,-0.011955,0.002321
11.609237,10.826790,10.309030,20.863675,15.658412,0.000000,-5.282930,0.134689,-0.059030,-0.014836,0.004083
11.622028,10.781599,10.427009,20.873345,15.655313,0.000000,-5.135053,0.155560,-0.034306,-0.011862,0.006350
11.633924,10.670355,10.501300,20.881036,15.651885,0.000000,-4.982339,0.175174,-0.001654,-0.008343,0.006380
11.636799,10.535934,10.603847,20.884964,15.648149,0.000000,-4.821324,0.176303,0.019023,-0.001620,0.005576
11.617616,10.385510,10.781865,20.883008,15.644126,0.000000,-4.675442,0.171125,0.026523,0.013342,0.004253
11.565447,10.228621,11.072223,20.871703,15.639834,0.000000,-4.488332,0.161567,0.027960,0.031186,0.002273
11.465060,10.039782,11.507148,20.843128,15.635289,0.000000,-4.289188,0.136792,0.012798,0.012109,-0.001330
11.263842,9.523151,12.108740,20.766111,15.630504,0.000000,-4.132279,0.103471,0.002673,0.002683,-0.004477
11.164516,9.237738,12.389116,20.729209,16.007135,0.000000,-3.977394,0.072600,-0.008261,-0.005284,-0.007670
11.480087,9.792181,11.512924,20.871168,15.620255,0.000000,-3.837075,0.029959,0.007407,-0.010518,-0.009909
11.604730,9.810463,11.224149,20.936936,15.614806,0.000000,-3.684284,-0.016924,-0.001821,-0.004393,-0.011495
11.664832,9.797641,11.194094,20.981398,15.609145,0.000000,-3.485249,-0.057154,0.002104,0.009388,-0.012589
11.724459,10.006820,10.991097,21.015102,15.603276,0.000000,-3.390756,-0.087803,0.031195,0.030851,-0.014272
11.768818,9.977058,10.780940,21.042167,15.597195,0.000000,-3.266682,-0.115517,0.007715,0.053374,-0.014957
11.788540,9.913263,10.649362,21.064771,15.590902,0.000000,-3.038241,-0.137228,0.006423,0.030428,-0.009409
11.788787,9.649901,10.546904,21.084291,15.584390,0.000000,-2.919290,-0.130999,0.038305,0.017066,-0.005170
11.761715,9.534892,11.151606,21.101712,15.577649,0.000000,-2.797432,-0.160975,0.008827,0.006834,-0.002793
11.761539,9.758742,10.886517,21.117828,15.570666,0.000000,-2.625769,-0.093945,0.035704,0.017192,-0.000822
11.747977,9.739470,10.675184,21.133428,15.563426,0.000000,-2.461830,-0.083465,0.026388,0.012226,0.000573
11.724106,9.309688,10.555411,21.149529,15.555917,0.000000,-2.260622,-0.084957,0.023210,0.008468,0.003477
11.697627,9.506241,10.607552,21.167712,15.548129,0.000000,-2.160820,-0.030072,-0.016369,0.003636,0.007185
11.671266,9.244424,10.738152,21.190444,15.540056,0.000000,-1.929409,0.007489,0.006700,-0.006621,0.011521
11.671184,9.373803,10.552722,21.220950,15.531694,0.000000,-1.892042,0.017554,0.009318,-0.016489,0.014294
11.681286,9.426833,10.389608,21.261963,15.523041,0.000000,-1.614372,0.066978,-0.023037,-0.011614,0.010069
11.700695,9.582152,10.262333,21.313876,15.514088,0.000000,-1.557714,0.051376,-0.004065,-0.004174,0.005627
11.726135,9.503360,10.120978,21.374502,15.504815,0.000000,-1.394320,0.082486,0.022864,-0.004065,0.004914
11.752453,9.347901,9.978328,21.440818,15.495182,0.000000,-1.189735,0.064817,0.015602,-0.006826,0.006960
11.778989,9.585487,9.901073,21.510504,15.485143,0.000000,-1.157905,0.079784,0.036798,-0.009813,0.006475
11.798854,9.725215,9.811317,21.582290,15.474647,0.000000,-0.900171,0.055902,0.054857,-0.010219,0.004591
11.811092,9.721814,9.704444,21.655657,15.463655,0.000000,-0.810138,0.068896,0.035699,-0.011348,0.002481
11.816602,9.588086,9.526610,21.730509,15.452127,0.000000,-0.636714,0.060143,0.045028,-0.016160,0.000806
11.815849,9.476294,9.364650,21.806955,15.440033,0.000000,-0.559615,0.042806,0.032802,-0.013110,-0.000495
11.808635,9.596405,9.366154,21.885199,15.427339,0.000000,-0.382220,0.040699,0.012942,-0.008922,-0.001966
11.793066,9.770049,9.320144,21.965485,15.414014,0.000000,-0.187140,0.013611,-0.005491,0.003328,-0.004070
11.769827,9.616112,9.215445,22.048075,15.400021,0.000000,-0.083875,0.020792,0.012515,0.019862,-0.004533
12.113651,9.375774,9.027986,22.133253,15.385321,0.000000,0.020400,-0.011728,-0.011478,0.007515,-0.002423
11.976048,9.311902,8.863507,22.221328,15.369872,0.000000,0.093240,-0.011672,-0.047637,0.001895,-0.003816
11.857888,9.494816,8.889152,22.312622,15.353649,0.000000,0.211311,-0.020993,-0.000904,-0.003509,-0.006182
12.771528,9.387433,8.944213,22.407498,15.456606,0.000000,0.430818,-0.053237,-0.005535,0.000643,-0.006604
12.699737,9.203964,9.058014,22.506493,15.690257,0.000000,0.478734,-0.017365,-0.026189,0.001552,-0.006117
12.382225,8.855107,8.937135,22.610572,15.938560,0.000000,0.553850,-0.062054,-0.014101,0.004395,-0.006060
12.776273,8.937206,8.947245,22.721409,16.204186,0.000000,0.638681,-0.071794,-0.019430,0.000713,-0.007512
12.823714,8.879945,8.922014,22.841341,16.491594,0.000000,0.714994,-0.052963,-0.005661,0.000196,-0.007425
13.614296,9.159377,8.879036,22.972504,16.805403,0.000000,0.872537,-0.075057,-0.013389,0.005241,-0.006367
12.860111,9.188094,8.720070,23.115595,17.148031,0.000000,0.878202,-0.039863,-0.015229,0.009012,-0.006117
13.406211,9.215304,8.486441,23.269831,17.519563,0.000000,0.964019,-0.048849,-0.023994,0.011750,-0.006311
13.851027,9.206110,8.316973,23.434108,17.919800,0.000000,1.003594,-0.054058,-0.050465,0.015602,-0.006362
13.755532,9.108972,8.223620,23.607698,18.349154,0.000000,1.108108,-0.035044,-0.049077,0.011920,-0.005117
13.607467,9.042644,8.120816,23.789795,18.806719,0.000000,1.183196,-0.019597,-0.042401,0.000206,-0.002698
14.571524,8.934354,8.002958,23.977969,19.284914,0.000000,1.235650,-0.018926,-0.044934,-0.008027,-0.001727
13.864309,8.874333,7.903243,24.165146,19.758775,0.000000,1.247047,-0.012737,-0.053056,-0.013445,0.000100
14.383954,8.941611,7.839518,24.334900,20.168850,0.000000,1.347433,-0.009614,-0.038257,-0.016183,0.001902
14.163837,9.131677,7.797473,24.458788,20.411543,0.000000,1.349509,0.008031,-0.038302,-0.013750,0.003060
14.224728,9.341629,7.786301,24.507604,20.380477,0.000000,1.429744,-0.002654,-0.021451,-0.011205,0.003514
14.190330,9.382433,7.702245,24.476994,20.060624,0.000000,1.439772,-0.004824,-0.018467,-0.008250,0.003938
14.506385,9.268786,7.616287,24.392243,19.545881,0.000000,1.484857,-0.006936,-0.010479,-0.007240,0.003684
14.288510,9.213715,7.668616,24.283962,18.949791,0.000000,1.536508,-0.012418,-0.011089,-0.006916,0.003031
14.527195,9.189019,7.816672,24.171772,18.345630,0.000000,1.571196,-0.021847,0.005255,-0.003929,0.003060
14.249050,9.148475,8.019682,24.064696,17.767845,0.000000,1.603870,-0.016545,0.004518,-0.001049,0.003765
14.439293,9.174629,8.213359,23.965858,17.229285,0.000000,1.625640,-0.027510,0.008192,0.002457,0.005068
14.122381,9.331792,8.410491,23.875726,16.733085,0.000000,1.631606,-0.034945,0.002348,0.006610,0.006815
14.430005,9.621226,8.734962,23.793715,16.278475,0.000000,1.639655,-0.032613,0.004390,0.011338,0.007936
13.918811,10.002857,9.189006,23.718876,15.863236,0.000000,1.600097,-0.049970,0.003726,0.012780,0.008495
13.975206,10.103549,8.788993,23.650188,15.484697,0.000000,1.705495,-0.024712,0.013662,0.009584,0.008834
13.809318,9.992492,8.695636,23.586688,15.246199,0.000000,1.701771,-0.034052,0.010722,0.005929,0.008933
14.018781,9.642808,8.695393,23.527510,15.260666,0.000000,1.657813,-0.041621,0.001316,0.004530,0.009259
13.481132,9.247863,8.689832,23.471912,15.274052,0.000000,1.669236,-0.042135,-0.008926,0.005601,0.007549
13.867731,9.502985,8.833568,23.419284,15.286474,0.000000,1.628795,-0.045592,-0.012544,0.003941,0.005903
13.456805,9.679392,8.999295,23.369152,15.298027,0.000000,1.741768,-0.021226,-0.002454,-0.000200,0.005491
13.737204,9.806836,9.207605,23.321166,15.308787,0.000000,1.703057,-0.020527,-0.002937,-0.004811,0.005084
13.530485,9.936900,9.436359,23.275072,15.318815,0.000000,1.634863,-0.023442,-0.007418,-0.008081,0.003834
13.526417,10.047515,9.531425,23.230681,15.328161,0.000000,1.632348,-0.034324,-0.020225,-0.008060,0.002227
13.318281,10.138718,9.563576,23.187852,15.336874,0.000000,1.609160,-0.020514,-0.019827,-0.006495,0.000149
13.206763,10.145494,9.558820,23.146473,15.344995,0.000000,1.580602,-0.025966,-0.031004,-0.004012,-0.000763
13.721240,9.977061,9.340071,23.106451,15.352566,0.000000,1.561125,-0.020370,-0.025960,-0.003377,-0.000781
12.984205,10.169165,9.388073,23.067708,15.359626,0.000000,1.608540,-0.019610,-0.022289,-0.001037,-0.000835
14.121510,10.325002,9.459099,23.030181,15.366211,0.000000,1.521775,-0.021800,-0.016984,0.004282,-0.001813
13.597444,10.272494,9.529137,22.993816,15.372355,0.000000,1.459966,-0.013019,-0.008818,0.012868,-0.003011
13.395173,10.248031,9.602124,22.958567,15.378087,0.000000,1.483280,-0.021473,-0.020261,0.025614,-0.004175
13.724924,10.194450,9.631437,22.924394,15.383434,0.000000,1.450464,-0.017655,-0.020882,0.029918,-0.005017
13.165927,10.189947,9.643881,22.891262,15.388420,0.000000,1.461361,0.001797,-0.014897,0.018264,-0.003776
13.849088,10.382770,9.679482,22.859141,15.393068,0.000000,1.363332,-0.021546,-0.012848,0.011508,-0.002978
13.299727,10.434917,9.836765,22.828010,15.397400,0.000000,1.333889,-0.020502,-0.001793,0.007773,-0.002053
13.286444,10.605496,9.932049,22.797862,15.401434,0.000000,1.314432,-0.009175,-0.004293,0.001819,-0.001919
13.263858,10.688924,9.925454,22.768707,15.405190,0.000000,1.215316,-0.015732,-0.006108,0.000249,-0.001292
13.379483,10.658642,9.898814,22.740586,15.408684,0.000000,1.262890,-0.026929,-0.014048,0.004090,0.000061
13.630279,10.697118,9.902421,22.713577,15.411935,0.000000,1.188762,-0.017368,-0.006634,0.005166,0.000737
12.850034,10.672618,9.945328,22.687804,15.414958,0.000000,1.112539,-0.010650,-0.000565,0.003334,0.000920
13.328173,10.591884,10.018087,22.663446,15.417768,0.000000,1.145983,-0.022336,-0.003732,0.001555,0.000978
13.020313,10.672433,10.089605,22.640734,15.420378,0.000000,1.088000,-0.019385,-0.001133,-0.000442,0.001127
13.158871,10.622391,10.162153,22.619942,15.422803,0.000000,1.020076,-0.016930,0.001512,-0.002574,0.001433
13.218982,10.559231,10.217564,22.601359,15.425053,0.000000,1.003940,-0.020490,0.001314,-0.004728,0.001941
12.906094,10.564547,10.246156,22.585242,15.427139,0.000000,0.961417,-0.019848,0.004292,-0.006431,0.002814
13.343734,10.503793,10.246448,22.571755,15.429072,0.000000,0.899658,-0.013859,0.005617,-0.006359,0.004092
13.065909,10.552498,10.210802,22.560922,15.430861,0.000000,0.860240,-0.011387,0.004078,-0.002679,0.003589
12.605661,10.757825,10.158940,22.552612,15.432514,0.000000,0.826357,-0.006382,0.007480,0.006123,0.001678
13.107627,10.612341,10.159634,22.546554,15.434038,0.000000,0.766790,-0.004526,0.010633,0.011622,0.000454
12.808069,10.672384,10.198664,22.542392,15.435440,0.000000,0.702515,0.000099,0.011404,0.012398,0.000125
12.827507,10.770862,10.280763,22.539738,15.436726,0.000000,0.689739,-0.001228,0.011436,0.006310,0.000747
12.804923,10.868187,10.365570,22.538215,15.437903,0.000000,0.664324,-0.006519,0.010842,0.004227,0.000890
12.684249,10.949497,10.302496,22.537488,15.438976,0.000000,0.594655,-0.011416,0.008983,0.003688,0.000700
12.393011,11.064368,10.103766,22.537269,15.439953,0.000000,0.540795,-0.011602,0.013149,0.003254,0.000201
12.629993,10.779818,9.926384,22.537320,15.440840,0.000000,0.544608,-0.003190,0.020219,0.002981,-0.000474
12.684044,10.712581,9.747966,22.537447,15.441644,0.000000,0.468819,-0.009268,0.026459,0.001903,-0.000775
12.649224,10.801654,9.541413,22.537491,15.442373,0.000000,0.439275,-0.006923,0.020233,0.003854,-0.000347
12.322250,11.168376,9.636623,22.537325,15.443032,0.000000,0.396083,-0.003182,0.018068,0.005027,-0.000386
12.361102,11.248664,9.690486,22.536854,15.443625,0.000000,0.340126,-0.007786,0.013049,0.007815,-0.000591
12.046344,11.122613,9.689988,22.536010,15.444154,0.000000,0.248928,-0.019300,0.012383,0.008965,-0.001090
12.192930,10.742570,9.994354,22.534742,15.444620,0.000000,0.241900,-0.008414,0.011876,0.005410,0.000078
12.408184,10.579510,10.366203,22.533009,15.445023,0.000000,0.212621,-0.004790,0.018924,0.001154,0.000412
12.091612,10.483794,11.085549,22.530763,15.445368,0.000000,0.191590,-0.008205,0.012927,-0.002567,0.000628
11.947425,10.478920,10.568705,22.527954,15.445658,0.000000,0.142648,-0.008280,0.008303,-0.004912,0.000669
12.327833,10.467890,10.384492,22.524522,15.445900,0.000000,0.109904,-0.006334,0.007736,-0.003572,0.000057
11.852877,10.429755,10.257039,22.520392,15.446101,0.000000,0.053315,-0.007311,0.010988,-0.001443,-0.000663
12.145982,10.187059,10.188434,22.515479,15.446266,0.000000,-0.018602,-0.005629,0.015575,0.001817,-0.001054
12.442015,10.005069,10.156873,22.509673,15.446400,0.000000,-0.051727,0.001988,0.019067,0.005360,-0.001230
12.191233,9.888299,10.153237,22.502838,15.446509,0.000000,-0.037849,0.000772,0.015383,0.007315,-0.001105
12.195022,9.808426,10.174077,22.494796,15.446596,0.000000,-0.101247,0.005409,0.010771,0.008162,-0.001003
11.982365,9.762250,10.218304,22.485307,15.446665,0.000000,-0.150242,0.008896,0.009401,0.008219,-0.001716
11.640025,9.829692,10.284604,22.474037,15.446718,0.000000,-0.140507,0.008081,0.007775,0.002092,-0.003058
11.480278,9.636871,10.404429,22.460498,15.446760,0.000000,-0.231098,0.013139,0.011059,-0.003875,-0.004213
11.941807,9.515906,10.499424,22.443936,15.446792,0.000000,-0.261623,0.016449,0.009002,-0.008012,-0.005303
11.334965,9.506865,10.607196,22.423098,15.446817,0.000000,-0.281802,0.016279,0.008501,-0.010909,-0.006215
11.661850,9.488643,10.865990,22.395674,15.446834,0.000000,-0.304397,0.021698,0.001747,-0.011930,-0.006761
10.857098,9.410691,11.366818,22.356712,15.446843,0.000000,-0.360736,0.025165,0.000019,-0.012926,-0.007146
11.491813,9.094934,11.704003,22.293189,16.522135,0.000000,-0.356362,0.022424,0.000885,-0.012186,-0.006612
11.058706,8.679302,12.066867,22.217063,19.316657,0.000000,-0.422044,0.029113,0.000751,-0.006011,-0.004765
11.551721,8.810653,11.393368,22.307049,15.990222,0.000000,-0.461951,0.033925,0.000837,-0.011158,-0.006855
11.520806,8.858357,10.962871,22.366679,15.446752,0.000000,-0.489564,0.035465,-0.000607,-0.010809,-0.007576
11.573714,8.843910,10.694556,22.404719,15.446685,0.000000,-0.507755,0.032714,-0.006046,-0.003737,-0.005551
11.403386,8.805779,10.506549,22.432268,15.446594,0.000000,-0.551538,0.033685,-0.009525,-0.002384,-0.005270
11.394022,8.822771,10.372109,22.453666,15.446479,0.000000,-0.577146,0.034506,-0.010207,-0.000991,-0.005106
11.408816,8.890466,10.282000,22.470997,15.446341,0.000000,-0.585394,0.040772,-0.012066,0.001344,-0.004673
11.236779,8.954526,10.227174,22.485411,15.446183,0.000000,-0.640613,0.043252,-0.015747,0.004035,-0.004179
11.596279,8.982848,10.201279,22.497614,15.446007,0.000000,-0.669753,0.045703,-0.016899,0.007102,-0.003751
11.331836,9.009308,10.205046,22.508069,15.445817,0.000000,-0.706933,0.042859,-0.016470,0.010701,-0.003487
11.188914,9.019916,10.252209,22.517100,15.445615,0.000000,-0.693940,0.046352,-0.013891,0.014133,-0.003743
11.174750,9.034549,10.365922,22.524939,15.445404,0.000000,-0.732136,0.045231,-0.014468,0.019623,-0.004317
11.219600,9.055884,10.288717,22.531766,15.445185,0.000000,-0.746561,0.042008,-0.014475,0.024581,-0.005139
11.182538,9.076356,10.013061,22.537714,15.444959,0.000000,-0.794087,0.046523,-0.016313,0.024093,-0.005047
11.185895,9.080398,9.811622,22.542893,15.444725,0.000000,-0.797306,0.055052,-0.016501,0.013940,-0.002883
11.185410,9.068073,9.669747,22.547389,15.444483,0.000000,-0.814798,0.055909,-0.014964,0.010418,-0.002295
11.183690,9.049808,9.580684,22.551274,15.444232,0.000000,-0.842962,0.045260,-0.011847,0.009505,-0.002404
11.214126,9.039582,9.539830,22.554606,15.443972,0.000000,-0.868694,0.043217,-0.009121,0.005657,-0.001429
11.181365,9.025114,9.536413,22.557435,15.443702,0.000000,-0.858002,0.048351,-0.007294,0.002380,-0.000330
11.180108,9.001047,9.558272,22.559803,15.443419,0.000000,-0.863961,0.053868,-0.006342,0.000002,0.000648
11.221692,8.964552,9.596374,22.561748,15.443122,0.000000,-0.905068,0.049567,-0.007338,-0.002148,0.001680
11.169622,8.910520,9.645190,22.563300,15.442810,0.000000,-0.930298,0.046800,-0.006442,-0.002217,0.001707
11.158802,8.839838,9.701637,22.564488,15.442481,0.000000,-0.929488,0.048804,-0.002176,-0.001863,0.001577
11.143913,8.758643,9.762875,22.565337,15.442131,0.000000,-0.916277,0.051268,0.000274,-0.002465,0.001943
11.128455,8.678258,9.819091,22.565868,15.441759,0.000000,-0.949926,0.041820,0.001578,-0.004601,0.002911
11.113745,8.636563,9.845031,22.566103,15.441361,0.000000,-0.995916,0.038274,0.001970,-0.011136,0.005361
11.100270,8.636346,9.840184,22.566059,15.440934,0.000000,-0.976085,0.041688,0.002857,-0.019544,0.007986
11.087125,8.653585,9.833112,22.565756,15.440477,0.000000,-0.941286,0.045338,0.002825,-0.018095,0.007049
11.070625,8.676407,9.833828,22.565209,15.439985,0.000000,-1.006944,0.038853,0.001647,-0.016598,0.005796
11.051028,8.694926,9.840169,22.564434,15.439454,0.000000,-0.996861,0.029749,0.001926,-0.012600,0.003723
11.029060,8.743773,9.848317,22.563449,15.438882,0.000000,-1.000146,0.026110,0.004503,-0.009166,0.002059
11.005611,8.693455,9.856101,22.562267,15.438265,0.000000,-0.960573,0.029241,0.006814,-0.010026,0.002567
10.981682,8.682379,9.863375,22.560906,15.437601,0.000000,-1.027326,0.032250,0.009367,-0.012547,0.003948
10.958322,8.658689,9.871462,22.559379,15.436890,0.000000,-1.022965,0.019853,0.007046,-0.013423,0.005045
10.936513,8.624414,9.881939,22.557704,15.436133,0.000000,-1.006692,0.019592,0.007821,-0.011215,0.005392
10.917520,10.065637,9.895326,22.555896,15.504666,0.000000,-0.981016,0.023143,0.006461,-0.008240,0.005546
10.902087,8.537155,9.911390,22.553971,15.434481,0.000000,-0.987997,0.020539,0.009398,-0.007611,0.004613
10.889892,8.500187,9.931026,22.551947,15.433589,0.000000,-1.047194,0.008053,0.011964,-0.007098,0.004311
11.081478,8.491262,9.956127,22.549841,15.432655,0.000000,-0.983904,0.007716,0.014164,-0.007096,0.004269
10.875543,8.575591,9.984857,22.547670,21.271955,0.000000,-1.064208,0.011301,0.011550,-0.007656,0.004216
10.873154,8.540042,10.011460,22.545452,15.430664,0.000000,-0.963772,0.013837,0.009830,-0.008306,0.004094
10.871765,8.556869,10.031524,22.543207,15.429609,0.000000,-1.042904,0.006151,0.011447,-0.008773,0.003935
10.870117,8.553880,10.043480,22.540953,15.428515,0.000000,-0.991050,-0.000562,0.010179,-0.009254,0.003848
10.867577,8.536722,10.048467,22.538709,15.427382,0.000000,-0.997075,-0.006619,0.009014,-0.009517,0.003706
10.863690,8.516100,10.050205,22.536496,15.426211,0.000000,-0.957278,-0.003935,0.011224,-0.009528,0.003520
10.858086,8.500595,10.052574,22.534335,15.425004,0.000000,-0.972407,-0.011049,0.014937,-0.009524,0.003373
10.850401,8.493655,10.055770,22.532249,15.423761,0.000000,-0.984205,-0.006288,0.013059,-0.009408,0.003264
10.840314,8.496278,10.056740,22.530263,15.422483,0.000000,-0.962948,-0.006025,0.010769,-0.009425,0.003211
10.827653,8.500197,10.053440,22.528406,15.421171,0.000000,-0.949848,-0.011290,0.010463,-0.009755,0.003242
10.812476,8.497853,10.047665,22.526709,15.419826,0.000000,-0.935536,-0.020299,0.012465,-0.009835,0.003215
10.795104,8.492183,10.044903,22.525207,15.418448,0.000000,-0.977347,-0.017801,0.016478,-0.009569,0.003147
10.775978,8.493479,10.050238,22.523941,15.417038,0.000000,-0.923925,-0.021863,0.019670,-0.009143,0.003092
10.755497,8.504190,10.062892,22.522956,16.401342,0.000000,-0.938181,-0.020998,0.024370,-0.008300,0.003056
10.735289,8.517134,10.077718,22.522303,15.414124,0.000000,-0.897474,-0.024058,0.017318,-0.008766,0.003174
10.714475,8.532929,10.092086,22.522039,15.412620,0.000000,-0.920957,-0.028553,0.014305,-0.010238,0.003436
10.693799,8.549887,10.110010,22.522225,15.411086,0.000000,-0.882800,-0.030174,0.012607,-0.010671,0.003603
10.674203,8.572956,10.140273,22.522924,15.409520,0.000000,-0.877323,-0.029635,0.012237,-0.011472,0.003822
10.656629,8.600439,10.185809,22.524202,15.407924,0.000000,-0.859183,-0.030555,0.015869,-0.012756,0.004195
10.641724,8.616899,10.241368,22.526122,15.406296,0.000000,-0.865009,-0.033760,0.018832,-0.006433,0.003599
10.629596,8.613492,10.302009,22.528741,18.214990,0.000000,-0.849445,-0.038552,0.016724,0.006794,0.003174
10.619790,8.592523,10.365077,22.532112,15.402948,0.000000,-0.773851,-0.047940,0.011241,0.001339,0.002480
10.630628,8.567425,10.429618,22.536273,15.401228,0.000000,-0.771654,-0.035221,0.013395,-0.000802,0.002169
10.603926,8.539670,10.496430,22.541253,15.399477,0.000000,-0.810018,-0.028380,0.012584,-0.001740,0.002004
10.596367,8.513004,10.567701,22.547064,15.397694,0.000000,-0.799296,-0.026726,0.012418,-0.001803,0.002015
10.588369,8.490770,10.644550,22.553703,15.395881,0.000000,-0.778800,-0.027952,0.012560,-0.000414,0.002295
10.579635,8.469908,10.724357,22.561149,15.394035,0.000000,-0.724914,-0.036033,0.011204,0.001022,0.002408
10.569987,8.445812,10.802360,22.569365,15.392156,0.000000,-0.730693,-0.037796,0.009401,-0.002496,0.001594
10.559334,8.428414,10.876979,22.578304,15.390245,0.000000,-0.726554,-0.034644,0.007207,-0.003285,0.001033
10.547642,8.440161,10.948379,22.587906,15.388301,0.000000,-0.724702,-0.032942,0.005741,-0.003970,-0.000334
10.534898,8.459595,11.010581,22.598108,15.386324,0.000000,-0.691583,-0.027811,0.006754,-0.004489,-0.000677
10.521117,8.478105,11.060641,22.608847,15.384313,0.000000,-0.661052,-0.022313,0.001273,-0.004992,-0.000164
10.506334,8.501664,11.099211,22.620059,15.382267,0.000000,-0.655757,-0.019528,-0.000635,-0.003901,0.000603
10.490528,8.537432,11.127959,22.631685,15.380185,0.000000,-0.636370,-0.018253,0.000526,-0.002767,0.000640
10.473467,8.588011,11.148186,22.643668,15.378067,0.000000,-0.641485,-0.021244,0.002174,-0.002182,0.000237
10.454624,8.650876,11.160350,22.655956,15.375912,0.000000,-0.579038,-0.026116,0.004111,-0.001756,-0.000353
10.433246,8.726342,11.164737,22.668499,15.373719,0.000000,-0.580284,-0.017778,0.003360,-0.001456,-0.000950
10.408424,8.815413,11.161948,22.681256,15.371488,0.000000,-0.572723,-0.016943,0.007777,-0.001283,-0.001737
10.379159,8.921140,11.153239,22.694186,15.369218,0.000000,-0.540117,-0.020656,-0.001852,-0.001497,-0.002489
10.344925,9.043528,11.143683,22.707256,15.366910,0.000000,-0.562895,-0.016850,-0.010137,-0.000706,-0.002771
10.309088,9.170095,11.087961,22.720439,15.364564,0.000000,-0.552040,-0.015926,-0.016486,0.002279,-0.002815
10.287994,9.233694,11.052113,22.733710,15.362179,0.000000,-0.520583,-0.016006,-0.011518,0.003347,-0.002937
10.295615,9.175762,11.111715,22.747048,15.359756,0.000000,-0.499296,-0.005339,-0.008654,0.004906,-0.003038
10.313994,9.062768,11.205430,22.760436,15.357295,0.000000,-0.454690,-0.006666,-0.005971,0.006192,-0.003030
10.329146,8.947278,11.288298,22.773858,15.354797,0.000000,-0.437681,-0.018440,-0.000964,0.008335,-0.003259
10.338681,8.839093,11.352664,22.787302,15.352260,0.000000,-0.440529,-0.010257,-0.007499,0.010236,-0.003598
10.343156,8.742176,11.403374,22.800756,15.349687,0.000000,-0.432921,-0.005119,-0.011705,0.012742,-0.004059
10.343523,8.674550,11.454397,22.814209,15.347077,0.000000,-0.389918,0.004308,-0.013036,0.014791,-0.004404
10.429466,8.661889,11.523783,22.827651,15.344430,0.000000,-0.383459,0.002833,-0.014442,0.014722,-0.004184
10.334831,8.701006,11.613064,22.841072,15.341748,0.000000,-0.380684,0.001803,-0.018286,0.017676,-0.004622
10.326107,8.774038,11.716907,22.854464,15.339030,0.000000,-0.371997,0.001914,-0.021036,0.025617,-0.006012
10.314480,8.872660,11.834014,22.867815,15.336278,0.000000,-0.376509,-0.005220,-0.019786,0.028186,-0.006470
10.300014,8.846551,11.825678,22.881116,15.333491,0.000000,-0.340556,-0.001013,-0.019667,0.023771,-0.005865
10.282752,8.851538,11.840055,22.894355,15.330670,0.000000,-0.307263,0.008427,-0.019081,0.022749,-0.005752
10.262691,8.866503,11.861608,22.907520,15.327817,0.000000,-0.318125,0.007054,-0.018382,0.022998,-0.005766
10.239771,8.882348,11.884308,22.920598,15.324931,0.000000,-0.290170,0.014006,-0.014479,0.023424,-0.005783
10.213865,8.896516,11.906061,22.933572,15.322013,0.000000,-0.268940,0.012803,-0.020709,0.017303,-0.004753
10.184766,8.908106,11.925554,22.946423,15.319064,0.000000,-0.238053,0.010600,-0.023692,0.012367,-0.003935
10.152170,8.916511,11.941263,22.959128,20.235750,0.000000,-0.184181,0.019470,-0.026293,0.010035,-0.003499
10.115665,8.921268,11.950718,22.971658,15.313075,0.000000,-0.249956,0.018669,-0.026488,0.008232,-0.003103
10.074755,8.921447,11.949750,22.983981,15.310037,0.000000,-0.206386,0.020059,-0.024625,0.007446,-0.002738
10.029114,8.915970,11.935140,22.996059,15.306971,0.000000,-0.189545,0.019964,-0.022380,0.007007,-0.002330
9.980001,8.958415,11.949624,23.007842,15.303878,0.000000,-0.226455,0.020599,-0.018440,0.006498,-0.001790
9.933856,9.093930,12.055051,23.019277,15.300758,0.000000,-0.163497,0.020046,-0.016870,0.006233,-0.001600
9.901503,9.148847,12.153396,23.030293,15.297614,0.000000,-0.174070,0.018216,-0.018704,0.005882,-0.001642
9.881536,9.132399,12.233966,23.040806,15.294445,0.000000,-0.162012,0.019471,-0.018485,0.004902,-0.001530
9.862333,9.094160,12.304813,23.050712,15.291253,0.000000,-0.137710,0.025840,-0.018356,0.004757,-0.001314
9.838468,9.055491,12.370865,23.059874,15.288039,0.000000,-0.141545,0.031802,-0.019361,0.006643,-0.001124
9.808871,9.021514,12.435870,23.068112,15.284804,0.000000,-0.113336,0.032386,-0.017634,0.009204,-0.001111
9.773448,8.990908,12.503327,23.075185,15.281548,0.000000,-0.117551,0.032531,-0.016046,0.013032,-0.001305
9.732024,8.959443,12.576733,23.080758,15.278272,0.000000,-0.103795,0.030822,-0.013443,0.011964,-0.001088
9.684018,8.923745,12.659887,23.084346,15.274978,0.000000,-0.070193,0.030239,-0.013031,0.008553,-0.000720
9.628171,8.880892,12.757459,23.085216,15.271666,0.000000,-0.068484,0.029737,-0.014186,0.010768,-0.001049
9.562133,8.824251,12.875719,23.082215,15.996621,0.000000,-0.055922,0.026948,-0.014542,0.007331,-0.000607
9.481729,8.729996,13.023065,23.073460,17.062636,0.000000,-0.035887,0.027781,-0.013700,0.002404,0.000236
9.380616,8.668887,13.208433,23.056191,18.446562,0.000000,-0.037331,0.029934,-0.011656,-0.000753,0.001175
9.262931,8.549079,13.383583,23.032142,20.084307,0.000000,-0.042868,0.029127,-0.011003,-0.001550,0.001948
9.229477,8.527113,13.413939,23.043794,20.412950,0.000000,-0.031673,0.028181,-0.010373,-0.002006,0.002342
9.315406,8.624542,13.210975,23.106006,18.885488,0.000000,-0.002507,0.023323,-0.010856,-0.003337,0.002028
9.395932,8.673537,12.963968,23.166162,17.436601,0.000000,0.010544,0.023410,-0.013344,-0.004196,0.001834
9.454272,8.781912,12.759865,23.217144,16.327513,0.000000,-0.000027,0.026751,-0.013953,-0.004885,0.001551
9.496867,8.871976,12.589725,23.261668,15.457704,0.000000,0.009602,0.027757,-0.011101,-0.004261,0.001499
9.528774,8.949813,12.445298,23.301843,15.499544,0.000000,0.006366,0.029194,-0.007127,-0.003411,0.001558
9.553229,9.025106,12.320500,23.338965,15.571139,0.000000,0.031494,0.028619,-0.001537,-0.002785,0.001661
9.572463,9.096871,12.209417,23.373842,15.638116,0.000000,0.045240,0.023399,-0.000558,-0.002130,0.001779
9.588164,9.158200,12.106193,23.407004,15.701442,0.000000,0.048923,0.019850,-0.000089,-0.001448,0.001909
9.601589,9.197593,12.005716,23.438809,15.761761,0.000000,0.067631,0.018915,0.000332,-0.001630,0.001738
9.613440,9.211270,11.904333,23.469510,15.819519,0.000000,0.051588,0.021280,0.000978,-0.001312,0.001625
9.623781,9.206764,11.800470,23.499290,15.875024,0.000000,0.066677,0.022747,-0.000178,-0.001216,0.001532
9.632211,9.191571,11.694691,23.528283,15.928490,0.000000,0.078989,0.022424,-0.001767,-0.002234,0.001246
9.638171,9.170169,11.588680,23.556589,15.980062,0.000000,0.074821,0.019800,-0.000559,-0.002553,0.001118
9.641172,9.158723,11.486601,23.584283,16.029823,0.000000,0.088015,0.018579,0.003227,-0.000724,0.001333
9.640859,9.207639,11.398686,23.611422,16.077813,0.000000,0.088169,0.014989,0.005368,0.000649,0.001445
9.636963,9.277855,11.314102,23.638049,16.124050,0.000000,0.102712,0.010059,0.002043,-0.000530,0.001211
9.629271,9.296754,11.210907,23.664201,16.168546,0.000000,0.116565,0.006514,0.000930,-0.002074,0.000969
9.617590,9.299033,11.102450,23.689906,16.211306,0.000000,0.109000,0.006898,0.001462,-0.002593,0.000956
9.601705,9.311872,10.998989,23.715186,16.252324,0.000000,0.108067,0.008874,0.002728,-0.002611,0.000926
9.586189,9.336108,10.901493,23.740060,16.291585,0.000000,0.106584,0.009212,0.004405,-0.001267,0.000991
9.924616,9.371150,10.809941,23.764543,16.329073,0.000000,0.110265,0.010076,0.005907,-0.000893,0.000968
9.525195,9.420121,10.723127,23.788649,16.364773,0.000000,0.127152,0.007239,0.008071,-0.000920,0.000917
9.487740,9.488483,10.637921,23.812390,16.398685,0.000000,0.135994,-0.000311,0.011716,-0.001725,0.000879
9.441896,9.583274,10.549038,23.835779,16.430817,0.000000,0.124577,-0.002258,0.010957,-0.004071,0.001001
9.384392,9.713338,10.475607,23.858827,16.461186,0.000000,0.119228,0.000224,0.010948,-0.005484,0.001091
9.628218,9.892063,10.470027,23.881545,16.489815,0.000000,0.119335,0.001884,0.012927,-0.003825,0.000873
10.713018,10.164569,10.479991,23.903944,16.903082,0.000000,0.122787,0.001878,0.014464,-0.003183,0.000746
9.381411,10.798745,10.547642,23.926032,18.655607,0.000000,0.135684,-0.001677,0.016816,-0.003789,0.000591
9.187194,10.566488,10.492124,23.947819,16.565529,0.000000,0.128487,-0.001396,0.017712,-0.004078,0.000583
9.188106,10.289666,10.436708,23.969314,16.587482,0.000000,0.126100,-0.004446,0.017909,-0.003864,0.000538
9.252500,9.989997,10.343129,23.990524,16.607845,0.000000,0.137754,-0.009396,0.018432,-0.003564,0.000464
9.290068,9.796020,10.374672,24.011458,16.626643,0.000000,0.133950,-0.012261,0.018724,-0.001231,0.000419
9.903609,9.650085,10.417339,24.032121,16.643904,0.000000,0.147065,-0.011872,0.017642,-0.001495,0.000422
9.950628,9.529810,10.443989,24.052521,16.659659,0.000000,0.150657,-0.011509,0.018575,-0.002817,0.000465
9.821999,9.425743,10.460319,24.072667,16.673953,0.000000,0.132878,-0.013047,0.020176,-0.003706,0.000508
9.831560,9.333818,10.471146,24.092564,16.686829,0.000000,0.139811,-0.014540,0.021643,-0.005781,0.000690
9.953395,9.255492,10.481960,24.112221,16.698334,0.000000,0.133688,-0.015743,0.023643,-0.006383,0.000705
10.078305,9.196682,10.499617,24.131643,16.708511,0.000000,0.142111,-0.017584,0.023939,-0.005901,0.000574
10.202877,9.164009,10.530359,24.150834,16.717396,0.000000,0.158552,-0.019144,0.023229,-0.003997,0.000398
10.082580,9.158193,10.575451,24.169798,16.725027,0.000000,0.146559,-0.019332,0.023192,-0.005163,0.000589
9.927886,9.173080,10.630836,24.188541,16.731440,0.000000,0.153035,-0.019361,0.022746,-0.001319,0.000274
9.868745,9.200251,10.691312,24.207064,16.736694,0.000000,0.145559,-0.018205,0.021929,-0.001057,0.000182
9.808838,9.226863,10.752802,24.225376,16.740879,0.000000,0.133939,-0.018487,0.021118,-0.000406,0.000021
9.882045,9.228427,10.812750,24.243480,16.744102,0.000000,0.139020,-0.018651,0.020805,0.000409,-0.000277
10.183288,9.199520,10.870470,24.261375,16.746461,0.000000,0.132412,-0.017247,0.020855,-0.000435,-0.000627
10.598792,9.161676,10.927717,24.279053,16.748016,0.000000,0.130536,-0.016703,0.019299,-0.000158,-0.000834
10.430143,9.125873,10.987451,24.296497,16.748785,0.000000,0.125375,-0.019758,0.017874,0.001756,-0.000533
10.104260,9.094233,11.051662,24.313687,16.748749,0.000000,0.127389,-0.022233,0.019757,0.002137,-0.000296
10.009024,9.066513,11.121052,24.330596,16.747860,0.000000,0.126225,-0.024142,0.022176,0.001290,-0.000313
10.090264,9.042056,11.194812,24.347197,16.746058,0.000000,0.114598,-0.023948,0.021085,0.001336,-0.000348
10.219250,9.020301,11.269323,24.363463,16.743279,0.000000,0.109543,-0.024817,0.019134,0.001492,-0.000435
10.367496,9.001095,11.335246,24.379366,16.739457,0.000000,0.131276,-0.026025,0.016938,0.001648,-0.000571
10.313014,8.985289,11.374154,24.394883,16.734531,0.000000,0.128145,-0.020035,0.014895,0.001586,-0.000774
10.124352,8.976145,11.362717,24.409987,16.728440,0.000000,0.113139,-0.020430,0.012091,0.001388,-0.000948
9.988849,8.982953,11.294781,24.424655,16.721127,0.000000,0.107719,-0.021156,0.010756,0.001323,-0.001039
9.941823,9.019778,11.196780,24.438866,16.712539,0.000000,0.102391,-0.022407,0.010888,0.001459,-0.001024
10.146927,9.078565,11.096359,24.452599,16.702630,0.000000,0.100616,-0.023119,0.012019,0.001567,-0.000930
10.431159,9.131088,11.001519,24.465837,16.691358,0.000000,0.110967,-0.025144,0.013397,0.001433,-0.000794
10.470553,9.163351,10.914933,24.478563,16.678685,0.000000,0.102098,-0.026816,0.008602,0.001130,-0.000669
10.255440,9.175408,10.838906,24.490761,16.664581,0.000000,0.096875,-0.031908,0.004649,0.000956,-0.000568
10.138034,9.171695,10.775177,24.502419,16.649017,0.000000,0.084823,-0.025693,0.004834,0.001014,-0.000477
10.282075,9.156964,10.724400,24.513527,16.631971,0.000000,0.074713,-0.018659,0.005409,0.001045,-0.000371
10.568382,9.135073,10.686038,24.524076,16.613426,0.000000,0.061858,-0.018091,0.005514,0.001083,-0.000244
10.519558,9.108967,10.658781,24.534060,16.593374,0.000000,0.070288,-0.022278,0.005413,0.001249,-0.000112
10.498562,9.080880,10.641050,24.543477,16.571813,0.000000,0.072955,-0.023298,0.005010,0.001334,-0.000014
10.476719,9.052407,10.631333,24.552326,16.548747,0.000000,0.067158,-0.022229,0.003668,0.001507,0.000096
10.411559,9.024410,10.628339,24.560608,16.524187,0.000000,0.077505,-0.021522,0.002601,0.001516,0.000183
10.589217,8.996797,10.631019,24.568329,16.498152,0.000000,0.060574,-0.021436,-0.000754,0.001130,0.000229
10.735352,8.968229,10.638525,24.575495,16.470665,0.000000,0.029447,-0.018765,-0.002773,0.000597,0.000315
10.443340,8.935965,10.650129,24.582116,16.441754,0.000000,0.054060,-0.020162,-0.003489,0.000143,0.000561
10.399619,8.897274,10.665276,24.588203,16.411454,0.000000,0.050892,-0.019920,-0.004312,-0.000495,0.000644
10.378807,8.860887,10.685601,24.593769,16.379804,0.000000,0.030775,-0.018064,-0.004833,-0.001296,0.000674
10.316175,8.859418,10.717446,24.598830,16.346848,0.000000,0.068021,-0.023263,-0.005171,-0.002099,0.000708
10.548313,8.874476,10.756587,24.603405,16.312636,0.000000,0.021964,-0.022413,-0.004518,-0.002845,0.000716
10.439703,8.883329,10.797943,24.607511,16.277220,0.000000,0.014291,-0.022128,-0.002940,-0.003807,0.000551
10.385158,8.886389,10.841230,24.611170,16.240652,0.000000,0.033845,-0.025315,-0.001765,-0.003947,0.000610
10.589317,8.887205,10.886892,24.614402,16.202990,0.000000,0.033718,-0.024802,0.000632,-0.003756,0.000776
10.807547,8.888502,10.935377,24.617229,16.164287,0.000000,0.004206,-0.017509,0.001052,-0.003705,0.000900
10.735432,8.891878,10.987133,24.619675,16.124602,0.000000,0.022648,-0.015920,0.000141,-0.003358,0.000889
11.068335,8.898000,11.042670,24.621762,16.083990,0.000000,0.006172,-0.014905,-0.003437,-0.002289,0.000938
10.359735,8.906834,11.102606,24.623515,16.042511,0.000000,-0.004420,-0.015673,-0.004116,-0.000320,0.000532
10.048179,8.917847,11.167698,24.624959,16.000220,0.000000,-0.006360,-0.018323,-0.003174,0.001446,0.000346
10.076211,8.930186,11.238883,24.626119,15.957173,0.000000,-0.007323,-0.018095,-0.001525,0.003034,0.000209
10.365872,8.942833,11.317361,24.627018,15.913422,0.000000,-0.029893,-0.020834,0.000600,0.004323,0.000120
10.783147,8.954730,11.404783,24.627682,15.869021,0.000000,-0.043104,-0.023434,0.001687,0.005683,-0.000001
11.301035,8.964751,11.503662,24.628135,15.824015,0.000000,0.011308,-0.021982,-0.000491,0.007824,-0.000129
10.325354,8.971517,11.618401,24.628399,15.778453,0.000000,0.008728,-0.019737,0.001814,0.010056,-0.000314
9.754992,8.996804,11.758544,24.628498,15.732374,0.000000,-0.023978,-0.017732,0.003249,0.012119,-0.000586
9.688212,9.056732,11.903176,24.628454,15.685819,0.000000,0.003289,-0.017571,0.001521,0.010826,-0.000508
10.163071,9.042145,12.016499,24.628286,15.638823,0.000000,-0.023606,-0.014086,0.001915,0.009918,-0.000250
10.568922,9.052654,12.174141,24.628016,15.591418,0.000000,-0.035038,-0.011768,0.002682,0.010198,-0.000152
10.554238,9.076597,12.370874,24.627662,15.543635,0.000000,-0.019238,-0.011302,0.002562,0.013383,-0.000960
9.682706,9.104154,12.578730,24.627247,15.495502,0.000000,-0.025238,-0.008348,0.001309,0.013973,-0.001424
9.772844,9.110365,12.672936,24.626789,15.447042,0.000000,-0.036803,-0.007666,0.001747,0.010126,-0.000637
10.186824,9.074844,12.546372,24.626309,15.398275,0.000000,-0.007914,-0.005904,0.002811,0.009063,-0.000403
10.633476,9.023100,12.336515,24.625826,19.612724,0.000000,-0.020305,-0.011640,0.004990,0.017442,-0.001531
10.616054,8.974514,12.144534,24.625356,15.299881,0.000000,-0.017578,-0.014405,0.007013,0.014826,-0.001145
10.055012,8.932844,11.985572,24.624919,15.250275,0.000000,-0.015537,-0.022390,0.007964,0.005600,0.000073
9.749333,8.902312,11.855150,24.624531,15.200402,0.000000,-0.032103,-0.016275,0.006027,-0.002017,0.001367
9.957484,8.902914,11.747716,24.624209,18.498217,0.000000,-0.065977,-0.010424,0.005047,-0.007901,0.002342
10.091814,8.906449,11.659409,24.623968,15.133250,0.000000,-0.082832,-0.006391,0.005093,-0.010604,0.002432
10.077977,8.915272,11.588234,24.623818,15.134471,0.000000,-0.061806,-0.002068,0.005532,-0.015630,0.004321
10.355882,8.932954,11.534341,24.623770,15.135680,0.000000,-0.050116,-0.002297,0.005683,0.000303,0.000482
10.157242,8.965909,11.502156,24.623832,15.136875,0.000000,-0.037769,0.000381,0.005330,-0.001396,0.000652
10.021508,9.023077,11.499943,24.624012,15.138055,0.000000,-0.061930,-0.004756,0.005062,-0.010943,0.002344
9.970463,8.980043,11.411338,24.624320,15.139221,0.000000,-0.045451,-0.007480,0.005503,-0.010981,0.000820
9.491294,8.944101,11.336696,24.624764,15.714244,0.000000,-0.079092,-0.011408,0.006887,-0.010673,0.000148
9.887197,8.921384,11.281711,24.625350,15.141504,0.000000,-0.075004,-0.010263,0.009599,-0.010759,-0.000512
10.783421,8.902882,11.237733,24.626083,15.142621,0.000000,-0.086900,-0.005873,0.009716,-0.011384,-0.001427
10.536461,8.885481,11.201016,24.626965,15.143722,0.000000,-0.068243,-0.003726,0.008163,-0.011574,-0.001312
9.796990,8.868517,11.169289,24.627999,15.144807,0.000000,-0.068912,-0.000221,0.005423,-0.010418,-0.000297
10.079386,8.852445,11.140765,24.629185,15.145876,0.000000,-0.064133,0.002414,0.006009,-0.014892,-0.003142
9.721290,8.838120,11.113772,24.630520,15.146929,0.000000,-0.083721,0.001381,0.004885,-0.010282,-0.002408
10.063350,8.827061,11.086679,24.632004,15.147967,0.000000,-0.095899,-0.001724,0.005205,-0.010554,-0.001232
10.696523,8.822243,11.058039,24.633632,15.148990,0.000000,-0.114179,-0.004480,0.005649,-0.010334,0.000622
10.333444,8.824363,11.026880,24.635401,15.149999,0.000000,-0.102310,-0.005978,0.005432,-0.011359,0.001204
9.919701,8.831720,10.993013,24.637311,15.150993,0.000000,-0.093102,-0.007709,0.005247,-0.010244,0.000316
9.830732,8.844402,10.957149,24.639364,15.151973,0.000000,-0.101427,-0.006788,0.006015,-0.009818,0.000040
10.171977,8.863634,10.920757,24.641563,15.152938,0.000000,-0.097220,-0.004898,0.008276,-0.010173,-0.001299
10.066632,8.890465,10.885485,24.643918,15.153888,0.000000,-0.097697,-0.001393,0.007984,-0.012668,-0.002655
10.587213,8.919945,10.850724,24.646435,15.154823,0.000000,-0.105669,-0.000349,0.005559,-0.005509,-0.001520
10.383982,8.926632,10.808040,24.649124,15.155741,0.000000,-0.134048,-0.000657,0.004849,-0.003151,-0.001362
9.449940,8.903590,10.756097,24.651990,15.156643,0.000000,-0.119778,-0.002764,0.004035,-0.001231,-0.001308
9.351404,8.876389,10.706023,24.655035,15.157528,0.000000,-0.110173,-0.001311,0.003263,0.000595,-0.001313
9.848079,8.851458,10.661403,24.658262,15.158398,0.000000,-0.145502,-0.000725,0.002930,0.000008,-0.001477
10.345621,8.827831,10.622126,24.661667,15.159251,0.000000,-0.103727,-0.002538,0.002651,0.000224,-0.001483
10.515536,8.809836,10.587528,24.665247,15.160089,0.000000,-0.116650,-0.004007,0.002482,-0.000430,-0.001410
10.651317,8.798681,10.557004,24.668994,20.627463,0.000000,-0.114837,-0.004109,0.002619,-0.002997,-0.001361
9.901493,8.789806,10.530119,24.672904,15.161723,0.000000,-0.139195,-0.002709,0.002926,-0.004941,-0.002153
9.784873,8.783410,10.506616,24.676968,15.162519,0.000000,-0.127377,-0.002733,0.003943,-0.005003,-0.002327
9.810188,8.779491,10.486383,24.681181,15.163303,0.000000,-0.138355,-0.002848,0.004571,-0.003996,-0.002202
9.943106,8.777956,10.469439,24.685539,15.164073,0.000000,-0.154969,-0.001657,0.004404,-0.002342,-0.001934
10.268109,8.778798,10.455916,24.690037,15.164832,0.000000,-0.144118,-0.003586,0.003723,-0.000392,-0.001624
10.472312,8.782145,10.446048,24.694674,15.165578,0.000000,-0.142225,-0.001309,0.002120,-0.000616,-0.001815
10.479194,8.788137,10.440151,24.699448,15.166312,0.000000,-0.125964,0.000588,0.001234,0.001165,-0.001623
9.781788,8.796349,10.438572,24.704359,15.167034,0.000000,-0.149557,0.001365,0.000700,0.006275,-0.002648
9.147132,8.804103,10.441555,24.709407,15.167743,0.000000,-0.151544,-0.000863,0.000760,0.007403,-0.001766
9.407445,8.803493,10.449054,24.714591,15.168440,0.000000,-0.139678,-0.004843,0.000872,0.005855,-0.002172
10.065476,8.785874,10.461095,24.719910,15.169125,0.000000,-0.150068,-0.002165,0.000985,0.005547,-0.001994
10.419619,8.751527,10.478738,24.725359,15.169798,0.000000,-0.144437,-0.001733,0.001225,0.008144,-0.003102
9.837509,8.700961,10.503053,24.730937,15.170458,0.000000,-0.144614,-0.001799,0.000914,0.007780,-0.002155
9.094565,8.643230,10.533096,24.736640,17.016689,0.000000,-0.150708,-0.001847,0.000760,0.007719,-0.001002
9.517937,8.585779,10.565484,24.742462,15.171743,0.000000,-0.150861,-0.002598,0.001348,0.008914,0.001289
10.198957,8.533696,10.594552,24.748396,15.172367,0.000000,-0.148683,-0.000055,0.000909,0.007935,0.001461
10.380613,8.491342,10.612995,24.754430,15.172981,0.000000,-0.140896,0.001346,0.000198,0.008959,0.004131
9.927135,8.462500,10.614119,24.760540,15.173585,0.000000,-0.171379,0.001319,0.000109,0.005150,-0.000131
9.592911,8.448071,10.596715,24.766703,15.174179,0.000000,-0.148037,0.000607,0.000316,0.002806,-0.002085
9.919258,8.445213,10.566875,24.772893,15.174766,0.000000,-0.145474,-0.001346,0.000199,0.004902,-0.002149
10.215570,8.450029,10.532780,24.779086,15.175345,0.000000,-0.143503,-0.001354,-0.000092,0.006354,-0.000757
9.892262,8.460023,10.500046,24.785264,16.084876,0.000000,-0.173360,-0.000762,-0.000289,0.006092,0.001069
9.378562,8.474517,10.471265,24.791405,15.176482,0.000000,-0.153277,0.000426,-0.000622,0.005926,0.001434
10.082347,8.493379,10.447170,24.797490,15.177040,0.000000,-0.131573,0.000001,-0.000689,0.005652,0.000890
10.147758,8.515009,10.427626,24.803497,15.177592,0.000000,-0.152606,-0.001384,-0.000482,0.005725,-0.000376
9.994275,8.536483,10.412210,24.809401,15.178137,0.000000,-0.169799,-0.001450,-0.000091,0.005485,0.000507
9.541867,8.551781,10.400703,24.815181,15.178676,0.000000,-0.146567,0.000337,-0.000338,0.005647,-0.000650
9.196432,8.549715,10.393530,24.820812,15.179209,0.000000,-0.133370,0.000671,-0.000783,0.005539,-0.000447
9.747756,8.528537,10.390325,24.826274,15.179735,0.000000,-0.147050,0.001035,-0.001139,0.005227,0.000749
10.389188,8.500329,10.389448,24.831544,15.180254,0.000000,-0.157042,0.000001,-0.001419,0.005090,0.002627
10.316058,8.471552,10.390151,24.836603,15.180766,0.000000,-0.155180,0.000042,-0.001608,0.005195,0.003787
9.696390,8.444124,10.392689,24.841428,15.181270,0.000000,-0.126847,0.001273,-0.001851,0.005161,0.004375
9.594523,8.419598,10.398350,24.845997,15.181766,0.000000,-0.142982,0.001782,-0.001945,0.004786,0.004259
9.454600,8.400630,10.409451,24.850284,15.182253,0.000000,-0.146077,0.000317,-0.002043,0.004499,0.004260
9.470353,8.379409,10.418135,24.854266,15.182731,0.000000,-0.145972,-0.000494,-0.002173,0.004408,0.004723
9.676287,8.316721,10.386737,24.857914,15.183200,0.000000,-0.144755,0.000208,-0.002368,0.004165,0.004812
9.828234,8.248292,10.347264,24.861203,15.183661,0.000000,-0.132932,0.000715,-0.002108,0.004363,0.005849
10.315702,8.192623,10.315880,24.864105,15.184111,0.000000,-0.134454,0.000155,-0.002068,0.002229,0.004672
9.985493,8.147182,10.291280,24.866594,15.184552,0.000000,-0.152088,-0.001018,-0.001917,0.001436,0.004048
9.549942,8.108061,10.272428,24.868641,15.184984,0.000000,-0.138143,0.001704,-0.002624,0.005252,0.008944
9.069217,8.072265,10.259106,24.870217,15.185406,0.000000,-0.137273,0.001621,-0.002867,0.007735,0.012786
9.283728,8.037418,10.251717,24.871293,15.185819,0.000000,-0.126196,0.000827,-0.002574,0.002754,0.004917
11.153973,7.999771,10.251515,24.871845,15.571216,0.000000,-0.134706,0.000532,-0.002301,0.002347,0.002584
10.334023,7.935685,10.262927,24.871849,15.186619,0.000000,-0.134468,0.001917,-0.002578,0.002049,0.002907
9.888232,7.844178,10.290491,24.871289,15.187006,0.000000,-0.127128,0.001858,-0.002817,0.001718,0.003692
8.977912,7.709533,10.346040,24.870156,15.187384,0.000000,-0.123945,0.001259,-0.003053,0.002045,0.006336
9.128255,7.580449,10.402489,24.868445,15.187754,0.000000,-0.128703,0.000751,-0.003056,0.003839,0.010130
9.887860,7.747290,10.299791,24.866157,15.188114,0.000000,-0.129259,0.001218,-0.003027,0.003660,0.010191
10.335209,7.886615,10.216459,24.863296,15.188465,0.000000,-0.120220,0.002058,-0.003072,0.002710,0.008901
9.972629,7.985884,10.159262,24.859871,15.188806,0.000000,-0.114109,0.002417,-0.002831,0.000770,0.002143
9.322695,8.064676,10.117505,24.855895,15.189137,0.000000,-0.124042,0.002380,-0.002664,0.001109,0.001669
9.324852,8.132971,10.087088,24.851392,15.189457,0.000000,-0.124307,0.002364,-0.002585,-0.001229,0.003332
9.457435,8.196647,10.066558,24.846388,15.189765,0.000000,-0.110035,0.002458,-0.002459,-0.005468,0.001255
9.935512,8.255804,10.053944,24.840919,15.190060,0.000000,-0.114288,0.002700,-0.002431,-0.005980,-0.000325
9.786504,8.280238,10.036161,24.835017,15.190340,0.000000,-0.121335,0.002624,-0.002592,-0.005962,-0.000850
10.056340,8.255142,10.006697,24.828712,15.190604,0.000000,-0.112761,0.002325,-0.002680,-0.005533,-0.001154
9.853231,8.223848,9.981842,24.822033,20.247294,0.000000,-0.107079,0.002634,-0.002650,-0.004240,-0.001381
9.356494,8.194655,9.965110,24.815003,15.191088,0.000000,-0.106017,0.002811,-0.002673,-0.001881,-0.000847
9.125090,8.164259,9.955767,24.807650,21.030285,0.000000,-0.112871,0.002391,-0.002823,0.010662,0.020595
8.963905,8.150407,9.953356,24.800000,17.969916,0.000000,-0.112412,0.002825,-0.002589,0.000476,0.006456
9.456903,8.131789,9.955925,24.792078,15.191710,0.000000,-0.101783,0.003398,-0.002401,-0.000304,0.005855
10.845775,8.110962,9.961602,24.783912,15.191893,0.000000,-0.100287,0.003344,-0.002313,-0.000408,0.006053
9.928160,8.089389,9.967890,24.775531,15.192065,0.000000,-0.107707,0.003151,-0.002290,-0.001773,0.005007
9.407201,8.068390,9.972198,24.766962,15.192226,0.000000,-0.095990,0.003640,-0.002260,-0.002083,0.005049
9.406078,8.066134,9.985706,24.743313,15.191895,0.000000,-0.095924,0.003609,-0.002249,-0.005181,-0.002791
9.406485,8.062727,9.999705,24.720756,15.191574,0.000000,-0.095875,0.003597,-0.002143,-0.002786,-0.003157
9.408430,8.058219,10.014325,24.699205,15.191260,0.000000,-0.095786,0.003563,-0.002044,0.001404,-0.002921
9.412272,8.052630,10.029721,24.678587,15.190950,0.000000,-0.095735,0.003564,-0.002069,0.000467,-0.002902
9.418938,8.045953,10.046074,24.658834,15.190642,0.000000,-0.095755,0.003590,-0.002090,-0.000360,-0.002799
9.431184,8.038156,10.063605,24.639882,15.190337,0.000000,-0.095749,0.003601,-0.002095,-0.000785,-0.002668
9.468395,8.029181,10.082575,24.621675,15.190035,0.000000,-0.095678,0.003567,-0.002091,-0.000642,-0.002574
9.526390,8.018938,10.103304,24.604158,16.154692,0.000000,-0.095554,0.003475,-0.002119,0.000291,-0.002181
9.677385,8.007297,10.126187,24.587279,19.021937,0.000000,-0.095140,0.003445,-0.002081,0.001065,0.004604
9.783549,7.994070,10.151719,24.570991,20.722984,0.000000,-0.094910,0.003438,-0.001982,-0.003233,0.003868
9.559578,7.978995,10.180527,24.555252,17.015476,0.000000,-0.095714,0.003436,-0.001962,-0.003220,0.003937
9.446689,7.961709,10.213424,24.540022,15.188619,0.000000,-0.096245,0.003414,-0.002036,0.002801,0.008002
9.382616,7.941718,10.251471,24.525266,15.188365,0.000000,-0.096619,0.003411,-0.002014,-0.000430,-0.000749
9.329988,7.918359,10.296054,24.510953,15.188122,0.000000,-0.096928,0.003408,-0.001979,-0.000051,-0.002374
9.283267,7.890784,10.348935,24.497054,15.187892,0.000000,-0.097217,0.003404,-0.001957,0.000052,-0.002139
9.239823,7.858068,10.412008,24.483543,15.187674,0.000000,-0.097510,0.003401,-0.001937,0.000077,-0.001784
9.198274,7.820032,10.485590,24.470393,15.187470,0.000000,-0.097808,0.003397,-0.001920,-0.000012,-0.001147
9.158350,7.780937,10.560625,24.457583,15.187281,0.000000,-0.098069,0.003392,-0.001894,0.000786,-0.002213
9.122161,7.757951,10.600872,24.445091,15.187107,0.000000,-0.098330,0.003377,-0.001892,0.000874,-0.002079
9.092190,7.768134,10.570312,24.432896,15.186951,0.000000,-0.098533,0.003378,-0.001873,-0.000998,0.004028
9.065841,7.795756,10.501984,24.420979,15.186813,0.000000,-0.098642,0.003396,-0.001781,-0.001983,0.002756
9.040213,7.822431,10.434539,24.409323,15.186696,0.000000,-0.098554,0.003467,-0.001718,-0.002160,0.000819
9.014409,7.843074,10.378633,24.397912,15.186601,0.000000,-0.098666,0.003454,-0.001685,-0.001671,0.000309
8.988314,7.857546,10.334553,24.386731,15.186528,0.000000,-0.098875,0.003403,-0.001687,-0.002259,0.000164
8.962082,7.866616,10.300709,24.375767,15.186475,0.000000,-0.099008,0.003355,-0.001749,-0.000816,-0.000377
8.935749,7.871066,10.275529,24.365009,15.186442,0.000000,-0.099044,0.003468,-0.001590,-0.000418,-0.000912
8.919385,7.871554,10.257743,24.354445,15.186427,0.000000,-0.099143,0.003470,-0.001580,-0.000633,-0.001355
8.920766,7.868632,10.246340,24.344065,15.186428,0.000000,-0.099263,0.003358,-0.001711,-0.001917,-0.003426
8.922155,7.862769,10.240499,24.333860,15.186440,0.000000,-0.099296,0.003380,-0.001601,0.000914,-0.000673
8.923575,7.854379,10.239531,24.323821,15.186460,0.000000,-0.099417,0.003423,-0.001568,0.000237,0.000013
8.925026,7.843837,10.242844,24.313939,15.186485,0.000000,-0.099601,0.003417,-0.001556,-0.000390,0.000178
8.926495,7.831494,10.249919,24.304208,15.186513,0.000000,-0.099731,0.003322,-0.001588,-0.000169,-0.000526
8.927958,7.817674,10.260291,24.294621,15.186544,0.000000,-0.099761,0.003301,-0.001601,-0.001111,-0.000630
8.929386,7.802680,10.273542,24.285173,15.186576,0.000000,-0.099885,0.003223,-0.001570,-0.011934,-0.004200
8.930746,7.786776,10.289294,24.275858,15.186609,0.000000,-0.099945,0.003246,-0.001544,-0.008670,-0.003224
8.932007,7.770188,10.307205,24.266672,15.186641,0.000000,-0.099979,0.003279,-0.001523,-0.002715,-0.001922
8.933138,7.753100,10.326973,24.257607,15.186670,0.000000,-0.100017,0.003257,-0.001545,0.000243,-0.001321
8.934110,7.735658,10.348332,24.248656,15.186696,0.000000,-0.100006,0.003327,-0.001456,-0.001545,0.000566
8.934897,7.717979,10.371053,24.239813,15.186715,0.000000,-0.100052,0.003331,-0.001422,-0.002451,0.001089
8.935476,7.700154,10.394939,24.231072,15.186727,0.000000,-0.100122,0.003303,-0.001423,-0.002135,0.001133
8.935828,7.682252,10.419818,24.222429,15.186731,0.000000,-0.100173,0.003281,-0.001432,-0.001280,0.001213
8.935940,7.664324,10.445541,24.213880,15.186727,0.000000,-0.100215,0.003259,-0.001456,-0.000251,0.001920
8.935799,7.646406,10.471976,24.205423,15.186714,0.000000,-0.100255,0.003250,-0.001455,-0.000520,-0.000981
8.935400,7.628522,10.499007,24.197056,15.186693,0.000000,-0.100294,0.003248,-0.001438,-0.000272,-0.002125
8.934736,7.610685,10.526532,24.188777,15.186664,0.000000,-0.100334,0.003244,-0.001423,-0.000520,-0.001421
8.933803,7.592904,10.554462,24.180583,15.186627,0.000000,-0.100374,0.003239,-0.001409,-0.001240,0.004513
8.932600,7.575181,10.582720,24.172473,15.186582,0.000000,-0.100417,0.003252,-0.001367,-0.000826,-0.002805
8.931124,7.557516,10.611235,24.164445,15.186530,0.000000,-0.100455,0.003257,-0.001339,-0.001002,-0.002639
8.929376,7.539907,10.639950,24.156496,15.186469,0.000000,-0.100498,0.003241,-0.001343,-0.000314,-0.004271
8.927354,7.522351,10.668813,24.148623,15.186400,0.000000,-0.100534,0.003225,-0.001344,-0.000838,-0.000982
8.925057,7.504841,10.697780,24.140824,15.186323,0.000000,-0.100569,0.003228,-0.001311,-0.000067,0.002676
8.922484,7.487372,10.726814,24.133095,15.186238,0.000000,-0.100615,0.003231,-0.001291,0.000069,0.003023
8.919637,7.469936,10.755879,24.125433,15.186144,0.000000,-0.100656,0.003234,-0.001273,0.000184,0.003318
8.916517,7.452523,10.784944,24.117836,15.186041,0.000000,-0.100694,0.003226,-0.001268,0.000512,0.003826
8.913129,7.435126,10.813979,24.110303,15.185929,0.000000,-0.100729,0.003217,-0.001264,0.000160,0.004007
8.909478,7.417735,10.842955,24.102831,15.185809,0.000000,-0.100760,0.003210,-0.001253,-0.001113,-0.000630
8.905569,7.400344,10.871845,24.095421,15.185680,0.000000,-0.100793,0.003207,-0.001237,-0.000447,-0.002321
8.901410,7.382946,10.900623,24.088071,15.185543,0.000000,-0.100823,0.003219,-0.001196,-0.000381,-0.003737
8.897006,7.365536,10.929263,24.080781,15.185398,0.000000,-0.100851,0.003234,-0.001161,-0.000513,-0.002601
8.892363,7.348107,10.957742,24.073549,15.185245,0.000000,-0.100884,0.003237,-0.001144,-0.000514,-0.002425
8.887485,7.330651,10.986042,24.066372,15.185084,0.000000,-0.100923,0.003215,-0.001153,-0.000348,-0.003160
8.882374,7.313161,11.014149,24.059248,15.184914,0.000000,-0.100956,0.003193,-0.001162,-0.000000,-0.005599
8.877029,7.295627,11.042054,24.052174,15.186937,0.000000,-0.100985,0.003195,-0.001136,-0.000262,-0.003398
8.871451,7.278042,11.069756,24.045146,15.227907,0.000000,-0.101024,0.003182,-0.001131,-0.000175,-0.003880
8.865636,7.260394,11.097258,24.038160,15.269386,0.000000,-0.101047,0.003188,-0.001107,-0.000879,0.002740
8.859583,7.242678,11.124568,24.031212,15.311422,0.000000,-0.101061,0.003208,-0.001068,0.000442,0.004240
8.853290,7.224884,11.151699,24.024297,15.354063,0.000000,-0.101110,0.003187,-0.001080,0.000665,0.004469
8.846753,7.207006,11.178660,24.017412,15.397350,0.000000,-0.101141,0.003189,-0.001070,0.001727,0.006175
8.839971,7.189038,11.205461,24.010555,15.441321,0.000000,-0.101155,0.003213,-0.001029,-0.001343,0.002955
8.832946,7.170975,11.232106,24.003722,15.486010,0.000000,-0.101195,0.003195,-0.001028,-0.001110,0.003506
8.825676,7.152813,11.258597,23.996912,15.531448,0.000000,-0.101239,0.003173,-0.001034,0.000707,0.005657
8.818163,7.134546,11.284925,23.990123,15.577667,0.000000,-0.101278,0.003158,-0.001036,0.002377,0.007599
8.810411,7.116171,11.311080,23.983352,15.624700,0.000000,-0.101308,0.003161,-0.001010,0.001428,0.005615
8.802421,7.097685,11.337047,23.976600,15.672577,0.000000,-0.101334,0.003167,-0.000989,-0.000894,-0.000013
8.794197,7.079084,11.362808,23.969865,15.721335,0.000000,-0.101365,0.003161,-0.000984,0.000068,-0.006662
8.785742,7.060366,11.388348,23.963145,15.771007,0.000000,-0.101392,0.003158,-0.000969,0.000085,-0.006690
8.777059,7.041528,11.413648,23.956441,15.821626,0.000000,-0.101418,0.003159,-0.000948,-0.000894,0.000586
8.768153,7.022570,11.438694,23.949751,15.873219,0.000000,-0.101443,0.003157,-0.000931,-0.000446,0.002352
8.759030,7.003493,11.463467,23.943077,15.925811,0.000000,-0.101467,0.003152,-0.000923,-0.000048,-0.005580
8.749695,6.984301,11.487951,23.936419,15.979421,0.000000,-0.101489,0.003149,-0.000892,-0.000361,-0.003464
8.740158,6.964999,11.512124,23.929782,16.034056,0.000000,-0.101507,0.003147,-0.000871,-0.000511,-0.002790
8.730429,6.945602,11.535964,23.923169,16.089705,0.000000,-0.101520,0.003147,-0.000875,-0.000366,-0.002555
8.720522,6.926126,11.559444,23.916589,16.146337,0.000000,-0.101529,0.003147,-0.000851,-0.000369,-0.002853
8.710459,6.906599,11.582530,23.910053,16.203889,0.000000,-0.101533,0.003148,-0.000833,-0.000438,-0.002388
8.700266,6.890197,11.605178,23.903578,16.262269,0.000000,-0.101538,0.003138,-0.000837,-0.001064,0.001681
8.689974,6.878593,11.627334,23.897184,16.321340,0.000000,-0.101539,0.003141,-0.000797,-0.000213,0.002871
8.679629,6.867006,11.648932,23.890898,16.380922,0.000000,-0.101540,0.003156,-0.000754,-0.001316,0.001542
8.669280,6.855483,11.669888,23.884757,16.440786,0.000000,-0.101556,0.003160,-0.000744,-0.001107,0.001401
8.658990,6.844087,11.690108,23.878802,16.500656,0.000000,-0.101615,0.003130,-0.000773,-0.000347,-0.002943
8.648835,6.832892,11.709476,23.873085,16.560193,0.000000,-0.101708,0.003190,-0.000694,-0.001385,-0.000634
8.638906,6.821995,11.727851,23.867670,16.618964,0.000000,-0.101833,0.003153,-0.000714,-0.000867,-0.000918
8.674433,6.811514,11.745054,23.862640,16.676421,0.000000,-0.101985,0.003120,-0.000739,-0.001130,0.002588
8.712697,6.801594,11.760874,23.858090,16.731897,0.000000,-0.102123,0.003126,-0.000710,-0.000223,0.001790
8.750571,6.792400,11.775068,23.854130,16.784625,0.000000,-0.102255,0.003127,-0.000693,-0.000316,0.001379
8.788028,6.784112,11.787377,23.850882,16.833773,0.000000,-0.102388,0.003121,-0.000685,-0.000361,0.001069
8.825634,6.776918,11.797529,23.848469,16.878469,0.000000,-0.102512,0.003117,-0.000674,-0.000441,0.000821
8.866604,6.771003,11.805264,23.847015,16.917863,0.000000,-0.102617,0.003121,-0.000649,-0.000451,0.000512
8.907858,6.766532,11.810346,23.846631,16.951183,0.000000,-0.102708,0.003120,-0.000633,-0.000511,0.000199
8.949815,6.763639,11.812595,23.847406,16.977812,0.000000,-0.102780,0.003106,-0.000638,-0.000709,-0.000459
8.992843,6.762408,11.811898,23.849397,16.997352,0.000000,-0.102799,0.003104,-0.000623,-0.000668,-0.000557
9.037339,6.762865,11.808231,23.852622,17.009668,0.000000,-0.102720,0.003158,-0.000543,-0.001511,0.000047
9.083946,6.764975,11.801659,23.857059,17.014912,0.000000,-0.102657,0.003165,-0.000514,-0.001856,0.000072
9.133835,6.768642,11.792343,23.862647,17.013518,0.000000,-0.102583,0.003122,-0.000524,-0.001480,-0.000458
9.188494,6.773720,11.780522,23.869290,17.006160,0.000000,-0.102424,0.003090,-0.000584,-0.000301,-0.007978
9.248968,6.780031,11.766484,23.876873,16.993670,0.000000,-0.102216,0.003132,-0.000513,-0.001176,-0.000014
9.315931,6.787384,11.750538,23.885273,16.976941,0.000000,-0.102044,0.003135,-0.000483,-0.001756,0.000158
9.390888,6.795592,11.732984,23.894367,16.956849,0.000000,-0.101865,0.003112,-0.000482,-0.001453,0.000509
9.477189,6.804478,11.714101,23.904042,16.934208,0.000000,-0.101659,0.003099,-0.000474,-0.001249,0.000852
9.580395,6.813887,11.694136,23.914196,16.909743,0.000000,-0.101431,0.003090,-0.000467,-0.001006,0.001262
9.708654,6.823678,11.673304,23.924737,16.884083,0.000000,-0.101167,0.003082,-0.000465,-0.000510,0.001731
9.871143,6.833734,11.651788,23.935592,16.857759,0.000000,-0.100863,0.003077,-0.000451,-0.000472,0.002154
10.046562,6.843954,11.629741,23.946695,17.519776,0.000000,-0.100541,0.003071,-0.000448,-0.000119,0.002513
10.057544,6.854255,11.607287,23.957994,17.641061,0.000000,-0.100433,0.003068,-0.000442,-0.000626,0.002214
9.883453,6.872798,11.584527,23.969448,16.778782,0.000000,-0.100566,0.003066,-0.000430,-0.001196,0.000647
9.714145,6.891888,11.561542,23.981022,16.753403,0.000000,-0.100697,0.003063,-0.000405,-0.000498,-0.002504
9.579654,6.910896,11.538400,23.992691,16.728827,0.000000,-0.100783,0.003061,-0.000395,-0.000454,-0.002959
9.471159,6.929763,11.515155,24.004433,16.705194,0.000000,-0.100836,0.003060,-0.000387,-0.001223,-0.000446
9.380615,6.948440,11.491854,24.016232,16.682614,0.000000,-0.100867,0.003057,-0.000370,-0.000617,0.002385
9.302786,6.966892,11.468536,24.028076,16.661169,0.000000,-0.100883,0.003055,-0.000356,-0.000503,0.002744
9.234277,6.985089,11.445230,24.039956,16.640916,0.000000,-0.100889,0.003053,-0.000342,-0.000379,0.003085
9.172840,7.003010,11.421958,24.051868,16.621891,0.000000,-0.100887,0.003052,-0.000330,-0.001174,0.001420
9.118268,7.020641,11.398737,24.063807,16.604114,0.000000,-0.100881,0.003050,-0.000314,-0.000498,-0.003340
9.068984,7.037971,11.375581,24.075772,16.587591,0.000000,-0.100867,0.003048,-0.000299,-0.000371,-0.004416
9.023298,7.054991,11.352500,24.087762,16.572326,0.000000,-0.100850,0.003046,-0.000285,-0.000330,-0.004938
8.980627,7.071694,11.329505,24.099778,16.558320,0.000000,-0.100830,0.003045,-0.000272,-0.000329,-0.005202
8.940528,7.088074,11.306606,24.111821,16.545574,0.000000,-0.100812,0.003043,-0.000256,-0.000742,0.002924
8.902661,7.104126,11.283811,24.123893,16.534089,0.000000,-0.100792,0.003041,-0.000246,0.000507,0.004634
8.866767,7.119845,11.261127,24.135996,16.523863,0.000000,-0.100769,0.003041,-0.000230,0.000260,0.004429
8.832659,7.135232,11.238560,24.148133,16.514883,0.000000,-0.100749,0.003036,-0.000226,0.001881,0.006699
8.800198,7.150287,11.216110,24.160307,16.507130,0.000000,-0.100725,0.003037,-0.000206,0.001585,0.006281
8.785580,7.165012,11.193781,24.172523,16.500575,0.000000,-0.100692,0.003049,-0.000162,-0.000533,-0.004078
8.789830,7.179412,11.171572,24.184783,16.495186,0.000000,-0.100627,0.003129,-0.000065,-0.000917,-0.001515
8.793817,7.193486,11.149486,24.197092,16.490949,0.000000,-0.100608,0.003138,-0.000011,-0.000671,-0.001237
8.797540,7.207227,11.127531,24.209454,16.487893,0.000000,-0.100609,0.003104,-0.000012,-0.000865,-0.001642
8.800991,7.220615,11.105721,24.221872,16.486102,0.000000,-0.100598,0.003073,-0.000056,-0.001556,-0.002722
8.804163,7.233627,11.084069,24.234354,16.485701,0.000000,-0.100597,0.003048,-0.000120,0.000429,0.005273
8.807043,7.246236,11.062589,24.246906,16.486838,0.000000,-0.100582,0.003101,-0.000030,-0.001351,0.002734
8.809623,7.258420,11.041286,24.259538,16.489654,0.000000,-0.100556,0.003122,0.000043,-0.001684,0.001764
8.811898,7.270162,11.020164,24.272260,16.494257,0.000000,-0.100558,0.003109,0.000060,-0.001794,0.002006
8.813866,7.281455,10.999219,24.285083,16.500710,0.000000,-0.100573,0.003080,0.000028,-0.001115,0.003052
8.815531,7.292299,10.978445,24.298014,16.509034,0.000000,-0.100597,0.003050,-0.000016,0.000204,0.004214
8.816898,7.302694,10.957836,24.311065,16.519224,0.000000,-0.100614,0.003046,-0.000012,-0.001328,0.000635
8.817973,7.312644,10.937384,24.324242,16.531266,0.000000,-0.100633,0.003045,-0.000004,-0.000295,-0.008072
8.818761,7.322148,10.917084,24.337556,16.545148,0.000000,-0.100647,0.003060,0.000038,-0.001248,-0.004497
8.819267,7.331208,10.896929,24.351014,16.560867,0.000000,-0.100684,0.003058,0.000039,-0.000828,-0.005688
8.819496,7.339822,10.876913,24.364626,16.578429,0.000000,-0.100722,0.003057,0.000050,-0.001476,0.004933
8.819451,7.347987,10.857029,24.378402,16.597852,0.000000,-0.100758,0.003068,0.000092,-0.000217,0.003373
8.819135,7.355700,10.837268,24.392352,16.619150,0.000000,-0.100806,0.003067,0.000102,-0.000327,0.003108
8.818553,7.362959,10.817626,24.406487,16.642335,0.000000,-0.100846,0.003082,0.000175,-0.001962,0.002134
8.817709,7.369760,10.798097,24.420814,16.667406,0.000000,-0.100907,0.003078,0.000157,-0.000926,0.001901
8.816608,7.376102,10.778678,24.435343,16.694346,0.000000,-0.100974,0.003096,0.000147,-0.001137,-0.005115
8.815258,7.381981,10.759368,24.450080,16.723127,0.000000,-0.101045,0.003121,0.000198,-0.003779,-0.002459
8.813664,7.387396,10.740167,24.465031,16.753730,0.000000,-0.101127,0.003117,0.000205,-0.003383,-0.002363
8.811831,7.392338,10.721071,24.480206,16.786154,0.000000,-0.101199,0.003112,0.000198,-0.001450,-0.002840
8.809763,7.396802,10.702073,24.495614,16.820414,0.000000,-0.101271,0.003113,0.000201,-0.000996,-0.000838
8.807463,7.400776,10.683167,24.511268,16.856538,0.000000,-0.101350,0.003121,0.000218,-0.001595,0.003466
8.804933,7.404250,10.664347,24.527179,16.894556,0.000000,-0.101435,0.003131,0.000238,-0.001753,0.004750
8.802178,7.407213,10.645605,24.543361,16.934503,0.000000,-0.101522,0.003146,0.000267,-0.000900,0.002293
8.799200,7.409652,10.626933,24.559825,16.976410,0.000000,-0.101606,0.003162,0.000295,-0.000610,0.001218
8.796002,7.411555,10.608325,24.576585,17.020310,0.000000,-0.101690,0.003177,0.000315,-0.000489,0.000587
8.792586,7.412909,10.589774,24.593653,17.066228,0.000000,-0.101780,0.003187,0.000325,-0.000493,0.000330
8.788957,7.413703,10.571275,24.611041,17.114188,0.000000,-0.101882,0.003201,0.000326,-0.001265,0.000952
8.785116,7.413925,10.552822,24.628759,17.164206,0.000000,-0.101980,0.003222,0.000336,-0.001095,-0.002512
8.781064,7.413563,10.534410,24.646818,17.216302,0.000000,-0.102067,0.003250,0.000364,-0.001037,-0.001716
8.776805,7.412607,10.516032,24.665230,17.270498,0.000000,-0.102154,0.003274,0.000396,-0.001195,-0.000598
8.772338,7.411043,10.497682,24.684007,17.326823,0.000000,-0.102226,0.003296,0.000433,-0.001498,0.000300
8.767666,7.408858,10.479349,24.703165,17.385318,0.000000,-0.102307,0.003319,0.000456,-0.001154,0.000923
