0.000170,0.000403,0.001551,0.832852,1.590328,0.000000,0.000170,0.000403,0.001551,0.832852,1.590328
0.001767,0.003959,0.013092,2.184471,1.588683,0.000000,0.000968,0.002181,0.007321,1.508230,-3.198832
0.009107,0.018831,0.049665,2.184546,15.281630,0.000000,0.003681,0.007732,0.021437,0.192716,2.959524
0.031695,0.058759,0.108736,2.190870,15.519973,0.000000,0.010698,0.020518,0.043355,-2.671155,-0.866873
0.085056,0.136232,0.132899,2.203928,15.720855,0.000000,0.025646,0.043816,0.061662,-2.666726,-0.676464
0.189250,0.249238,0.135568,21.675677,15.878873,0.000000,0.053138,0.078461,0.054384,1.369445,0.541052
0.366266,0.370435,0.137897,21.587651,16.002124,0.000000,0.098374,0.120987,0.002464,3.829671,0.040322
0.635786,0.443546,0.139840,21.447727,16.099135,0.000000,0.166440,0.162543,-0.091621,1.434589,-0.180193
1.007588,0.446387,0.141232,21.315960,16.174932,0.000000,0.260964,0.188791,-0.192827,-1.664846,0.092572
1.485174,0.449282,0.142386,21.254860,16.231809,0.000000,0.384780,0.185144,-0.238807,-2.118530,-0.073821
2.033953,0.447105,0.517296,21.046079,16.270787,0.000000,0.534165,0.134058,-0.173678,-0.966551,0.074720
2.771328,0.461251,1.978812,21.382177,16.292189,0.000000,0.732643,0.055655,0.001081,0.160802,-0.041018
3.567001,0.466616,3.099980,21.429492,16.296309,0.000000,0.959059,-0.069876,0.236237,0.678878,-0.075106
4.329136,0.469732,3.155400,21.212849,16.285162,0.000000,1.201389,-0.236437,0.441927,0.637357,0.071035
5.298508,0.478140,3.107696,20.905683,16.262865,0.000000,1.503432,-0.392098,0.487637,0.240821,0.102776
6.186557,0.486039,3.085791,20.604449,16.233782,0.000000,1.822939,-0.547552,0.353431,-0.400034,0.001888
7.128916,0.491179,3.113171,20.309417,16.200763,0.000000,2.171423,-0.638840,0.037675,-0.456311,0.032323
7.883418,0.494912,3.103416,20.061208,16.165824,0.000000,2.520651,-0.672188,-0.331925,-0.223926,-0.011741
8.563063,0.497516,3.087123,19.871727,16.131294,0.000000,2.882680,-0.613510,-0.612151,0.031480,-0.104157
9.018295,2.542710,3.086117,19.733033,16.099937,0.000000,3.229003,-0.457289,-0.687632,0.194318,-0.095942
9.149049,4.717395,3.095087,19.629855,16.074485,0.000000,3.531093,-0.212845,-0.512515,0.357329,-0.066936
9.435958,6.486714,8.276408,19.549115,16.057079,0.000000,3.840719,0.086213,-0.107126,0.258411,-0.017754
9.764664,7.663794,10.138200,19.481834,16.048834,0.000000,4.137698,0.398306,0.324480,-0.133259,-0.071227
10.060098,7.833623,10.107959,19.423637,16.049599,0.000000,4.393107,0.693340,0.660677,-0.202281,-0.094429
10.129858,7.825609,10.175197,19.372850,16.058009,0.000000,4.532040,0.942459,0.764190,-0.240970,-0.136125
10.274247,7.789975,10.134924,19.328126,16.071764,0.000000,4.644927,1.079718,0.583267,-0.210724,-0.300779
10.568941,7.754959,9.823946,19.287379,16.088072,0.000000,4.772180,1.094391,0.179900,-0.145490,-0.082776
10.705663,7.747932,9.670341,19.248368,16.104124,0.000000,4.772917,0.989836,-0.248820,-0.047814,-0.028691
10.780581,7.732571,9.622765,19.210015,16.117492,0.000000,4.683602,0.755364,-0.570148,-0.007428,-0.003022
10.907063,7.704237,9.526895,19.172989,16.126390,0.000000,4.546281,0.429277,-0.674395,0.027753,0.017258
11.067928,7.661033,9.402268,19.139068,16.129805,0.000000,4.359268,0.050144,-0.528228,0.041305,0.023555
11.163174,7.634735,9.303626,19.110108,16.127469,0.000000,4.077883,-0.345824,-0.219157,0.047596,0.008647
11.220296,7.612185,11.313260,19.087577,16.119712,0.000000,3.718230,-0.709243,0.128275,0.066116,-0.003906
11.295104,7.564627,11.130817,19.072957,16.107268,0.000000,3.318225,-0.985480,0.395462,0.095015,-0.011783
11.364001,7.513413,10.917707,19.068802,16.091072,0.000000,2.864512,-1.147011,0.490527,0.111559,-0.008027
11.412593,7.480341,10.683182,19.079361,16.072096,0.000000,2.358364,-1.182845,0.405704,0.117169,-0.001108
11.460980,7.459124,10.500481,19.108310,16.051242,0.000000,1.813605,-1.089694,0.208194,0.105013,-0.010301
11.524916,7.438377,10.377626,19.154304,16.029273,0.000000,1.246917,-0.881923,-0.018519,0.083734,-0.026444
11.586827,10.492880,10.274698,19.211247,16.006791,0.000000,0.657709,-0.588612,-0.191806,0.063311,-0.030557
11.630906,13.104442,10.174017,19.272971,15.984229,0.000000,0.049580,-0.245488,-0.264787,0.064620,-0.042375
11.658904,14.145788,10.102002,19.335625,15.961883,0.000000,-0.562681,0.106911,-0.237179,0.057928,-0.019172
11.675579,14.042290,10.085365,19.397475,15.939965,0.000000,-1.166607,0.425168,-0.144304,0.053034,-0.015739
11.676595,13.919333,10.110127,19.458409,15.918632,0.000000,-1.755234,0.673445,-0.031252,0.043376,-0.029460
11.660850,13.808564,10.149134,19.520262,15.897991,0.000000,-2.325783,0.829888,0.057388,0.022300,-0.027956
11.644073,13.724209,10.185979,19.587811,15.878099,0.000000,-2.864933,0.886488,0.095950,-0.008039,-0.016360
11.645533,13.628890,10.275803,19.667299,15.858956,0.000000,-3.369787,0.844378,0.094374,-0.035564,-0.003362
11.664152,13.558861,10.387814,19.759830,15.840501,0.000000,-3.849035,0.724126,0.070819,-0.038309,0.012920
11.682977,13.586757,10.484386,19.860299,15.822635,0.000000,-4.278510,0.548065,0.039485,-0.019440,0.034615
11.694629,13.517938,10.599387,19.963841,15.805241,0.000000,-4.674353,0.334911,0.018989,0.001077,0.054190
11.703927,13.488770,10.772611,20.067984,15.788216,0.000000,-5.021847,0.111541,-0.001974,0.006955,0.045230
11.708315,13.414835,10.954942,20.171521,15.771484,0.000000,-5.306704,-0.095605,-0.012838,0.004091,0.019141
11.707067,13.323066,11.150755,20.273707,15.755007,0.000000,-5.574388,-0.262359,-0.044362,0.014380,0.003513
11.704727,13.258672,11.312435,20.374024,15.738790,0.000000,-5.760561,-0.384959,-0.051368,0.018608,-0.029188
11.686097,13.174271,11.421978,20.472125,15.722879,0.000000,-5.934988,-0.457515,-0.076475,0.025732,0.013246
11.633108,12.956568,11.646003,20.567791,15.707353,0.000000,-6.002576,-0.470243,-0.071461,0.006005,0.023061
11.545676,12.950075,12.102088,20.660884,15.692307,0.000000,-6.082212,-0.444249,-0.039134,-0.010143,0.011912
11.434540,12.668477,12.317727,20.751318,15.677837,0.000000,-6.057519,-0.371303,-0.015948,-0.005015,0.007081
11.341159,12.492242,12.605492,20.839031,15.664017,0.000000,-6.065125,-0.267781,0.025184,-0.003958,0.004027
11.391283,12.360309,12.618173,20.923980,15.650894,0.000000,-6.026132,-0.230624,0.047000,0.000102,0.001154
11.498014,12.439743,12.067883,21.006136,15.638489,0.000000,-6.013366,-0.119071,0.044459,0.000382,0.011575
11.573486,12.433762,11.524584,21.085494,15.626795,0.000000,-6.023297,-0.070188,0.051499,-0.013306,0.020459
11.605278,12.469610,11.295645,21.162089,15.615791,0.000000,-5.848009,0.024481,-0.012647,-0.021584,0.017823
11.605242,12.146477,11.224226,21.236010,15.605446,0.000000,-5.737115,0.050395,0.000454,-0.029964,0.028513
11.584067,12.311058,11.110819,21.307429,15.595723,0.000000,-5.656791,0.127674,-0.057579,-0.030149,0.025443
11.502687,12.318529,11.214473,21.376620,15.586579,0.000000,-5.478288,0.174954,-0.028370,-0.018426,0.005585
11.338853,11.907736,11.524926,21.443983,15.577954,0.000000,-5.142925,0.162808,-0.044113,-0.008712,-0.000156
11.211183,12.154618,11.674739,21.510055,15.569742,0.000000,-5.086840,0.202832,0.022028,-0.012216,-0.002431
11.216528,12.034666,11.521952,21.575403,15.561780,0.000000,-4.942100,0.214828,0.051430,-0.021007,-0.004384
11.254781,11.826925,11.149878,21.640373,15.553884,0.000000,-4.699186,0.196411,0.065293,-0.017424,-0.005058
11.395799,11.460619,10.454121,21.704822,15.545901,0.000000,-4.604798,0.227691,0.080602,-0.016885,0.000496
11.495628,11.752649,10.291678,21.767997,15.537756,0.000000,-4.514335,0.185923,0.079605,-0.027337,0.008209
11.533211,11.736052,9.997355,21.828599,15.529487,0.000000,-4.344144,0.147751,0.057844,0.009719,0.016421
11.519402,11.445388,9.616921,21.885002,15.521235,0.000000,-4.073748,0.145515,0.038063,0.020274,0.016441
11.474688,11.865963,9.615487,21.935548,15.513223,0.000000,-3.861244,0.070658,0.008875,0.011448,-0.010042
11.387964,11.858702,9.494158,21.978852,15.505713,0.000000,-3.936064,0.020105,0.042208,-0.012305,-0.013745
11.369806,11.814473,9.283730,22.014008,15.498956,0.000000,-3.599529,-0.026662,-0.015826,-0.017032,-0.020060
11.409615,11.789933,9.177836,22.040658,15.493161,0.000000,-3.380403,-0.049136,-0.010190,-0.026302,-0.021063
11.444079,11.558343,9.387005,22.058972,15.488462,0.000000,-3.353261,-0.132263,-0.009358,-0.029191,-0.028977
11.505994,11.448027,9.456217,22.069552,15.484913,0.000000,-3.135333,-0.140178,-0.001362,-0.020128,-0.042585
11.578137,11.200985,9.275056,22.073326,15.482489,0.000000,-3.059856,-0.129894,-0.013779,-0.008091,-0.048192
11.597582,10.949255,9.143932,22.071451,15.481109,0.000000,-2.896579,-0.184304,-0.004308,0.007698,-0.054382
11.559928,10.868110,9.006555,22.065260,15.480648,0.000000,-2.676823,-0.117486,-0.013059,-0.000673,-0.031532
11.467643,11.165087,9.002394,22.056264,15.480962,0.000000,-2.587749,-0.158509,0.031354,-0.010287,-0.020420
11.310068,11.420528,9.558371,22.046209,15.481898,0.000000,-2.321885,-0.098900,0.010865,-0.009285,-0.017543
11.368846,11.191435,8.663523,22.037195,15.483307,0.000000,-2.186701,-0.084564,-0.005434,-0.016436,-0.014694
11.436096,10.445875,8.617234,22.031765,15.485056,0.000000,-2.154968,-0.031334,-0.004233,-0.022404,-0.007447
11.490545,10.200106,8.965363,22.032810,15.487028,0.000000,-1.912944,-0.003217,-0.039607,-0.055537,-0.023842
11.527190,10.158675,9.182267,22.043047,15.489128,0.000000,-1.837156,0.013646,-0.024309,-0.062060,-0.003316
11.534184,10.083574,9.461529,22.064195,15.491280,0.000000,-1.551653,0.045648,-0.028775,-0.056247,0.014715
11.521361,9.991696,9.393091,22.096599,15.493426,0.000000,-1.463072,0.049544,-0.037245,-0.039956,0.018478
11.384676,10.993195,9.525326,22.139791,15.495519,0.000000,-1.257648,0.086563,-0.034032,-0.020662,0.020714
11.396173,10.837851,8.500878,22.193490,15.497521,0.000000,-1.184515,0.087032,-0.007395,0.009235,0.053196
11.475387,10.477601,8.647003,22.258301,15.499402,0.000000,-1.006596,0.069853,-0.009466,-0.040357,-0.004351
11.509303,9.881597,8.971221,22.336006,15.501137,0.000000,-0.869698,0.067341,-0.012641,-0.042151,-0.015311
11.507132,9.604469,9.154667,22.429548,15.502709,0.000000,-0.698962,0.071320,0.006391,-0.018902,-0.004643
11.506650,9.225814,9.238145,22.542085,15.504110,0.000000,-0.598212,0.051192,-0.001347,-0.004653,0.001403
11.636669,9.122559,9.469164,22.670908,15.505334,0.000000,-0.424824,0.051220,0.002100,0.017041,0.007799
11.386519,9.309914,9.932062,22.780527,15.506381,0.000000,-0.440790,0.019758,-0.011554,0.027423,0.013895
11.908296,9.296939,9.761680,22.775888,15.507257,0.000000,-0.143327,0.021538,-0.010848,0.038314,0.013334
11.755220,9.364731,9.874259,22.649270,15.507968,0.000000,-0.067063,0.004872,-0.008258,0.044138,-0.024356
11.537956,8.657156,10.311534,22.495953,15.508521,0.000000,0.079907,0.014293,-0.008249,0.042840,-0.014772
11.695633,8.797327,10.888718,22.355343,15.508925,0.000000,0.127887,-0.023697,-0.027545,0.041239,-0.009985
12.116933,9.099498,10.528189,22.229563,15.509186,0.000000,0.240996,-0.012283,-0.015135,0.025269,-0.007279
11.970874,9.220750,10.516201,22.112111,15.509311,0.000000,0.418825,-0.023803,0.002988,0.022266,0.000247
12.337819,9.028128,10.577668,21.992130,15.509303,0.000000,0.519123,-0.013365,0.001980,0.023860,0.002426
12.320505,9.120492,10.593596,21.846767,16.195132,0.000000,0.613954,-0.038633,-0.001601,0.024051,0.000102
12.245950,8.559093,10.771792,21.789463,16.090323,0.000000,0.707595,-0.056197,-0.004105,0.021636,0.001091
12.074859,9.007803,10.406309,21.826317,15.508522,0.000000,0.765113,-0.011348,0.004876,0.015627,0.003787
13.189731,9.214097,10.188573,21.832376,15.508016,0.000000,0.925255,-0.035520,0.025116,0.013356,0.006949
13.361908,9.262723,10.040806,21.827272,15.507390,0.000000,1.063811,-0.035390,0.016376,0.026271,0.010186
12.618596,9.135575,9.875371,21.817828,15.506642,0.000000,1.127220,-0.020615,-0.000537,0.040109,0.016064
13.380234,9.118215,9.716041,21.806696,15.505772,0.000000,1.187667,-0.009689,0.003204,0.046687,0.011111
13.462962,8.975219,9.641483,21.795080,15.504779,0.000000,1.272509,-0.026469,-0.000530,0.049948,0.010237
13.202647,9.474497,9.747508,21.783585,15.503664,0.000000,1.399846,0.001474,0.010285,0.045821,0.010444
12.982542,9.624467,9.736612,21.772533,15.502426,0.000000,1.371275,0.005984,0.016117,0.043141,0.019260
14.148720,9.643714,9.686307,21.762106,15.501065,0.000000,1.503146,0.009969,0.011043,0.039044,0.011740
12.911726,9.627470,9.559086,21.752416,15.499581,0.000000,1.517700,0.000235,0.011941,0.040929,0.019951
14.076622,9.602329,9.409047,21.743538,15.497975,0.000000,1.642276,0.012807,0.012002,0.033750,0.011386
12.978270,9.452484,9.284649,21.735529,15.496247,0.000000,1.586107,0.005357,0.014438,0.031288,0.013820
14.373106,9.376515,9.362544,21.728445,15.494397,0.000000,1.743573,-0.002459,0.020583,0.029633,0.018815
13.059325,9.366438,9.452060,21.722339,15.492425,0.000000,1.700045,-0.006019,0.036613,0.025015,0.016585
14.509977,9.319781,9.496258,21.717270,15.490331,0.000000,1.809120,-0.022450,0.019021,0.021238,0.009373
13.064490,9.338141,9.539396,21.713303,15.488114,0.000000,1.784144,-0.017046,0.009476,0.013300,-0.000348
13.995027,9.088248,9.544473,21.710506,15.485775,0.000000,1.847634,-0.035859,0.024692,0.013573,-0.002198
13.592087,8.988702,9.528859,21.708951,15.483314,0.000000,1.877651,-0.025249,0.020334,0.015731,-0.002112
13.874901,9.094260,9.548799,21.708705,15.480733,0.000000,1.884361,-0.040838,0.013138,0.014639,-0.003433
13.868477,9.257175,9.532039,21.709827,15.478032,0.000000,1.905184,-0.038645,0.013148,0.015793,0.001099
13.746758,9.343776,9.469808,21.712364,15.475214,0.000000,1.918758,-0.043568,0.016484,0.027305,0.023504
14.165567,9.321576,9.389164,21.716338,15.472280,0.000000,1.950582,-0.039297,0.015590,0.005141,0.002140
13.702992,9.291841,9.316822,21.721753,15.469235,0.000000,1.928422,-0.040695,0.011906,-0.008514,-0.002514
13.866038,9.270167,9.283555,21.728586,15.466081,0.000000,1.999750,-0.038600,0.014133,-0.028036,-0.008252
13.756740,9.310563,9.297289,21.736797,15.462823,0.000000,1.943130,-0.029199,0.006217,-0.006032,-0.003609
14.361982,9.302725,9.337580,21.746325,15.459464,0.000000,1.973067,-0.038137,0.009422,0.004041,-0.006956
14.074071,9.300931,9.380380,21.757098,15.456010,0.000000,2.030833,-0.015282,0.001236,0.005525,-0.006593
14.621950,9.296119,9.416769,21.769031,15.452464,0.000000,1.951753,-0.016735,0.000577,0.007646,-0.010786
14.420375,9.271787,9.444459,21.782036,15.448826,0.000000,1.961537,-0.001760,-0.007983,0.006795,-0.011766
14.894153,9.247976,9.458069,21.796027,15.445099,0.000000,1.959554,-0.000346,-0.009428,0.005863,-0.005502
14.358324,9.266862,9.458776,21.810919,15.441283,0.000000,1.889492,0.003785,-0.017200,0.006714,-0.002469
14.391960,9.330288,9.460204,21.826641,15.437378,0.000000,1.930978,0.011749,-0.022265,0.007333,-0.002214
14.112556,9.402180,9.468418,21.843126,15.433385,0.000000,1.861085,0.017537,-0.023835,0.007477,-0.003514
14.344561,9.452117,9.484629,21.860321,15.429305,0.000000,1.882663,0.020961,-0.021568,0.007122,-0.005028
14.180946,9.483961,9.507157,21.878180,15.425140,0.000000,1.818687,0.032457,-0.020624,0.005909,-0.008446
14.718897,9.521114,9.529586,21.896668,15.420890,0.000000,1.797126,0.031629,-0.021003,0.002894,-0.011321
14.079290,9.532623,9.551331,21.915758,15.416556,0.000000,1.786850,0.034174,-0.024337,0.001497,-0.011499
14.423588,9.534067,9.581710,21.935432,15.412140,0.000000,1.719514,0.044091,-0.019482,0.001353,-0.011996
14.527634,9.553750,9.625140,21.955678,15.407642,0.000000,1.717310,0.032024,-0.019341,0.001815,-0.009903
14.268999,9.586670,9.679321,21.976492,15.403062,0.000000,1.660494,0.042571,-0.019346,0.001504,-0.006507
14.584765,9.612237,9.737434,21.997874,15.398402,0.000000,1.674150,0.060224,-0.013364,-0.000502,-0.008667
14.370262,9.619479,9.790250,22.019829,15.393661,0.000000,1.622316,0.034610,-0.021401,-0.003125,-0.011912
14.284103,9.615325,9.833046,22.042363,15.388840,0.000000,1.539816,0.037707,-0.017100,-0.008308,-0.006173
15.356043,9.624682,9.866880,22.065488,15.383940,0.000000,1.500848,0.040808,-0.018892,-0.005013,-0.011584
14.397600,9.639148,9.893562,22.089216,15.378961,0.000000,1.496306,0.041079,-0.018951,-0.002112,-0.020500
14.568640,9.657034,9.915077,22.113565,15.373901,0.000000,1.407683,0.039210,-0.016070,-0.002122,-0.014036
14.592406,9.673336,9.933023,22.138553,15.368762,0.000000,1.377763,0.031547,-0.017787,-0.003129,-0.007707
14.252615,9.688698,9.947976,22.164195,15.363542,0.000000,1.363584,0.042828,-0.015017,-0.004232,-0.008151
15.114336,9.700845,9.960496,22.190507,15.358243,0.000000,1.265335,0.038225,-0.014428,-0.005150,-0.006782
14.586376,9.711786,9.971411,22.217500,15.352863,0.000000,1.227572,0.025688,-0.015587,-0.006506,-0.005118
14.465038,9.725078,9.981624,22.245184,15.347405,0.000000,1.207546,0.046750,-0.012161,-0.007517,-0.005940
14.695240,9.740183,9.992893,22.273561,15.341869,0.000000,1.152992,0.031261,-0.011321,-0.007995,-0.006499
14.443795,9.753859,10.007835,22.302629,15.336259,0.000000,1.080784,0.019655,-0.013379,-0.009313,-0.007025
14.956712,9.761660,10.028583,22.332376,15.330576,0.000000,1.026906,0.032347,-0.006622,-0.013776,0.001498
14.465320,9.760679,10.055382,22.362786,15.324826,0.000000,1.025452,0.021435,-0.009140,-0.013083,0.005246
14.174553,9.760756,10.086454,22.393840,15.319012,0.000000,0.920098,0.006277,-0.006333,-0.008033,0.010428
15.473859,9.768540,10.118897,22.425514,15.313140,0.000000,0.856715,0.015755,-0.003887,-0.005165,-0.019431
14.630986,9.778361,10.149980,22.457781,15.307213,0.000000,0.850336,0.002200,-0.002463,-0.008197,-0.007440
14.183037,9.779599,10.178137,22.490608,15.301239,0.000000,0.760783,-0.003101,0.001985,-0.010213,-0.006226
16.023592,9.768916,10.202834,22.523948,15.295224,0.000000,0.683940,-0.010060,0.004715,-0.010263,-0.007123
14.441791,9.754184,10.223842,22.557741,16.449915,0.000000,0.692940,-0.013276,0.005759,-0.010754,-0.007385
14.570760,9.746289,10.241116,22.591915,15.283112,0.000000,0.598286,-0.024061,0.008827,-0.010836,-0.008181
15.238768,9.747600,10.254916,22.626381,15.277043,0.000000,0.554875,-0.031298,0.010253,-0.008954,0.001384
14.547114,9.752272,10.265868,22.661035,15.270988,0.000000,0.545788,-0.032847,0.013079,-0.008333,0.008599
14.070812,9.750665,10.275003,22.695766,15.264966,0.000000,0.445827,-0.036784,0.012531,-0.009033,0.008862
15.483301,9.739324,10.283385,22.730455,15.258999,0.000000,0.407845,-0.042564,0.014514,0.001532,0.019719
13.932682,9.723306,10.291771,22.764976,15.253109,0.000000,0.385968,-0.045030,0.014840,-0.007293,-0.006073
14.697685,9.708877,10.300736,22.799194,15.247321,0.000000,0.306562,-0.046762,0.018662,-0.005372,-0.004208
14.977890,9.697762,10.310648,22.832951,15.241664,0.000000,0.262538,-0.049319,0.018207,-0.004704,-0.004961
14.324130,9.686449,10.321583,22.866059,15.236170,0.000000,0.250914,-0.041424,0.014895,-0.020723,-0.010365
14.676321,9.668414,10.333449,22.898299,15.230881,0.000000,0.142482,-0.046362,0.018412,-0.008590,0.002077
15.006661,9.641337,10.346022,22.929436,15.225837,0.000000,0.138563,-0.048406,0.019314,-0.009896,0.005087
14.214761,9.609849,10.359038,22.959230,15.221084,0.000000,0.108339,-0.039977,0.018158,-0.010698,0.005709
14.891838,9.579758,10.372392,22.987460,15.216663,0.000000,0.032758,-0.034368,0.019873,-0.005020,0.006170
14.448939,9.556184,10.386018,23.013926,15.232754,0.000000,0.001256,-0.036903,0.017330,0.003632,0.012243
14.196640,9.542295,10.399654,23.038454,15.268454,0.000000,-0.033634,-0.035043,0.014240,-0.002568,-0.011126
14.472518,9.534676,10.412643,23.060903,15.294971,0.000000,-0.067016,-0.026148,0.015637,-0.009036,-0.009154
14.093162,9.527466,10.423888,23.081157,15.311791,0.000000,-0.125075,-0.023126,0.017458,-0.013169,-0.009586
14.510053,9.517917,10.432469,23.099128,15.318526,0.000000,-0.172076,-0.016298,0.016406,-0.018050,-0.010533
13.131120,9.504362,10.438425,23.114764,19.566666,0.000000,-0.217502,-0.013084,0.014207,-0.015135,-0.008468
13.977863,9.487729,10.442610,23.128046,15.300907,0.000000,-0.218548,-0.015773,0.009932,-0.011100,-0.005436
14.531986,9.469995,10.446196,23.138994,15.276519,0.000000,-0.278563,-0.007022,0.010348,-0.014717,-0.006161
13.699204,9.447683,10.450694,23.147672,15.241980,0.000000,-0.296345,-0.003099,0.007716,-0.031853,-0.011465
13.619117,9.418584,10.458229,23.154174,15.197643,0.000000,-0.335213,0.005107,0.010633,-0.023771,-0.007869
14.451590,9.384845,10.471328,23.158625,15.196972,0.000000,-0.349604,-0.010748,0.004594,-0.018104,-0.003598
13.225185,9.350687,10.491495,23.161176,15.197872,0.000000,-0.405290,-0.001670,0.003791,-0.008701,0.005546
13.881136,9.324286,10.517188,23.161993,15.199134,0.000000,-0.433273,0.007081,0.005287,-0.005572,0.009921
13.954202,9.310439,10.543976,23.161259,15.200724,0.000000,-0.446690,0.007821,0.001728,-0.005457,0.010026
12.698787,9.306377,10.567544,23.159171,15.202602,0.000000,-0.497356,0.004683,-0.001554,-0.005156,0.010186
13.886199,9.309019,10.586075,23.155927,15.204733,0.000000,-0.503343,0.003225,-0.003997,-0.008932,0.006103
13.359836,9.312601,10.599907,23.151726,15.207077,0.000000,-0.547898,0.010969,-0.005934,-0.018670,-0.000023
12.950832,9.309988,10.610241,23.146760,15.209600,0.000000,-0.551063,0.015450,-0.003000,-0.020834,0.000099
12.975944,9.297126,10.618692,23.141207,15.212267,0.000000,-0.621235,0.011311,-0.007194,-0.020553,0.002266
13.230975,9.270271,10.627339,23.135231,15.215048,0.000000,-0.563180,0.005718,-0.012194,-0.019609,0.004824
12.972520,9.239622,10.637976,23.128977,15.217915,0.000000,-0.616402,0.017052,-0.011410,-0.010116,0.010020
13.481802,9.218183,10.649802,23.122579,15.220843,0.000000,-0.668543,0.018359,-0.015190,-0.007714,0.007948
12.910953,9.203932,10.659002,23.116156,15.223811,0.000000,-0.671784,0.018224,-0.015506,-0.007604,0.009327
12.355056,9.194382,10.662977,23.109822,15.226798,0.000000,-0.674215,0.017265,-0.016420,-0.006928,0.011921
13.643831,9.198264,10.663350,23.103678,15.229785,0.000000,-0.710860,0.023725,-0.015696,-0.006120,0.014718
12.754983,9.218866,10.664046,23.097819,15.232756,0.000000,-0.715194,0.027843,-0.014700,-0.006886,0.015740
12.685643,9.241535,10.667459,23.092328,15.235698,0.000000,-0.762410,0.027291,-0.014647,-0.014793,0.010822
12.995027,9.253757,10.673439,23.087278,15.238598,0.000000,-0.729776,0.030057,-0.016501,-0.019609,0.009650
12.146827,9.258505,10.681446,23.082733,15.241446,0.000000,-0.767023,0.033064,-0.015502,-0.025065,0.009955
12.674348,9.261522,10.692393,23.078743,15.244234,0.000000,-0.767791,0.035049,-0.014568,-0.023529,0.011103
12.709083,9.266701,10.707199,23.075349,15.246954,0.000000,-0.795897,0.038861,-0.014995,-0.022310,0.011651
12.576651,9.271590,10.724325,23.072584,15.249602,0.000000,-0.788311,0.035907,-0.020601,-0.021472,0.011800
12.614637,9.267330,10.740125,23.070470,15.252174,0.000000,-0.791946,0.042140,-0.018158,-0.019991,0.011638
12.252608,9.238803,10.750235,23.069025,15.254666,0.000000,-0.800047,0.043258,-0.014158,-0.011917,0.011528
12.510646,9.176823,10.750147,23.068257,15.257077,0.000000,-0.799506,0.036754,-0.013237,-0.010643,0.011516
12.256616,9.113415,10.743067,23.068173,15.259405,0.000000,-0.839790,0.039740,-0.007781,-0.011935,0.011708
12.540823,9.116552,10.755172,23.068774,15.261650,0.000000,-0.816538,0.050202,-0.009477,-0.010782,0.011409
12.684508,9.183572,10.782427,23.070058,15.263811,0.000000,-0.807886,0.051369,-0.009126,-0.011522,0.011420
12.192408,9.261244,10.796608,23.072022,15.265888,0.000000,-0.830318,0.039517,-0.006394,-0.015872,0.010478
12.390169,9.328837,10.789673,23.074656,15.267882,0.000000,-0.842948,0.044337,-0.001831,-0.008897,0.006437
12.372643,9.379342,10.766412,23.077948,15.269793,0.000000,-0.866898,0.041469,-0.000256,-0.004501,0.005904
12.557260,9.403482,10.738742,23.081877,15.271624,0.000000,-0.815314,0.040277,0.002425,-0.000923,0.006763
12.630313,9.398042,10.711903,23.086417,15.273375,0.000000,-0.872230,0.044871,0.000581,0.001944,0.006699
12.557058,9.367401,10.685737,23.091536,15.275051,0.000000,-0.821291,0.044128,-0.000441,0.002403,0.005266
12.330437,9.312984,10.658146,23.097198,15.276653,0.000000,-0.878609,0.041818,0.001958,0.002096,0.001791
12.432437,9.232125,10.622414,23.103367,15.278185,0.000000,-0.775001,0.038045,0.006522,0.002060,0.000471
12.216915,9.088276,10.558817,23.110009,15.279647,0.000000,-0.822918,0.029341,0.008796,0.001807,-0.000201
12.110162,8.998473,10.554433,23.117088,15.281043,0.000000,-0.799663,0.033823,0.007420,0.001549,0.002086
12.663283,9.175369,10.755749,23.124573,15.282374,0.000000,-0.816381,0.035559,0.008936,0.002134,0.005566
12.376320,9.260832,10.875101,23.132429,15.283640,0.000000,-0.821844,0.041258,0.010041,0.002728,0.005856
12.140427,9.307602,10.914134,23.140618,15.284843,0.000000,-0.839297,0.032400,0.007082,0.003163,0.005485
12.290095,9.357497,10.883982,23.149100,15.285985,0.000000,-0.825875,0.024628,0.009521,0.005378,0.004766
12.765844,9.405102,10.824888,23.157827,15.287067,0.000000,-0.787481,0.013853,0.011531,0.008290,0.004590
12.587726,9.434827,10.764443,23.166748,15.288089,0.000000,-0.800183,0.027639,0.011990,0.010629,0.004247
12.679985,9.446626,10.709474,23.175805,15.289054,0.000000,-0.788222,0.028299,0.012025,0.010101,-0.003081
12.575204,9.436516,10.659242,23.184936,15.289962,0.000000,-0.783763,0.031207,0.013040,0.008563,-0.004069
12.196052,9.434430,10.610350,23.194074,15.290815,0.000000,-0.765279,0.029491,0.007408,0.004097,-0.004574
12.287057,9.421286,10.553307,23.203148,15.291612,0.000000,-0.707510,0.020869,0.006484,0.005623,-0.004725
12.152814,9.302152,10.455292,23.212086,15.292355,0.000000,-0.688119,0.010988,0.006073,0.007458,0.007033
13.291235,9.363469,10.502792,23.220808,15.293043,0.000000,-0.719860,0.003334,0.012128,0.001061,0.004477
12.405118,9.393736,10.549312,23.229229,15.293677,0.000000,-0.762852,-0.001061,0.011815,0.003552,0.003348
12.032577,9.375427,10.587322,23.237257,15.294257,0.000000,-0.716188,0.004339,0.013662,0.006502,0.002667
13.916934,9.317140,10.630826,23.244797,17.058521,0.000000,-0.659609,0.005824,0.009825,0.010781,0.001434
12.860684,9.193996,10.692851,23.251752,15.295258,0.000000,-0.628813,0.002983,0.006520,0.011219,0.001223
11.221490,9.121464,10.820835,23.258026,15.295682,0.000000,-0.692886,0.007974,0.004864,0.014075,0.000179
12.039851,9.293894,10.700708,23.263528,15.296058,0.000000,-0.674991,-0.000379,0.010404,0.015768,-0.000872
13.404719,9.507572,10.622244,23.268176,15.296387,0.000000,-0.626619,-0.005446,0.015665,0.014318,-0.002557
12.908341,9.743248,10.574497,23.271898,15.296670,0.000000,-0.552340,-0.006929,0.019758,0.005975,-0.003833
12.130766,9.636766,10.509455,23.274636,15.296909,0.000000,-0.642418,-0.011406,0.018955,0.002549,-0.002899
12.170574,9.595973,10.461709,23.276346,15.297106,0.000000,-0.645473,-0.021445,0.019869,0.000405,-0.002483
13.378280,9.589896,10.426758,23.277002,15.297261,0.000000,-0.601221,-0.017025,0.011753,-0.008179,-0.006487
12.739381,9.627656,10.399400,23.276591,15.297375,0.000000,-0.550411,-0.006561,0.000621,0.006459,0.000998
12.904524,9.673533,10.373547,23.275119,15.297448,0.000000,-0.557092,-0.014222,0.005400,0.011378,0.001501
12.241208,9.708930,10.347385,23.272610,15.297481,0.000000,-0.556428,-0.023711,0.006783,0.016111,0.000450
13.645281,9.737374,10.320181,23.269105,15.297473,0.000000,-0.500382,-0.029534,0.008140,0.022083,-0.000744
13.156996,9.764170,10.290874,23.264660,15.297426,0.000000,-0.513820,-0.035242,0.010645,0.031311,-0.001254
12.275864,9.816863,10.315205,23.259346,15.297340,0.000000,-0.475722,-0.027703,0.013446,0.018331,-0.002619
11.718800,9.683072,10.368374,23.253244,15.297215,0.000000,-0.462169,-0.025745,0.009771,0.012380,-0.004106
12.964000,9.424108,10.447907,23.246439,15.297052,0.000000,-0.459538,-0.025626,0.007505,0.008404,-0.005328
12.876233,9.472038,10.410061,23.239020,15.296851,0.000000,-0.461488,-0.036642,0.009407,0.023939,-0.002665
12.164914,9.655949,10.315404,23.231078,15.296615,0.000000,-0.458791,-0.036251,0.007506,0.020095,-0.002357
12.893465,9.775777,10.254396,23.222701,15.296342,0.000000,-0.394662,-0.029296,0.007796,0.016443,-0.002285
13.327249,9.861767,10.224727,23.213975,15.715979,0.000000,-0.404087,-0.046965,0.005098,0.013457,-0.002637
12.711365,9.929255,10.212316,23.204980,15.295693,0.000000,-0.362839,-0.043345,0.001428,0.009582,-0.003737
11.865048,9.988151,10.194649,23.195794,15.295318,0.000000,-0.386569,-0.038689,-0.003474,0.005130,-0.004698
12.262829,10.050884,10.171999,23.186485,15.294911,0.000000,-0.343029,-0.037527,-0.006656,0.003527,-0.004747
12.865968,10.101378,10.146842,23.177115,15.294474,0.000000,-0.341470,-0.035174,-0.006878,0.003001,-0.004644
13.146277,10.073830,10.125325,23.167737,15.294006,0.000000,-0.315713,-0.038953,-0.003147,0.002511,-0.004363
12.542145,10.043814,10.097231,23.158398,15.293510,0.000000,-0.309575,-0.043253,0.000340,0.013521,-0.002288
12.359554,10.014324,10.070253,23.149137,15.292986,0.000000,-0.310213,-0.055561,-0.000975,0.009055,-0.001347
12.404444,9.979530,10.050997,23.139990,15.292434,0.000000,-0.257143,-0.051113,-0.006092,0.009813,-0.002602
12.845417,9.939500,10.026645,23.130989,15.291856,0.000000,-0.246288,-0.046673,-0.008293,0.005586,-0.004165
12.851860,9.913432,9.998945,23.122159,15.291254,0.000000,-0.247442,-0.040971,-0.006803,0.007002,-0.004673
12.252422,9.946969,9.974825,23.113525,15.290627,0.000000,-0.226488,-0.032562,-0.007116,0.008205,-0.004966
11.877301,10.048046,9.954140,23.105103,15.289977,0.000000,-0.236273,-0.036779,-0.010943,0.006706,-0.004623
12.465578,10.171466,9.930825,23.096908,15.289305,0.000000,-0.187826,-0.045753,-0.013450,0.007934,-0.005313
12.775315,10.268934,9.905909,23.088951,15.288611,0.000000,-0.197162,-0.046370,-0.009608,0.015638,-0.006339
12.656418,10.343584,9.878052,23.081241,15.287898,0.000000,-0.170954,-0.041382,-0.006344,0.015372,-0.003468
12.300746,10.411474,9.844786,23.073783,15.287166,0.000000,-0.164489,-0.035120,-0.004039,0.013278,-0.002232
12.454417,10.473795,9.806510,23.066583,15.286415,0.000000,-0.152390,-0.035502,-0.004878,0.011814,-0.001439
12.574614,10.528398,9.764262,23.059643,18.958525,0.000000,-0.098316,-0.039984,-0.009734,0.011610,-0.002843
12.197957,10.572343,9.719401,23.052968,15.284861,0.000000,-0.113945,-0.033978,-0.009611,0.003392,-0.002460
12.289839,10.602437,9.673539,23.046557,15.284060,0.000000,-0.104224,-0.029804,-0.014896,-0.000430,-0.000771
12.073247,10.633059,9.628522,23.040412,17.562585,0.000000,-0.051917,-0.020234,-0.019004,-0.001900,-0.000106
12.219862,10.648761,9.587045,23.034531,15.282415,0.000000,-0.089825,-0.023975,-0.013109,-0.003023,-0.000573
12.518557,10.641257,9.554181,23.028912,15.281573,0.000000,-0.063630,-0.024231,-0.009210,-0.004982,0.000343
12.322448,10.622116,9.536993,23.023553,15.280719,0.000000,-0.078751,-0.021124,-0.005818,-0.007583,-0.001994
12.072598,10.608371,9.540535,23.018448,15.279854,0.000000,-0.057209,-0.022604,-0.004742,-0.008768,0.001707
12.165485,10.606198,9.563901,23.013595,15.278978,0.000000,-0.015932,-0.022924,-0.006039,-0.007385,0.001898
12.334610,10.610838,9.600548,23.008987,15.278094,0.000000,-0.009261,-0.019145,-0.002733,-0.003301,-0.002486
11.986148,10.615357,9.644080,23.004621,15.277201,0.000000,-0.027085,-0.014517,-0.002442,0.012077,-0.002024
11.949156,10.613127,9.690586,23.000491,15.276300,0.000000,-0.005185,-0.004593,-0.005107,0.010309,-0.001821
12.513745,10.635803,9.737604,22.996593,15.275392,0.000000,-0.019036,-0.001042,-0.008049,0.011671,-0.002105
12.123036,10.649234,9.782939,22.992922,15.274478,0.000000,0.023838,-0.006844,-0.006404,0.013715,-0.002544
11.898563,10.653945,9.824141,22.989474,15.273557,0.000000,0.040906,-0.011041,-0.002069,0.008999,-0.002034
12.198111,10.652777,9.858380,22.986246,15.272630,0.000000,0.040635,-0.009887,0.001518,0.003641,-0.001426
12.131490,10.647560,9.882518,22.983234,15.271696,0.000000,0.039103,-0.003959,0.002390,-0.006666,-0.000276
11.967506,10.641218,9.893897,22.980435,15.270757,0.000000,0.056240,0.004218,0.003995,-0.008131,0.001026
12.000260,10.638197,9.891587,22.977847,15.269813,0.000000,0.037314,-0.000835,0.003637,-0.007805,0.001500
12.077787,10.639030,9.877158,22.975467,15.268862,0.000000,0.057875,-0.001395,0.003598,-0.012031,0.001838
11.730298,10.649657,9.854208,22.973291,15.267907,0.000000,0.053827,0.006236,0.001281,-0.014729,-0.000770
11.683602,10.701234,9.826192,22.971318,15.266946,0.000000,0.073270,0.012511,-0.000181,0.005305,-0.001200
12.012611,10.761977,9.793759,22.969545,15.265981,0.000000,0.083101,0.004599,0.002127,0.007987,-0.001286
12.018711,10.839422,9.754026,22.967968,15.265011,0.000000,0.104587,0.003396,0.003384,0.004487,-0.000700
11.817259,10.934375,9.702382,22.966587,15.264037,0.000000,0.082262,0.000465,0.006515,0.001645,-0.000317
11.470581,11.044557,9.634792,22.965397,15.263059,0.000000,0.090212,0.000764,0.010360,-0.001560,-0.000018
11.712799,11.164316,9.549321,22.964397,15.262076,0.000000,0.093493,0.008072,0.010483,-0.006408,0.000083
11.978952,11.283859,9.447706,22.963585,15.261089,0.000000,0.107810,0.014259,0.008562,-0.008388,0.000282
11.263426,11.389253,9.355376,22.962958,15.260097,0.000000,0.136833,0.013453,0.009231,-0.006977,0.000769
11.538732,11.468382,9.284362,22.962514,15.259101,0.000000,0.130069,0.009383,0.010399,-0.007701,0.000884
11.802699,11.496776,9.252760,22.962250,15.258099,0.000000,0.099105,0.010815,0.008542,-0.011482,0.000436
11.739456,11.456927,9.270867,22.962163,15.257093,0.000000,0.114982,0.006556,0.008419,-0.021600,-0.002256
11.400456,11.370403,9.318981,22.962250,15.256083,0.000000,0.133357,0.006752,0.010605,-0.011975,-0.000230
11.396834,11.264893,9.371767,22.962510,15.255069,0.000000,0.137254,0.010058,0.015360,-0.009516,0.000078
11.610822,11.161271,9.413975,22.962937,15.254052,0.000000,0.160869,0.010586,0.013659,-0.008526,0.000175
11.429425,11.072204,9.438294,22.963531,15.253030,0.000000,0.149744,0.011107,0.009855,-0.009246,-0.000088
11.730117,11.001713,9.443032,22.964285,15.252005,0.000000,0.126057,0.007454,0.008683,-0.015163,-0.001478
11.800369,10.944984,9.431492,22.965199,15.250977,0.000000,0.125993,0.009996,0.009078,-0.001146,0.001824
11.363480,10.899161,9.409290,22.966267,15.249946,0.000000,0.131840,0.011425,0.012713,-0.004359,0.002188
11.054788,10.860170,9.382290,22.967487,15.248913,0.000000,0.158503,0.015012,0.013215,-0.017570,-0.001861
11.755013,10.832813,9.356945,22.968855,15.247876,0.000000,0.162928,0.016222,0.013210,-0.004115,0.000281
12.058726,10.827165,9.339535,22.970367,15.246838,0.000000,0.161331,0.010549,0.012863,-0.017199,-0.002463
11.373674,10.847168,9.331675,22.972019,15.245798,0.000000,0.151274,0.009437,0.011180,-0.015085,-0.002031
11.373784,10.886311,9.328695,22.973809,15.244756,0.000000,0.137768,0.010018,0.009354,-0.008663,-0.000727
11.739017,10.934930,9.324662,22.975732,15.243712,0.000000,0.155637,0.011184,0.007906,-0.006906,-0.000474
11.864508,10.985854,9.316056,22.977784,15.242667,0.000000,0.162015,0.016665,0.008235,-0.008376,-0.000830
11.340966,11.034692,9.301597,22.979962,15.241620,0.000000,0.160170,0.018055,0.008831,-0.008567,-0.000857
11.405961,11.078878,9.281059,22.982263,15.240572,0.000000,0.157629,0.015356,0.009644,-0.008611,-0.000602
11.528944,11.115422,9.254400,22.984683,15.239522,0.000000,0.145933,0.012466,0.007247,-0.007698,0.000110
11.434974,11.141833,9.221225,22.987218,15.238470,0.000000,0.145948,0.010227,0.005099,-0.007921,0.000133
12.017871,11.156259,9.180362,22.989864,15.237416,0.000000,0.144278,0.010077,0.003519,-0.008141,-0.000006
11.189681,11.159518,9.129467,22.992619,15.236359,0.000000,0.151553,0.013231,0.001914,-0.008055,-0.000093
11.030125,11.164669,9.065389,22.995480,15.235300,0.000000,0.150569,0.016456,0.000904,-0.007536,0.000332
11.156504,11.220256,8.985918,22.998441,15.234239,0.000000,0.155838,0.019907,0.000909,-0.007334,0.000466
11.734410,11.373618,8.878006,23.001501,15.233175,0.000000,0.156483,0.019199,0.001387,-0.005389,0.001049
11.345625,11.613145,8.695398,23.004657,15.275015,0.000000,0.128038,0.013377,0.001722,-0.006347,0.000910
10.543474,11.918506,8.416431,23.007904,15.231038,0.000000,0.128585,0.010644,0.002475,-0.006046,0.000909
10.631542,11.662479,8.559300,23.011240,15.229966,0.000000,0.139916,0.011961,0.000805,-0.007084,-0.000285
11.165263,11.435392,8.731488,23.014662,15.228890,0.000000,0.137399,0.015407,-0.000846,-0.006394,0.000341
11.977896,11.350495,8.873014,23.018167,15.227811,0.000000,0.140091,0.019391,-0.001495,-0.005499,0.000637
10.975246,11.318178,8.989199,23.021752,15.226729,0.000000,0.129949,0.018513,-0.002082,-0.005672,0.000570
10.931666,11.298111,9.078788,23.025414,15.225643,0.000000,0.099993,0.014271,-0.002242,-0.004868,0.000849
11.220151,11.279939,9.146089,23.029151,15.224553,0.000000,0.106260,0.012411,-0.002043,-0.001759,0.001778
11.391942,11.261866,9.194703,23.032959,15.223460,0.000000,0.114856,0.013023,-0.002734,-0.000903,0.002507
11.081480,11.244315,9.227014,23.036837,15.222363,0.000000,0.125147,0.009991,-0.004121,-0.000543,0.002600
10.765364,11.227292,9.244871,23.040781,15.221262,0.000000,0.138257,0.009820,-0.005700,0.000450,0.000602
11.152475,11.209128,9.249731,23.044790,15.220157,0.000000,0.149130,0.013312,-0.007314,0.001245,0.000320
11.141257,11.186404,9.242082,23.048860,15.219049,0.000000,0.121522,0.012638,-0.008237,0.003798,0.000120
11.541625,11.153221,9.220291,23.052988,15.217940,0.000000,0.106348,0.012098,-0.009617,-0.007856,-0.004162
10.788128,11.095516,9.177958,23.057172,15.216831,0.000000,0.099661,0.013515,-0.011694,-0.000318,-0.000379
10.763156,10.971089,9.140168,23.061407,15.215724,0.000000,0.096473,0.013844,-0.013160,-0.000940,-0.000259
10.278173,10.613935,9.090539,23.065693,15.214620,0.000000,0.103944,0.013073,-0.011801,-0.001835,-0.000184
10.926029,10.968218,9.146233,23.070026,15.213519,0.000000,0.105296,0.013337,-0.008911,-0.003188,-0.000099
11.038851,11.113608,9.165124,23.074404,15.212422,0.000000,0.085830,0.011323,-0.004468,-0.005237,0.000147
10.284337,11.089256,9.169409,23.078828,15.211328,0.000000,0.060261,0.004581,-0.002596,-0.006720,0.000458
10.150545,11.109536,9.217787,23.083295,15.210236,0.000000,0.054318,0.003772,-0.001896,-0.007995,0.000642
10.413813,11.278834,9.368993,23.087805,15.209146,0.000000,0.048357,0.002578,-0.007026,-0.007530,0.001369
11.281099,11.363806,9.466915,23.092357,15.208057,0.000000,0.071565,0.004412,-0.009053,-0.005332,0.001496
10.472780,11.418296,9.525066,23.096952,15.206967,0.000000,0.057123,0.007301,-0.010917,-0.002801,0.000922
10.424235,11.464208,9.519538,23.101588,15.205877,0.000000,0.084053,0.005777,-0.013171,-0.001637,0.000725
10.164708,11.510167,9.432667,23.106264,15.204785,0.000000,0.046103,0.004478,-0.014032,-0.002912,0.001303
10.863677,11.557126,9.290515,23.110979,15.203692,0.000000,0.056351,0.003221,-0.014206,-0.018433,0.005290
10.682156,11.606148,9.125354,23.115732,15.860147,0.000000,0.033087,0.005190,-0.012935,-0.013529,-0.000056
10.451418,11.658908,8.954560,23.120521,15.201502,0.000000,0.037248,0.002699,-0.009289,-0.011298,0.000534
10.056671,11.708290,8.793468,23.125346,15.200405,0.000000,0.033976,0.001767,-0.005646,-0.010586,0.001209
10.272723,11.726325,8.668149,23.130204,19.090689,0.000000,0.055585,0.002722,-0.004035,-0.010996,0.001871
10.325785,11.675936,8.606596,23.135096,15.198207,0.000000,0.014651,0.006646,0.002060,-0.015955,0.004194
10.428181,11.548721,8.601684,23.140019,15.197105,0.000000,0.017296,0.004008,0.001426,-0.012627,0.003286
9.746190,11.367458,8.615827,23.144974,15.196003,0.000000,0.007791,-0.001001,-0.000563,-0.006825,0.001735
9.347683,11.174620,8.634403,23.149961,15.194898,0.000000,0.003376,-0.003448,-0.002864,0.005281,-0.000490
9.814289,11.070699,8.711702,23.154977,15.193792,0.000000,-0.005157,-0.003329,-0.004949,0.008547,-0.001127
10.775374,11.029433,8.829332,23.160022,15.192685,0.000000,0.003825,-0.000682,-0.008111,-0.002258,0.000077
9.898929,11.045027,8.944975,23.165095,15.191577,0.000000,0.002825,-0.000727,-0.006769,-0.012462,0.001629
9.192268,11.090374,9.050035,23.170194,15.190469,0.000000,-0.017688,-0.001591,-0.005285,-0.010551,0.001392
9.855297,11.102100,9.136157,23.175319,15.189361,0.000000,-0.028793,-0.003564,-0.005058,0.000407,-0.000730
10.259322,11.088398,9.210340,23.180468,15.188253,0.000000,-0.041903,-0.005708,-0.004747,-0.011488,0.001969
10.302776,11.053072,9.278730,23.185640,15.187146,0.000000,-0.057802,-0.006228,-0.004531,-0.005693,0.000763
9.106922,10.996608,9.346474,23.190834,15.186040,0.000000,-0.042048,-0.002574,-0.002791,-0.004377,0.000598
9.372051,10.918215,9.417677,23.196050,15.184936,0.000000,-0.030565,-0.005294,-0.000311,-0.005006,0.000676
9.176586,10.818600,9.495469,23.201288,15.183834,0.000000,-0.038711,-0.001967,0.003389,-0.005805,0.000696
9.895290,10.698066,9.581392,23.206549,15.182732,0.000000,-0.055557,-0.000774,0.006561,-0.005189,0.000253
9.327478,10.560294,9.669945,23.211835,15.181631,0.000000,-0.071346,-0.000409,0.006942,-0.002157,-0.000981
9.236459,10.443195,9.726466,23.217146,15.180530,0.000000,-0.057996,0.002640,0.007937,0.000604,-0.001976
8.803241,10.422603,9.714725,23.222483,15.179429,0.000000,-0.077040,-0.002419,0.007921,0.004138,-0.002124
9.387834,10.486586,9.687623,23.227848,15.178328,0.000000,-0.070520,-0.006135,0.007431,0.006583,-0.002560
10.033543,10.566151,9.671137,23.233242,15.177225,0.000000,-0.075024,-0.007695,0.007339,0.007853,-0.002646
8.893622,10.635408,9.661540,23.238664,15.176121,0.000000,-0.077189,-0.006019,0.007253,0.009627,-0.002870
8.737896,10.696357,9.657231,23.244114,15.175016,0.000000,-0.089800,-0.005786,0.005941,0.009608,-0.002755
8.726670,10.757861,9.655627,23.249594,15.173910,0.000000,-0.108434,-0.010317,0.003616,0.010381,-0.002683
9.727555,10.820588,9.644226,23.255103,15.172802,0.000000,-0.132226,-0.011077,0.003236,0.001526,-0.001377
8.698509,10.871620,9.620468,23.260641,15.171694,0.000000,-0.120389,-0.008635,0.004571,-0.003013,-0.000788
8.681884,10.929036,9.588331,23.266208,15.170584,0.000000,-0.118155,-0.010635,0.007522,-0.003475,-0.000720
9.115048,10.992995,9.548224,23.271805,15.169472,0.000000,-0.114924,-0.010137,0.011601,-0.003887,-0.000634
8.865193,11.044086,9.499890,23.277432,15.168359,0.000000,-0.126594,-0.009099,0.008557,-0.001539,-0.000696
9.285345,11.088687,9.442897,23.283090,15.167245,0.000000,-0.120991,-0.008856,0.006195,0.002367,-0.000863
8.794669,11.129938,9.376475,23.288781,15.166128,0.000000,-0.135918,-0.009241,0.006824,0.003781,-0.000424
9.052007,11.169647,9.299326,23.294504,16.550500,0.000000,-0.118242,-0.006821,0.007758,0.003880,-0.000263
9.151144,11.208404,9.209554,23.300263,15.163887,0.000000,-0.142459,-0.007810,0.007520,-0.003852,-0.000392
8.846916,11.244561,9.105145,23.306056,15.162762,0.000000,-0.132864,-0.009179,0.009852,-0.004096,-0.000364
8.478680,11.270283,8.986427,23.311887,15.161633,0.000000,-0.152441,-0.009854,0.009385,-0.002128,-0.000241
8.445010,11.259227,8.863689,23.317756,15.643767,0.000000,-0.114689,-0.010420,0.009768,0.000981,-0.000095
8.419550,11.139571,8.761697,23.323668,15.159362,0.000000,-0.140352,-0.008628,0.010718,0.002905,0.000457
8.409371,10.817904,8.691812,23.329624,16.838850,0.000000,-0.139073,-0.015569,0.014137,0.002066,0.000547
8.408464,10.924001,9.071453,23.335628,16.124519,0.000000,-0.176941,-0.012580,0.016963,0.002171,0.000689
8.406366,10.915156,9.412424,23.341680,15.155908,0.000000,-0.167507,-0.015673,0.014305,0.004977,0.000936
8.410169,11.097441,9.541664,23.347780,15.154742,0.000000,-0.189829,-0.013325,0.011534,0.002678,0.000726
8.423308,11.179893,9.616573,23.353931,18.543120,0.000000,-0.180709,-0.007711,0.008739,0.000482,0.000397
8.452733,11.107980,9.685992,23.360131,15.152385,0.000000,-0.206622,-0.007509,0.005225,0.000125,0.000209
8.484407,10.995031,9.750395,23.366380,15.151195,0.000000,-0.154836,-0.011366,0.002675,0.003943,0.001071
8.661499,10.889213,9.810232,23.372679,15.149996,0.000000,-0.213481,-0.015810,0.001480,-0.002675,0.001113
8.533675,10.795665,9.864981,23.379028,15.148790,0.000000,-0.195284,-0.014706,0.000855,-0.001332,0.001139
8.552143,10.712002,9.914124,23.385425,15.147576,0.000000,-0.202257,-0.017203,0.002098,0.001562,0.000986
8.567549,10.635542,9.957288,23.391868,15.146356,0.000000,-0.179097,-0.021641,0.003784,-0.000447,-0.000107
8.653961,10.563733,9.994180,23.398358,15.145129,0.000000,-0.210530,-0.022902,0.006469,-0.001672,-0.000001
9.100024,10.494987,10.024515,23.404891,15.143896,0.000000,-0.186333,-0.019118,0.007658,-0.002010,0.000073
9.283008,10.432657,10.047956,23.411467,15.142658,0.000000,-0.192575,-0.013138,0.007418,-0.002350,0.000188
8.935037,10.379537,10.063980,23.418086,16.729039,0.000000,-0.232781,-0.008821,0.010803,-0.002543,0.000343
8.612628,10.329078,10.071678,23.424748,16.133364,0.000000,-0.215166,-0.006581,0.009802,-0.001289,0.000491
8.616669,10.282358,10.069528,23.431454,15.138916,0.000000,-0.216777,-0.010337,0.007399,0.000725,0.000616
8.619263,10.249319,10.054919,23.438206,15.137660,0.000000,-0.206386,-0.005157,0.004899,0.003251,0.000758
8.620424,10.291216,10.022280,23.445003,15.391524,0.000000,-0.241115,-0.003252,0.002381,0.005096,0.000854
8.620145,10.069005,9.997905,23.451849,15.135134,0.000000,-0.196957,-0.011932,0.004335,0.005309,0.000937
8.618396,9.948462,10.002728,23.458743,15.133863,0.000000,-0.204023,-0.018392,0.004158,0.003069,0.001059
8.659852,9.891144,10.026507,23.465688,15.132588,0.000000,-0.229413,-0.019445,0.003825,0.002259,0.001622
8.692700,9.818932,10.035916,23.472684,15.131307,0.000000,-0.221923,-0.019822,0.002677,0.001059,0.000785
8.603339,9.713542,10.027365,23.479732,15.130021,0.000000,-0.218657,-0.016289,0.001588,0.001584,0.001201
8.595132,9.623531,10.012819,23.486833,15.128730,0.000000,-0.226925,-0.012358,0.001100,0.001928,0.001607
8.719817,9.739057,10.029973,23.493985,15.127434,0.000000,-0.251547,-0.012097,0.000378,0.002752,0.000964
8.944255,9.905585,10.051968,23.501188,15.126134,0.000000,-0.231261,-0.015724,0.000350,0.003595,0.000972
9.127485,10.045141,10.066510,23.508442,15.124829,0.000000,-0.219582,-0.013827,-0.000645,0.002214,0.001411
8.575988,10.163711,10.076959,23.515745,15.123521,0.000000,-0.238193,-0.011540,-0.002724,0.003262,0.000991
8.539929,10.269455,10.085807,23.523097,15.122208,0.000000,-0.250342,-0.012482,-0.005078,0.000809,0.000540
8.606609,10.369199,10.093942,23.530496,15.130887,0.000000,-0.224874,-0.010525,-0.005376,0.002482,0.000692
8.690257,10.465916,10.100610,23.537943,15.146958,0.000000,-0.239225,-0.008101,-0.006695,0.003048,0.000793
9.025532,10.559649,10.102195,23.545437,15.163056,0.000000,-0.222876,-0.005019,-0.008038,0.002409,0.000695
9.340230,10.646326,10.091819,23.552979,15.179172,0.000000,-0.215022,-0.011391,-0.002826,0.002673,0.000768
9.398758,10.686712,10.067260,23.560570,15.195295,0.000000,-0.203302,-0.010299,-0.002286,0.002826,0.001102
8.807313,10.650865,10.034261,23.568210,15.211417,0.000000,-0.234256,-0.007902,-0.003414,0.002473,0.001002
8.928118,10.590994,9.997153,23.575900,15.227531,0.000000,-0.225211,-0.007525,-0.003424,0.002376,0.000201
8.451742,10.514254,9.963898,23.583642,15.243631,0.000000,-0.249486,-0.008022,-0.003832,0.002077,-0.000183
8.452513,10.423862,9.938045,23.591435,15.259707,0.000000,-0.234518,-0.007802,-0.004331,0.001942,0.000835
9.188820,10.327176,9.919619,23.599279,15.275754,0.000000,-0.236190,-0.008730,-0.004721,0.002635,0.001196
9.456963,10.229935,9.906835,23.607172,15.291763,0.000000,-0.218810,-0.010680,-0.004639,0.002708,0.001008
9.262512,10.131510,9.896970,23.615114,15.307727,0.000000,-0.211370,-0.011266,-0.005168,0.002550,0.000716
8.590026,10.036117,9.887863,23.623104,15.323638,0.000000,-0.217058,-0.007252,-0.006103,0.002041,0.000328
8.452660,9.952892,9.878688,23.631143,15.339489,0.000000,-0.240492,-0.008888,-0.006726,0.002290,0.000625
8.516657,9.871020,9.869732,23.639230,15.355276,0.000000,-0.257623,-0.007491,-0.008797,0.001475,0.000330
9.057466,9.802020,9.864882,23.647367,16.646558,0.000000,-0.238942,-0.003306,-0.010264,0.001364,-0.000626
10.342279,9.762826,9.872886,23.655555,15.386646,0.000000,-0.233067,-0.002364,-0.009143,0.000681,-0.000650
9.773651,9.769801,9.903103,23.663794,15.402225,0.000000,-0.220611,-0.004214,-0.006075,0.000528,-0.000762
9.080525,9.817781,9.953499,23.672082,15.417731,0.000000,-0.218465,-0.003798,-0.004768,0.003712,-0.001546
8.417964,9.883344,10.013749,23.680417,15.433163,0.000000,-0.221911,-0.002332,-0.004938,0.000795,0.001675
8.407757,9.945966,10.076874,23.688795,15.904637,0.000000,-0.200274,0.000435,-0.005332,0.001163,0.001225
8.582899,10.000230,10.139705,23.697215,15.463789,0.000000,-0.215640,-0.000283,-0.005796,0.001611,0.000894
9.875154,10.048214,10.200828,23.705672,15.478976,0.000000,-0.214619,-0.001033,-0.006227,0.001403,0.000793
10.977069,10.089614,10.259923,23.714164,15.494071,0.000000,-0.202565,-0.001806,-0.007039,0.001266,0.000762
9.744738,10.122691,10.316987,23.722689,15.509069,0.000000,-0.200014,-0.004250,-0.007374,0.001334,0.000716
9.337753,10.146787,10.371864,23.731245,15.523963,0.000000,-0.204659,-0.003183,-0.006474,0.003502,0.000425
8.531858,10.167706,10.424041,23.739830,15.538748,0.000000,-0.219157,-0.000700,-0.006362,0.001628,0.000616
8.389315,10.192562,10.472585,23.748444,15.553416,0.000000,-0.208657,0.002476,-0.005765,0.001720,0.000517
9.465509,10.213191,10.516211,23.757084,15.567961,0.000000,-0.199739,0.006198,-0.005660,0.002621,0.000331
10.531614,10.226867,10.553470,23.765750,15.582377,0.000000,-0.205350,0.009149,-0.006688,0.004039,0.000039
9.788253,10.232868,10.582966,23.774442,15.596658,0.000000,-0.211188,0.006451,-0.006564,0.006195,-0.000501
9.160197,10.229941,10.603365,23.783157,15.610797,0.000000,-0.206472,0.002444,-0.005516,-0.002393,-0.000715
9.030404,10.216592,10.613302,23.791895,15.624790,0.000000,-0.198040,0.001595,-0.004730,-0.002052,-0.000998
8.546443,10.190906,10.611552,23.800653,15.638632,0.000000,-0.218282,0.001472,-0.004851,-0.001672,-0.000919
9.339201,10.150912,10.597537,23.809430,15.652318,0.000000,-0.196970,0.001047,-0.005946,0.000887,0.000479
9.723452,10.096523,10.571857,23.818223,15.665842,0.000000,-0.196014,0.001983,-0.006570,0.001315,0.000332
9.278437,10.030541,10.536551,23.827029,15.679200,0.000000,-0.186887,0.004577,-0.006055,0.001734,0.000213
9.162512,9.958615,10.495333,23.835844,15.692386,0.000000,-0.190737,0.005579,-0.005747,0.002081,0.000102
8.968818,9.889312,10.454259,23.844667,15.705393,0.000000,-0.170304,0.005199,-0.004961,0.002904,-0.000058
9.021484,9.835623,10.422526,23.853494,15.718213,0.000000,-0.180181,0.007309,-0.004006,0.004617,-0.000340
9.004494,9.814059,10.411058,23.862323,15.730839,0.000000,-0.181152,0.008429,-0.003426,0.004095,-0.000306
9.404220,9.831154,10.424587,23.871153,15.743263,0.000000,-0.180351,0.008432,-0.002963,0.001145,-0.000006
9.382197,9.871955,10.455830,23.879981,15.755476,0.000000,-0.177254,0.008877,-0.002352,0.000335,-0.000013
8.599757,9.916356,10.494023,23.888804,15.767468,0.000000,-0.180463,0.008827,-0.002000,0.001532,-0.000033
8.755602,9.953545,10.532606,23.897621,15.779233,0.000000,-0.177964,0.007609,-0.002153,0.001879,-0.000085
8.943331,9.980904,10.568858,23.906429,15.790760,0.000000,-0.142656,0.006513,-0.003590,0.003818,-0.000349
9.863578,10.000218,10.601885,23.915225,15.802041,0.000000,-0.151008,0.006253,-0.002190,0.003486,-0.000314
9.422928,10.011804,10.631492,23.924007,15.813066,0.000000,-0.173436,0.007302,-0.000760,0.002552,-0.000201
9.195878,10.014859,10.657754,23.932772,15.823825,0.000000,-0.174422,0.008897,-0.000165,0.001357,-0.000168
8.594695,10.009856,10.680918,23.941519,15.834310,0.000000,-0.159888,0.009411,-0.000339,0.000629,-0.000198
8.398795,9.997678,10.701379,23.950245,15.844508,0.000000,-0.167213,0.008815,-0.000876,-0.000971,-0.000686
8.958626,9.979281,10.719626,23.958947,15.854412,0.000000,-0.163738,0.008001,-0.001915,-0.001499,-0.001093
9.710332,9.955553,10.736120,23.967622,15.864010,0.000000,-0.160858,0.006546,-0.003338,-0.001473,-0.000663
9.930459,9.927299,10.751177,23.976269,15.873294,0.000000,-0.135392,0.004861,-0.004703,-0.000374,-0.000171
9.094803,9.895294,10.764842,23.984882,15.882253,0.000000,-0.148270,0.004265,-0.004560,0.000978,-0.000151
8.660792,9.860090,10.776790,23.993459,15.890880,0.000000,-0.162046,0.005839,-0.002914,0.001121,-0.000178
8.289762,9.821638,10.786301,24.001996,15.899162,0.000000,-0.143837,0.006489,-0.001629,0.001858,-0.000248
8.519320,9.779393,10.792511,24.010489,15.907090,0.000000,-0.137374,0.007676,-0.000304,0.002794,-0.000366
9.209008,9.732769,10.794953,24.018935,15.914654,0.000000,-0.139644,0.008894,0.000601,0.002769,-0.000389
8.879408,9.682089,10.793795,24.027331,15.921840,0.000000,-0.132718,0.009539,0.001056,0.000189,-0.000232
9.194109,9.630122,10.789315,24.035673,15.928637,0.000000,-0.127064,0.009389,0.000834,-0.001643,-0.000935
8.803800,9.572883,10.781087,24.043958,15.935032,0.000000,-0.124928,0.007507,-0.000462,-0.001867,-0.001227
8.378277,9.508318,10.767141,24.052181,15.941014,0.000000,-0.123437,0.007193,-0.000822,-0.002150,-0.000572
8.421991,9.430667,10.742732,24.060340,15.946570,0.000000,-0.138699,0.009328,0.000068,0.000771,-0.000215
8.859529,9.328085,10.698882,24.068430,15.951689,0.000000,-0.124217,0.009893,0.000541,0.003536,-0.000522
8.601935,9.214909,10.645603,24.076447,15.956358,0.000000,-0.128182,0.011203,0.000914,0.003662,-0.000523
8.640453,9.285835,10.722846,24.084386,15.960564,0.000000,-0.121447,0.011807,0.001003,0.001898,-0.000320
8.559140,9.262723,10.709464,24.090836,15.967762,0.000000,-0.108764,0.011540,0.003264,-0.001091,0.000068
8.488806,9.259132,10.709429,24.097300,15.977364,0.000000,-0.107574,0.009114,0.001233,0.001325,-0.000058
8.428757,9.274030,10.722072,24.103782,15.989426,0.000000,-0.089672,0.002280,-0.002214,0.001320,0.000001
8.374108,9.299095,10.741508,24.110285,16.003981,0.000000,-0.064910,0.004531,-0.001587,0.000625,0.000000
8.319361,9.326810,10.762479,24.116831,16.021008,0.000000,-0.047634,0.007828,0.000267,0.000286,-0.000014
8.262506,9.353338,10.782420,24.123455,16.040426,0.000000,-0.061425,0.010748,0.003114,-0.000091,-0.000030
8.206652,9.377316,10.800565,24.130205,16.062089,0.000000,-0.080271,0.012135,0.009537,-0.000505,-0.000032
8.157631,9.398475,10.816929,24.137140,16.085811,0.000000,-0.077834,0.008755,0.002256,-0.000166,-0.000020
8.115186,9.416919,10.831758,24.144318,16.111380,0.000000,-0.048182,0.010392,-0.001864,-0.000083,0.000009
8.083734,9.432834,10.845305,24.151797,16.138595,0.000000,-0.045307,0.007977,-0.002087,0.000064,0.000014
8.071352,9.446394,10.857760,24.159619,16.167299,0.000000,-0.065408,0.003682,-0.001660,0.000100,0.000022
8.058954,9.457756,10.869261,24.167815,16.197401,0.000000,-0.085330,0.005162,0.002264,-0.000589,0.000049
8.046539,9.467072,10.879926,24.176398,16.228874,0.000000,-0.095952,0.006596,0.000725,0.000338,0.000064
8.034101,9.474492,10.889867,24.185374,16.261738,0.000000,-0.104085,0.010301,0.002780,0.000638,0.000104
8.021630,9.480158,10.899201,24.194745,16.296043,0.000000,-0.090510,0.007401,0.001404,0.000578,0.000058
8.009115,9.484204,10.908043,24.204509,16.331853,0.000000,-0.092546,0.010711,0.004613,0.000271,0.000062
7.996539,9.486755,10.916512,24.214662,16.369257,0.000000,-0.100940,0.010594,0.006416,-0.001539,-0.000060
7.983889,9.487923,10.924728,24.225197,16.408356,0.000000,-0.078516,0.008964,0.002076,-0.000008,-0.000049
7.971148,9.487801,10.932794,24.236108,16.449251,0.000000,-0.073906,0.007773,0.001661,0.000281,-0.000037
7.958303,9.486456,10.940785,24.247392,16.492021,0.000000,-0.078224,0.006963,0.002425,0.000165,-0.000023
7.945342,9.483934,10.948746,24.259050,16.536713,0.000000,-0.086164,0.006885,0.002937,-0.000171,-0.000002
7.932255,9.480273,10.956698,24.271086,16.583341,0.000000,-0.093532,0.007777,0.002397,-0.000611,0.000040
7.919031,9.475509,10.964647,24.283505,16.631895,0.000000,-0.096937,0.009253,0.001656,-0.001199,0.000123
7.905659,9.469685,10.972599,24.296315,16.682344,0.000000,-0.100434,0.010925,0.001809,0.000004,0.000014
7.892125,9.462852,10.980559,24.309523,16.734647,0.000000,-0.096821,0.009870,0.003658,-0.001034,0.000263
7.878418,9.455069,10.988541,24.323137,16.788763,0.000000,-0.097325,0.009559,0.003571,-0.001941,0.000349
7.864525,9.446395,10.996563,24.337160,16.844651,0.000000,-0.097320,0.009343,0.004290,-0.001913,0.000330
7.850432,9.436894,11.004645,24.351598,16.902270,0.000000,-0.096304,0.009205,0.004801,-0.001139,0.000127
7.836127,9.426628,11.012812,24.366453,16.961580,0.000000,-0.095829,0.009019,0.004381,-0.001171,0.000138
7.821597,9.415655,11.021088,24.381728,17.022541,0.000000,-0.093971,0.008823,0.004135,-0.000187,-0.000065
7.806831,9.404032,11.029497,24.397424,17.085115,0.000000,-0.092705,0.008626,0.003650,0.000250,-0.000174
7.791817,9.391809,11.038064,24.413538,17.149262,0.000000,-0.095429,0.008541,0.003239,0.001906,-0.000464
7.776547,9.379031,11.046810,24.430068,17.214943,0.000000,-0.096441,0.008206,0.003281,-0.001476,-0.000094
7.761010,9.365740,11.055758,24.447009,17.282114,0.000000,-0.096057,0.008067,0.003471,-0.006041,0.000827
7.745199,9.351973,11.064927,24.464354,17.350724,0.000000,-0.093362,0.008215,0.004059,-0.003758,0.000554
7.729107,9.337770,11.074340,24.482093,17.420713,0.000000,-0.091310,0.008149,0.004109,-0.003166,0.000466
7.712728,9.323168,11.084015,24.500211,17.492007,0.000000,-0.091174,0.008217,0.003550,-0.002818,0.000369
7.717621,9.308203,11.093972,24.518692,17.564515,0.000000,-0.093065,0.008719,0.002834,0.001578,-0.000454
7.896945,9.292911,11.104227,24.537513,17.638131,0.000000,-0.091412,0.008561,0.002899,0.000331,-0.000312
8.199208,9.277327,11.114796,24.556649,17.819932,0.000000,-0.092241,0.008576,0.002866,-0.001699,0.000106
8.534112,9.261483,11.125695,24.576067,20.497318,0.000000,-0.089635,0.008344,0.003160,-0.001208,0.000118
8.178041,9.245413,11.136941,24.595731,17.864369,0.000000,-0.087566,0.007932,0.003324,-0.000561,0.000095
7.949249,9.229152,11.148547,24.615597,17.941061,0.000000,-0.087085,0.007502,0.003048,0.000683,-0.000182
7.780414,9.212733,11.160526,24.635612,18.018073,0.000000,-0.083805,0.006743,0.003209,0.000482,-0.000502
7.690063,9.196194,11.172888,24.655716,18.095172,0.000000,-0.079024,0.006581,0.003570,-0.001061,-0.000155
7.605428,9.179575,11.185645,24.675842,18.172099,0.000000,-0.078048,0.006899,0.004034,-0.001425,-0.000081
7.551805,9.162922,11.198818,24.695915,18.248577,0.000000,-0.081752,0.007594,0.004314,-0.001733,-0.000058
7.514376,9.146289,11.212436,24.715854,18.324301,0.000000,-0.085714,0.008166,0.003990,-0.002542,-0.000011
7.494967,9.129735,11.226541,24.735570,18.398946,0.000000,-0.088583,0.008514,0.003571,-0.003887,0.000097
7.475403,9.113327,11.241182,24.754969,18.472156,0.000000,-0.090631,0.008046,0.003796,-0.003685,0.000501
7.455705,9.097137,11.256419,24.773946,18.543545,0.000000,-0.090035,0.007867,0.003207,-0.004579,-0.002345
7.435895,9.081244,11.272317,24.792389,18.612696,0.000000,-0.086338,0.007663,0.004237,0.000182,-0.000986
7.415999,9.065730,11.288946,24.810177,18.679161,0.000000,-0.084495,0.007730,0.004798,-0.000861,-0.000518
7.396044,9.050683,11.306379,24.827179,18.742462,0.000000,-0.086965,0.008140,0.005408,-0.001320,-0.000584
7.376057,9.036195,11.324691,24.843259,18.802100,0.000000,-0.090174,0.008527,0.005029,-0.003057,-0.000880
7.356069,9.022359,11.343960,24.858274,18.857560,0.000000,-0.086306,0.007421,0.004850,-0.002029,0.000175
7.352433,9.009272,11.364261,24.872079,18.908327,0.000000,-0.083586,0.006595,0.004588,-0.001809,0.000224
7.357247,8.997025,11.385674,24.884535,18.953896,0.000000,-0.082950,0.006215,0.004322,-0.001890,0.000284
7.362739,8.985709,11.408273,24.895507,18.993787,0.000000,-0.083066,0.006086,0.004150,-0.001959,0.000352
7.369100,8.975404,11.432132,24.904871,19.027555,0.000000,-0.085116,0.005928,0.004146,-0.001242,0.000431
7.376505,8.966183,11.457317,24.912518,19.054808,0.000000,-0.086864,0.005956,0.003934,-0.003525,-0.001196
7.386098,8.970628,11.483887,24.918357,19.075214,0.000000,-0.086721,0.006189,0.003600,-0.003391,-0.000553
7.398423,8.978670,11.511890,24.922313,19.088516,0.000000,-0.085764,0.005780,0.003967,-0.002422,-0.000384
7.412030,8.988012,11.541364,24.924338,19.094542,0.000000,-0.084502,0.005569,0.004105,-0.001438,0.000557
7.427064,8.998676,11.572335,24.924405,19.093212,0.000000,-0.086461,0.009617,0.007682,0.001075,0.000174
7.443673,9.010667,11.604813,24.922515,19.084540,0.000000,-0.067882,0.005307,0.007186,-0.000343,0.000087
7.461984,9.023985,11.638792,24.918698,19.068631,0.000000,-0.066751,0.003274,0.006430,-0.001535,0.000102
7.482119,9.038622,11.674238,24.913018,19.045657,0.000000,-0.072102,0.003051,0.005750,-0.002030,0.000113
7.504071,9.054568,11.711090,24.905561,19.015844,0.000000,-0.075276,0.004690,0.004748,-0.000024,-0.000416
7.527650,9.071813,11.749265,24.896430,18.979458,0.000000,-0.068137,0.004409,0.004711,-0.000241,-0.000112
7.552747,9.090341,11.788670,24.885740,18.936801,0.000000,-0.063569,0.003994,0.004456,-0.000600,-0.000061
7.580524,9.110125,11.829213,24.873607,18.888209,0.000000,-0.068206,0.005706,0.006068,-0.000748,-0.000057
7.611405,9.131134,11.870812,24.860150,18.834060,0.000000,-0.064974,0.004262,0.004835,-0.001400,-0.000073
7.644276,9.153325,11.913400,24.845489,18.774764,0.000000,-0.069008,0.003987,0.004216,-0.002774,-0.000168
7.679177,9.176652,11.956925,24.829743,18.710757,0.000000,-0.070141,0.003481,0.003968,-0.002409,0.001238
7.716096,9.201067,12.001343,24.813035,18.642491,0.000000,-0.066366,0.003329,0.004401,-0.001383,0.000187
7.754773,9.226523,12.046611,24.795485,18.570416,0.000000,-0.065607,0.003341,0.004338,-0.000739,0.000053
7.794443,9.252974,12.092686,24.777213,18.494975,0.000000,-0.066272,0.002888,0.004132,-0.002245,0.000846
7.833533,9.280379,12.139523,24.758336,18.416590,0.000000,-0.064989,0.002560,0.003944,-0.002568,0.000312
7.869246,9.308702,12.187080,24.738966,18.335663,0.000000,-0.063412,0.002439,0.004212,-0.001265,-0.000868
7.897286,9.337909,12.235319,24.719206,18.252572,0.000000,-0.059685,0.002811,0.004219,-0.004103,0.000268
7.912431,9.367972,12.284215,24.699154,18.167671,0.000000,-0.056790,0.002425,0.004811,-0.003658,0.000251
7.910585,9.398866,12.333763,24.678898,18.081296,0.000000,-0.058025,0.002392,0.004798,-0.003020,0.000083
7.891278,9.430570,12.383983,24.658516,17.993765,0.000000,-0.056852,0.002239,0.004658,0.000273,0.000115
7.858009,9.463071,12.434912,24.638080,17.905374,0.000000,-0.051152,0.001911,0.004290,-0.001441,-0.000095
7.815975,9.496359,12.486592,24.617654,17.816394,0.000000,-0.046652,0.001051,0.004534,-0.001907,-0.000070
7.769698,9.530429,12.539058,24.597299,17.727065,0.000000,-0.050651,0.001182,0.004044,-0.003825,-0.000027
7.722166,9.565280,12.592337,24.577069,17.637595,0.000000,-0.051864,0.001186,0.004126,-0.004289,0.000025
7.675062,9.600909,12.646441,24.557013,17.548164,0.000000,-0.054066,0.001306,0.004172,-0.004811,0.000136
7.631520,9.637315,12.701379,24.537174,17.458926,0.000000,-0.055141,0.001400,0.004169,-0.003086,-0.001605
7.591158,9.674490,12.757146,24.517592,17.370013,0.000000,-0.054980,0.001546,0.004174,-0.002515,-0.001237
7.552234,9.712421,12.813731,24.498299,17.281539,0.000000,-0.054028,0.001837,0.004037,-0.000794,-0.000324
7.514658,9.751081,12.871105,24.479324,17.193602,0.000000,-0.053328,0.002028,0.003867,-0.000950,-0.000229
7.478296,9.790429,12.929219,24.460692,17.106288,0.000000,-0.053658,0.002174,0.003714,-0.000656,-0.000260
7.443006,9.830401,12.987992,24.442422,17.019677,0.000000,-0.054134,0.002366,0.003573,-0.000419,-0.000281
7.408656,9.870896,13.047292,24.424532,16.933836,0.000000,-0.054894,0.002526,0.003431,-0.000089,-0.000312
7.375128,9.911767,13.106909,24.407034,16.848831,0.000000,-0.056047,0.002481,0.003437,0.001874,-0.000290
7.344792,9.952795,13.166529,24.389939,16.764722,0.000000,-0.056325,0.002503,0.003494,0.004203,-0.000556
7.315764,9.993676,13.225688,24.373256,16.681561,0.000000,-0.056638,0.002539,0.003285,-0.002124,0.002253
7.287227,10.033988,13.283740,24.356991,16.599401,0.000000,-0.055966,0.002879,0.003403,-0.004124,0.000097
7.259230,10.073183,13.339824,24.341149,16.518285,0.000000,-0.055489,0.003891,0.002484,-0.004867,0.000256
7.231872,10.110581,13.392866,24.325732,16.438253,0.000000,-0.056154,0.003778,0.002598,-0.004763,0.000117
7.205256,10.145414,13.441642,24.310744,16.359336,0.000000,-0.056391,0.003266,0.003205,-0.003620,-0.000565
7.179479,10.176911,13.484914,24.296186,16.281555,0.000000,-0.057334,0.003005,0.003230,0.001534,0.003925
7.154616,10.204427,13.521624,24.282055,16.204926,0.000000,-0.058007,0.003161,0.003245,0.000556,0.002793
7.131856,10.227571,13.551098,24.268352,16.129463,0.000000,-0.058238,0.003350,0.003303,-0.003211,-0.001870
7.110968,10.246290,13.573155,24.255073,16.055176,0.000000,-0.058007,0.003706,0.003379,-0.003067,-0.000552
7.090701,10.260856,13.588087,24.242214,15.982069,0.000000,-0.058365,0.003928,0.003489,-0.003407,-0.000221
7.070918,10.271765,13.596497,24.229772,15.910144,0.000000,-0.059285,0.003996,0.003445,-0.001580,-0.000748
7.051475,10.279606,13.599072,24.217739,15.839396,0.000000,-0.060936,0.003725,0.003220,-0.002207,-0.003460
7.032229,10.284927,13.596384,24.206111,15.769818,0.000000,-0.061851,0.003857,0.003286,0.003985,-0.000044
7.013060,10.288164,13.588764,24.194880,15.701399,0.000000,-0.062301,0.003940,0.003138,0.001127,-0.000158
6.993893,10.289609,13.576276,24.184039,15.634128,0.000000,-0.063053,0.004030,0.003129,0.001521,0.000036
6.974705,10.289420,13.558778,24.173581,15.567993,0.000000,-0.063375,0.004140,0.003181,-0.000035,-0.002666
6.955502,10.287660,13.536040,24.163496,15.502980,0.000000,-0.064222,0.004294,0.003101,0.000110,-0.002535
6.936267,10.284337,13.507882,24.153778,15.439077,0.000000,-0.064700,0.004620,0.002935,0.000516,-0.001544
6.916934,10.279439,13.474303,24.144417,15.376270,0.000000,-0.066541,0.004518,0.003106,0.001200,-0.002488
6.897415,10.272972,13.435554,24.135405,15.314543,0.000000,-0.067409,0.005057,0.002593,-0.000882,-0.001369
6.877650,10.264964,13.392165,24.126733,15.253882,0.000000,-0.068590,0.004867,0.003055,0.000895,-0.001752
6.858024,10.255478,13.344892,24.118394,15.194270,0.000000,-0.071228,0.004603,0.003292,0.004175,-0.001286
6.838133,10.244595,13.294638,24.110380,15.135692,0.000000,-0.073254,0.004876,0.002791,-0.002782,0.001193
6.817765,10.232409,13.242345,24.102681,15.078135,0.000000,-0.074034,0.005989,0.001682,-0.007902,0.001988
6.796764,10.219014,13.188912,24.095291,15.021585,0.000000,-0.067386,0.005656,0.002908,-0.004466,0.000920
6.774983,10.204502,13.135136,24.088201,15.023057,0.000000,-0.065498,0.005885,0.002886,-0.004188,0.000922
6.752321,10.188956,13.081685,24.081405,15.025012,0.000000,-0.065528,0.006074,0.002759,-0.004670,0.001190
6.728696,10.172457,13.029093,24.074895,15.026918,0.000000,-0.065044,0.006200,0.002765,-0.004522,0.001248
6.704841,10.155081,12.977771,24.068664,15.028776,0.000000,-0.065058,0.006164,0.002870,-0.002403,0.000977
6.680172,10.136903,12.928021,24.062705,15.030588,0.000000,-0.065274,0.006332,0.002910,0.002542,-0.002301
6.654610,10.117995,12.880055,24.057010,15.032353,0.000000,-0.060845,0.006930,0.003702,-0.000831,-0.000525
6.628102,10.098425,12.833997,24.051574,15.034072,0.000000,-0.058724,0.006856,0.003591,-0.001246,-0.000424
6.600582,10.078261,12.789894,24.046391,15.035747,0.000000,-0.059195,0.007310,0.002198,-0.002119,-0.000513
6.574406,10.057565,12.747719,24.041454,15.037378,0.000000,-0.060065,0.007384,0.001892,-0.004292,0.000753
6.591303,10.036398,12.707388,24.036759,15.038964,0.000000,-0.060266,0.007861,0.002360,-0.004541,0.000993
6.607896,10.014819,12.668792,24.032302,15.040506,0.000000,-0.059442,0.007952,0.002993,-0.002914,0.000476
6.624172,9.992887,12.631811,24.028078,15.042005,0.000000,-0.061872,0.007940,0.002814,-0.003653,0.000582
6.640123,9.970656,12.596338,24.024082,15.043460,0.000000,-0.064106,0.007732,0.002597,-0.002564,0.000783
6.655740,9.948179,12.562271,24.020310,15.044873,0.000000,-0.065481,0.007647,0.002435,-0.001644,0.002103
6.671016,9.925505,12.529515,24.016756,15.046244,0.000000,-0.066035,0.007780,0.002436,-0.002693,0.001563
6.796377,9.902678,12.497973,24.013415,15.047574,0.000000,-0.066285,0.008038,0.002341,-0.005216,0.001175
6.942257,9.879738,12.467551,24.010283,15.048862,0.000000,-0.066761,0.008063,0.002447,-0.006550,0.001795
7.130305,9.856723,12.438155,24.007356,15.050110,0.000000,-0.067368,0.008072,0.002523,-0.005519,0.002098
7.370295,9.833665,12.409694,24.004628,15.105217,0.000000,-0.067898,0.008210,0.002504,-0.001702,0.000528
7.663298,9.810592,12.382084,24.002097,17.218749,0.000000,-0.068049,0.008768,0.001916,-0.001748,-0.000233
7.589100,9.787530,12.355248,23.999757,16.067608,0.000000,-0.069147,0.008838,0.001816,-0.000633,-0.000437
7.409854,9.764498,12.329124,23.997604,15.054702,0.000000,-0.071023,0.008729,0.001889,0.001552,-0.000794
7.304342,9.741514,12.303664,23.995634,15.055753,0.000000,-0.072715,0.008724,0.001845,0.002208,-0.001365
7.239883,9.718593,12.278826,23.993843,15.056766,0.000000,-0.074000,0.008654,0.001710,-0.003378,-0.003957
7.198280,9.695745,12.254578,23.992225,15.057742,0.000000,-0.074994,0.008890,0.001586,-0.000841,-0.003040
7.171307,9.672982,12.230891,23.990776,15.058680,0.000000,-0.076055,0.009100,0.001421,0.000870,-0.002848
7.154312,9.650309,12.207741,23.989492,15.059583,0.000000,-0.076198,0.009707,0.000911,0.003924,-0.001301
7.144467,9.627734,12.185105,23.988368,15.060449,0.000000,-0.077644,0.009352,0.001331,0.004943,-0.002894
7.140093,9.605261,12.162970,23.987401,15.061280,0.000000,-0.077331,0.009304,0.001343,-0.002306,-0.004353
7.140179,9.582893,12.141322,23.986585,15.062076,0.000000,-0.078076,0.009492,0.001268,0.000854,-0.002960
7.143879,9.560632,12.120150,23.985917,15.062839,0.000000,-0.078337,0.009653,0.001263,0.003867,-0.002307
