0.009068,0.018731,0.049229,2.190464,14.725862
0.172840,0.220023,0.112181,25.638796,14.962823
0.802759,0.314908,0.113927,25.105933,14.976482
1.892792,0.317793,2.162569,25.702379,17.629561
2.551920,0.292775,2.718805,27.514142,24.192701
2.959718,0.634043,2.724833,26.710647,21.056731
3.251459,4.721035,6.098850,26.732272,19.125714
3.596143,5.322860,8.969229,26.382909,18.855188
3.914842,5.495699,8.827821,26.001286,17.743644
4.207917,5.422047,8.606201,26.000667,16.938460
4.327471,5.317694,10.758155,26.177611,16.007321
4.390996,5.178768,10.738916,26.350860,14.919182
4.391665,10.228384,10.392989,27.419222,14.927825
4.393426,10.237322,10.053034,27.033712,14.924526
4.446839,9.736479,10.058371,26.200779,16.222106
4.433865,9.582649,10.057085,26.015813,17.386521
4.661812,9.567033,10.180765,26.039309,16.203796
4.734156,9.671669,10.176292,26.023178,15.037726
4.775887,9.153089,10.629890,26.019704,14.963917
4.777726,9.061208,10.820013,25.963262,14.984608
4.799739,8.469572,11.374907,25.771739,15.008456
4.934072,8.152086,11.534743,25.472712,15.031769
5.023177,8.290338,12.041845,25.309656,15.051423
6.382384,8.704243,11.840168,25.305505,15.065941
6.471574,9.061009,11.779622,25.232742,15.074652
7.461753,9.040377,12.088550,25.145699,15.077679
7.697742,10.194101,10.867814,25.082654,15.075850
8.478502,9.310357,12.056912,25.056641,15.070480
8.692227,9.589978,11.824980,25.059354,15.062938
9.058622,9.377390,11.970895,25.079204,15.054732
9.347801,9.308430,12.067776,25.106792,15.047398
9.531569,9.321277,12.044388,25.134967,15.091608
9.880208,9.100221,12.143792,25.159284,15.109495
10.173898,8.939138,12.236728,25.180119,15.040197
10.338595,9.133650,12.061542,25.202428,15.042809
10.368482,8.726687,12.010010,25.233195,15.046563
10.745356,9.052358,12.302593,25.280083,15.050464
10.611305,8.852543,12.024988,25.350267,15.053754
11.442177,9.187285,12.218800,25.448641,15.056053
10.773835,8.630809,12.199241,25.574470,15.057391
11.618188,9.136446,12.253812,25.710327,15.058089
11.409207,8.748551,11.726208,25.805514,15.058501
12.586434,9.098559,11.918838,25.809315,15.058741
11.562816,9.276865,11.588747,25.746444,15.058762
11.464220,9.301276,11.490434,25.666788,15.058497
11.520934,9.661729,11.058291,25.590902,15.057891
12.190936,9.585802,11.154270,25.521401,15.056899
11.624275,9.527124,11.167573,25.454801,15.055441
11.351657,9.990258,10.689699,25.385475,15.053419
10.403710,10.180604,10.180963,25.308562,15.050755
10.742671,9.361266,11.010803,25.227227,15.047376
10.139724,9.149289,11.337004,25.170757,15.043251
10.864591,9.232555,11.357931,25.162663,15.170288
9.349991,9.810595,11.185054,25.171280,15.268748
10.542184,10.423238,11.321978,25.176056,15.428651
9.661009,9.341169,11.579488,25.174725,15.658670
10.034364,8.953664,11.982560,25.169089,20.999446
9.993618,8.983747,12.101714,25.161030,16.258887
10.033322,9.029425,12.153624,25.151332,16.602244
9.470702,8.882244,12.348919,25.139255,16.958411
9.498482,8.890166,12.638544,25.122432,17.316883
8.985927,9.060028,13.022249,25.097243,17.669460
9.258047,8.883537,13.504926,25.065037,18.019584
9.073198,8.547568,13.641523,25.062044,18.437688
9.833075,8.825406,13.570300,25.094544,18.937580
8.931039,9.007505,13.490174,25.113639,19.428263
9.261015,8.928488,13.368025,25.107593,19.890532
9.394233,8.901947,13.369465,25.074707,20.325232
8.791989,9.217217,13.620762,25.014711,20.734003
8.940718,9.136118,13.688953,24.930727,21.107086
8.942861,9.062478,13.807512,24.836479,21.374746
9.681052,9.147376,13.961707,24.764690,21.345076
9.112546,9.353007,14.010958,24.727585,20.969189
8.755016,9.677893,14.018371,24.698301,20.457206
8.743694,9.822865,13.981029,24.661589,19.925740
9.513853,9.257512,13.573243,24.613320,19.402092
8.924098,10.087973,14.235848,24.550002,18.887610
8.281463,10.330639,14.663732,24.462410,18.363061
8.442939,10.377363,14.975101,24.372707,17.867826
8.863273,10.418973,14.348498,24.416894,17.658336
8.596433,10.726924,14.145825,24.445146,17.443751
8.306450,10.881704,14.034726,24.455409,17.215774
8.543649,10.882716,13.873621,24.457360,16.990061
8.529162,10.970027,13.723119,24.455016,16.773392
8.106579,11.286288,13.679849,24.450429,16.568295
8.154931,11.196195,13.644830,24.444853,16.375241
7.643135,11.252627,13.680521,24.439000,16.194716
7.840374,11.393313,13.748237,24.433263,16.027263
7.806865,11.546983,13.738805,24.427989,15.872350
7.721952,11.601170,13.766625,24.423508,15.729444
7.239023,11.500470,13.938881,24.420141,15.598423
7.040918,11.385758,14.097607,24.418252,15.479558
7.540376,11.186194,14.190261,24.418253,15.373280
7.179397,11.066691,14.159699,24.420584,15.279780
6.548302,11.271620,13.965193,24.425768,15.199724
6.428606,11.327156,13.821924,24.434258,15.134077
6.917559,11.375237,13.587599,24.446242,15.083499
6.476186,11.504712,13.159183,24.461532,15.081708
6.171405,11.695180,12.399312,24.479667,15.080953
6.078261,11.282142,12.961272,24.500072,15.079848
5.867578,11.307558,13.243496,24.522201,15.078400
6.826553,11.386755,13.336876,24.545613,15.076610
5.995958,11.276996,13.318163,24.570005,15.074480
6.344067,11.073007,13.206417,24.595153,15.106572
6.230823,10.882162,13.005865,24.620917,15.154259
5.700798,11.102490,12.984655,24.647257,15.211140
5.992858,11.351222,12.881472,24.674181,15.276913
5.763006,11.513643,12.762793,24.701702,15.350920
6.130153,11.471594,12.824807,24.729865,15.432698
5.361488,11.302665,12.988618,24.758757,15.522165
5.768659,11.194978,13.044820,24.788458,15.619059
5.670499,11.239255,13.018649,24.819041,15.722983
5.379147,11.323576,12.941958,24.850577,15.833517
6.763184,11.390262,12.828040,24.883112,15.949965
6.183006,11.403309,12.688332,24.916674,16.071521
5.426425,11.391207,12.543887,24.951273,16.197406
5.592112,11.371158,12.449886,24.986898,16.326776
5.849650,11.362923,12.408078,25.023514,16.458841
5.401704,11.391075,12.337607,25.061069,16.592909
6.505299,11.483446,12.193696,25.099467,16.728164
6.371117,11.529164,12.018458,25.138549,16.863381
6.170352,11.521610,11.836177,25.178085,16.997019
5.842511,11.438910,11.651502,25.217774,17.127214
6.123381,11.430575,11.492977,25.257263,17.251949
6.638053,11.534593,11.448207,25.296184,17.369365
6.135077,11.657316,11.414704,25.334115,17.477390
6.938875,11.768670,11.327403,25.370602,17.573818
6.616814,11.894906,11.180500,25.405261,17.656875
6.770640,11.988657,11.090292,25.437803,17.725329
7.218889,12.008492,11.020096,25.468040,17.778425
7.004516,12.075567,10.998033,25.495912,17.815966
6.826498,12.058662,10.854038,25.521504,17.838395
7.636162,11.986060,10.653031,25.544928,17.846275
7.202867,11.907449,10.541434,25.566369,17.840429
7.167868,11.831009,10.396600,25.586063,17.821898
7.640003,11.776457,10.165224,25.604227,17.791685
7.182601,11.848648,10.044684,25.621127,17.750973
7.329795,11.971235,9.977444,25.637010,17.700934
7.503167,12.048490,9.850560,25.652055,17.642596
7.501102,12.135949,9.696459,25.666368,17.576814
7.231809,12.272454,9.521130,25.679871,17.504063
7.520649,12.435229,9.343103,25.692364,17.424532
7.511202,12.467730,9.285887,25.703720,17.338490
7.128378,12.268608,9.463466,25.713926,17.246345
7.819174,12.103320,9.632466,25.723013,17.148554
7.584176,12.002910,9.679815,25.731033,17.045598
7.449308,11.873865,9.652253,25.738100,16.938000
7.465900,11.796801,9.646080,25.744419,16.826321
7.636044,11.698612,9.655497,25.750231,16.711090
7.445912,11.556437,9.689616,25.755783,16.592770
7.828173,11.443057,9.801603,25.761270,16.471732
7.307065,11.360562,10.002535,25.766816,16.348276
7.584706,11.291265,10.314798,25.772589,16.566382
7.331242,11.223688,10.810910,25.778815,16.846099
7.705911,11.122663,11.581859,25.785598,15.965422
6.997937,11.088404,11.391870,25.792900,15.834056
7.758522,11.149000,11.647202,25.800770,15.701008
7.297955,11.036411,11.260606,25.809298,15.566347
7.458099,10.886977,10.816668,25.818474,15.430188
7.091014,10.774001,10.589644,25.828274,15.292695
7.681876,10.700197,10.508827,25.838752,15.154011
7.081639,10.598245,10.534464,25.849983,16.814332
7.759912,10.453097,10.650031,25.862056,14.945159
7.383600,10.215245,10.744552,25.875101,15.723355
7.505970,10.032192,10.707081,25.889209,15.527481
7.723389,9.928101,10.607155,25.904360,14.948673
7.934740,9.844835,10.592908,25.924543,14.948047
7.984556,9.712376,10.659361,25.949820,14.944376
8.057356,9.589320,10.721258,25.969529,14.940721
8.159047,9.475539,10.779873,25.983088,14.937065
8.255300,9.371064,10.836515,25.990321,14.933399
8.241061,9.276199,10.892329,25.991550,14.929710
8.110664,9.191736,10.948290,25.987479,14.985498
7.964925,9.118571,11.005175,25.979009,15.206592
7.841770,9.056138,11.063209,25.967099,15.447174
7.759503,9.001031,11.122006,25.952614,15.700229
7.694412,8.948787,11.181207,25.936222,15.959224
7.642491,8.896338,11.241094,25.918361,16.218529
7.605476,8.842309,11.302579,25.899251,16.473336
7.576247,8.786304,11.366721,25.878927,16.719624
7.556119,8.728249,11.434173,25.857283,16.954356
7.548383,8.668184,11.504755,25.834122,17.175166
7.620321,8.606579,11.577231,25.809207,17.379942
7.784316,8.545606,11.650352,25.782296,17.567041
7.951945,8.491241,11.724889,25.753169,17.735409
8.126809,8.453772,11.804649,25.721651,17.884529
8.315970,8.440893,11.892472,25.687658,18.014139
8.519714,8.448146,11.983587,25.651223,18.124240
8.732721,8.464494,12.068655,25.612488,18.215222
8.898822,8.482027,12.140542,25.571733,18.287790
8.883088,8.497122,12.197096,25.529334,18.342991
8.703901,8.508063,12.241352,25.485722,18.382136
8.504791,8.513550,12.278833,25.441365,18.406665
8.337414,8.512489,12.314444,25.396771,18.418089
8.198201,8.504309,12.351006,25.352468,18.417851
8.163605,8.489273,12.389277,25.308959,18.407015
8.160192,8.468479,12.428743,25.266726,18.385995
8.161605,8.443574,12.468301,25.226248,18.354307
8.162554,8.416486,12.506623,25.188027,18.310532
8.161983,8.389222,12.542291,25.152607,18.252465
8.156641,8.363715,12.573881,25.120560,18.177339
8.148000,8.341665,12.600111,25.092420,18.082216
8.137180,8.324384,12.620045,25.068602,17.964539
8.119369,8.312559,12.633260,25.049306,17.823094
8.094882,8.305973,12.640030,25.034457,17.658915
8.079761,8.303669,12.641309,25.023736,17.475008
8.094350,8.304563,12.638363,25.016683,17.275123
8.143062,8.307748,12.632345,25.012818,17.242342
8.195463,8.312432,12.624202,25.011709,16.839834
8.219489,8.317907,12.614745,25.013001,16.608986
8.172638,8.323534,12.604646,25.016419,16.644000
8.329064,8.328684,12.594421,25.021765,16.129160
8.530817,8.332740,12.584429,25.028908,15.882645
8.652050,8.335092,12.574924,25.037782,15.632741
8.734134,8.335055,12.566091,25.048370,15.379794
8.806709,8.331894,12.558074,25.060697,15.123904
8.880634,8.325056,12.550953,25.074824,15.026437
8.956933,8.314507,12.544696,25.090844,15.029829
9.039891,8.300759,12.539149,25.108882,15.033092
9.131920,8.284507,12.534102,25.129101,15.036222
9.240400,8.266296,12.529371,25.151713,15.039212
9.401911,8.246350,12.524835,25.176978,19.241429
9.457352,8.224633,12.520385,25.205195,15.865055
9.538670,8.200948,12.515909,25.236748,15.047286
9.673772,8.175039,12.511232,25.272146,15.049668
9.883104,8.146634,12.506012,25.312045,15.051887
10.251335,8.115312,12.499668,25.357271,15.053940
10.285289,8.080339,12.491295,25.408949,15.055826
9.922801,8.040413,12.479599,25.468690,15.057539
9.725580,7.993372,12.462929,25.538841,15.059078
9.604456,7.935601,12.439219,25.623055,15.060437
9.518968,7.878067,12.405775,26.174074,15.900115
9.454300,7.823829,12.358586,27.097407,20.579620
9.385283,7.726188,12.290414,28.386975,15.640159
9.311491,7.523042,12.182821,30.507607,15.064020
9.230787,7.026234,11.982755,34.876086,15.064438
9.222416,7.630470,12.079484,30.772183,15.064663
9.216393,7.961248,12.091183,28.655056,15.064693
9.224206,8.158793,12.059225,27.391633,15.064530
9.235169,8.286474,12.003656,26.477034,15.064175
9.245040,8.369233,11.933438,25.750377,15.063621
9.248356,8.439855,11.854407,25.519752,15.062852
9.249756,8.511552,11.770696,25.447783,15.061848
9.250877,8.566631,11.685193,25.387894,15.060591
9.254437,8.608707,11.599807,25.337695,15.059068
9.257479,8.640082,11.515730,25.295564,15.057261
9.261608,8.662352,11.433517,25.260349,15.055155
9.269909,8.676643,11.353182,25.231183,15.052741
9.289024,8.683722,11.274452,25.207407,15.050007
9.305826,8.684099,11.196906,25.188527,15.909055
9.268056,8.678108,11.120012,25.174175,15.043542
9.236446,8.665943,11.043215,25.164076,15.039782
9.211313,8.647706,10.966013,25.158014,15.035656
9.203969,8.623508,10.887937,25.155827,15.031149
9.202649,8.593691,10.808697,25.157403,15.026248
9.200928,8.559419,10.728627,25.162658,15.020940
9.197698,8.524056,10.649663,25.171550,15.045708
9.192119,8.495059,10.576714,25.184071,15.281283
9.184605,8.482910,10.516892,25.200241,15.519195
9.176535,8.492207,10.473112,25.220095,15.760322
9.168505,8.516125,10.440116,25.243685,16.005448
9.159954,8.544974,10.410590,25.271107,16.255616
9.148636,8.572973,10.380022,25.302493,16.512034
9.130557,8.597909,10.346482,25.338006,16.775883
9.101126,8.619310,10.309296,25.377828,17.048328
9.060320,8.637339,10.268208,25.422174,17.330625
9.010180,8.652350,10.223012,25.471273,17.624029
8.958321,8.664733,10.173323,25.525358,17.929712
8.910053,8.674896,10.118320,25.584641,18.248733
8.848106,8.683261,10.056496,25.649290,18.581984
8.755632,8.690249,9.986112,25.719368,18.929982
8.662875,8.696232,9.906877,25.794707,19.292364
8.567436,8.701595,9.820431,25.874729,19.667244
8.472492,8.707030,9.728980,25.958152,20.050144
8.385473,8.713875,9.634738,26.042517,20.432267
8.302705,8.724433,9.540451,26.123552,20.798126
8.221078,8.742239,9.450006,26.194609,21.123492
8.137002,8.771897,9.368507,26.246918,21.376306
8.055112,8.817889,9.301290,26.271586,21.524113
7.987613,8.882451,9.252008,26.263149,21.547054
8.028340,8.963866,9.221094,26.222444,25.772714
7.785881,9.056733,9.206087,26.156117,21.252790
7.817638,9.153960,9.203578,26.073194,20.993520
7.852840,9.248737,9.210865,25.981873,20.700843
7.890660,9.335610,9.226394,25.888140,20.396906
7.930646,9.410878,9.249400,25.795752,20.095651
7.972486,9.472663,9.279201,25.706813,19.804883
8.015810,9.520781,9.314672,25.622373,19.528482
8.060136,9.556380,9.354136,25.542877,19.268001
8.104923,9.581352,9.395656,25.468432,19.023743
8.149664,9.597788,9.437413,25.398957,18.795353
8.193935,9.607606,9.477898,25.334290,18.582160
8.237418,9.612352,9.516006,25.274233,18.383375
8.279879,9.613220,9.551056,25.218560,18.198152
8.321137,9.611164,9.582702,25.167011,18.025601
8.361055,9.606951,9.610815,25.119321,17.864843
8.399536,9.601169,9.635417,25.075241,17.715053
8.436510,9.594265,9.656632,25.034523,17.575424
8.537295,9.586566,9.674655,24.996934,17.445206
8.646955,9.578307,9.689692,24.962289,17.323818
8.760814,9.569647,9.701979,24.930415,17.210708
8.876948,9.560701,9.711753,24.901152,17.105393
8.993726,9.551548,9.719242,24.874363,17.007459
9.109998,9.542241,9.724675,24.849916,16.916507
9.224975,9.532817,9.728260,24.827696,16.832205
9.338543,9.523321,9.730201,24.807584,16.754164
9.451109,9.513762,9.730682,24.789493,16.682166
9.561472,9.504110,9.729890,24.773391,16.616370
9.669099,9.494350,9.728011,24.759256,16.557005
9.774034,9.484473,9.725195,24.747046,16.504144
9.876124,9.474467,9.721571,24.736721,16.457850
9.975383,9.464312,9.717243,24.728242,16.418194
10.071729,9.453990,9.712292,24.721577,16.385247
10.165927,9.443484,9.706779,24.716694,16.359075
10.257641,9.432787,9.700758,24.713555,16.339650
10.346749,9.421898,9.694275,24.712123,16.326932
10.433478,9.410811,9.687374,24.712366,16.320884
10.517230,9.399518,9.680075,24.714270,16.321579
10.593840,9.388001,9.672387,24.717831,16.329131
10.659856,9.376250,9.664334,24.723040,16.343591
10.712643,9.364251,9.655936,24.729893,16.365024
10.752096,9.351978,9.647183,24.738407,16.393563
10.775833,9.339404,9.638062,24.748616,16.429362
10.786605,9.326508,9.628576,24.760544,16.472543
10.788856,9.313259,9.618727,24.774223,16.523223
10.788010,9.299618,9.608508,24.789706,16.581520
10.785849,9.285537,9.597908,24.807050,16.647549
10.784588,9.270965,9.586913,24.826316,16.721445
10.785040,9.255854,9.575504,24.847571,16.803384
10.787898,9.240155,9.563660,24.870882,16.893589
10.793847,9.223815,9.551355,24.896323,16.992344
10.803374,9.206778,9.538559,24.923971,17.099923
10.817140,9.188984,9.525242,24.953911,17.216558
10.836445,9.170374,9.511368,24.986230,17.342566
10.863350,9.150888,9.496905,25.021016,17.478279
10.900744,9.130472,9.481821,25.058346,17.623961
10.952728,9.109071,9.466095,25.098290,17.779849
11.025058,9.086635,9.449707,25.140898,17.946161
11.132789,9.063152,9.432671,25.186165,18.122878
11.302128,9.038658,9.415054,25.234004,18.309606
11.498357,9.013259,9.396992,25.284199,18.505475
11.303262,8.987159,9.378717,25.336364,18.708980
11.035211,8.960705,9.360596,25.389865,18.917713
10.837765,8.934444,9.343189,25.443721,19.127980
10.681280,8.909205,9.327333,25.496452,19.334248
10.545962,8.886155,9.314196,25.545980,19.528790
10.416429,8.866784,9.305283,25.589652,19.701727
10.280591,8.852832,9.302394,25.624327,19.841318
10.129790,8.846164,9.307448,25.646634,19.935007
9.952989,8.848398,9.322124,25.653639,19.971834
9.753238,8.860471,9.347434,25.643605,19.945229
9.540976,8.882329,9.383415,25.616547,19.854987
9.323392,8.912936,9.429130,25.574210,19.707202
9.101499,8.950565,9.482995,25.519505,19.512337
8.875571,8.993207,9.543187,25.455814,19.282646
8.646424,9.038926,9.607985,25.386365,19.029879
8.413823,9.086039,9.675983,25.313860,18.763963
8.176113,9.133192,9.746099,25.240393,18.492539
7.932723,9.179371,9.817563,25.167465,18.221050
7.857102,9.223865,9.889863,25.096083,17.953148
7.819425,9.266215,9.962699,25.026896,17.691120
7.779263,9.306107,10.035928,24.960297,17.436258
7.736532,9.343206,10.109520,24.896516,17.189157
7.691206,9.377084,10.183504,24.835686,16.949949
7.670649,9.407298,10.257944,24.777862,16.718464
7.754142,9.433425,10.332943,24.723048,16.494356
7.833202,9.454952,10.408645,24.671203,16.277167
7.909871,9.471525,10.485233,24.622267,16.066410
8.011183,9.489278,10.563068,24.576181,15.861654
8.129340,9.506637,10.642216,24.532884,15.662540
8.242728,9.519025,10.722575,24.492296,15.468660
8.352925,9.526854,10.804147,24.454325,15.279516
8.462524,9.530427,10.886886,24.418878,15.094579
8.570070,9.530078,10.970603,24.385878,15.098526
8.678542,9.526493,11.055022,24.355260,15.104603
8.788497,9.521025,11.139941,24.326965,15.110302
8.900633,9.516069,11.225465,24.300936,15.115633
9.019519,9.534845,11.312171,24.277125,15.120605
9.139790,9.586896,11.400789,24.255499,15.125231
9.259974,9.641066,11.491465,24.236049,15.129523
9.356736,9.696645,11.583948,24.218799,15.133492
9.411026,9.752263,11.678488,24.203816,15.137152
9.416349,9.805691,11.776290,24.191219,15.140516
9.396401,9.853799,11.879408,24.181177,15.143594
9.371971,9.893390,11.990034,24.173910,15.146400
9.349143,9.922873,12.109238,24.169664,15.148945
9.328765,9.943475,12.235903,24.168689,15.151243
9.312734,9.959009,12.366938,24.171196,15.153310
9.301796,9.974333,12.498695,24.177307,15.155161
9.314646,9.993488,12.628401,24.187029,15.156810
9.265240,10.018749,12.754448,24.200277,15.158270
9.181629,10.050593,12.875644,24.216913,16.479604
9.113111,10.087746,12.989564,24.236802,15.160668
9.044817,10.126778,13.090597,24.259857,15.161628
8.969368,10.162468,13.169327,24.286062,15.162440
8.875549,10.189046,13.216346,24.315487,15.163115
8.683296,10.182981,13.223166,24.348290,17.115798
8.824898,10.105278,13.184105,24.384708,15.272356
8.919461,10.008306,13.125959,24.425091,15.164423
8.999553,9.919969,13.063989,24.469920,16.931019
9.093586,9.842410,13.001237,24.519780,15.164807
9.212183,9.775586,12.937321,24.575406,15.164885
9.384687,9.720384,12.870075,24.637708,15.164904
9.717323,9.679707,12.795503,24.707827,15.164877
10.195591,9.660443,12.706526,24.787211,18.240306
9.478310,9.678423,12.589541,24.877514,15.164734
9.197760,9.772470,12.414600,24.980341,16.781496
8.994850,9.949004,12.176158,25.096283,16.732444
8.878419,9.534079,12.364313,25.218232,15.164440
8.792858,9.096834,12.597700,25.551429,20.685739
8.728597,8.841547,12.780817,25.628576,15.164215
8.687961,8.716247,12.947930,25.224962,15.164097
8.652347,8.644656,13.097731,25.109167,15.163978
8.621357,8.586462,13.227714,25.000516,15.163858
8.590879,8.528661,13.340210,24.906141,15.163739
8.556520,8.466707,13.441016,24.825152,15.163621
8.520238,8.397544,13.538303,24.755285,15.163505
8.480633,8.317248,13.641817,24.694434,15.163391
8.437658,8.219612,13.763360,24.640899,15.163278
8.390631,8.098435,13.913727,24.593432,15.163165
8.345718,8.007210,14.025266,24.551118,15.163050
8.318725,8.074589,13.932014,24.513263,15.162932
8.290637,8.167171,13.807615,24.479309,15.162807
8.262318,8.236901,13.714726,24.448789,15.162674
8.226701,8.290616,13.644507,24.421334,15.162530
8.167451,8.334513,13.588676,24.396635,15.162372
8.063952,8.372014,13.542155,24.374430,15.162197
8.020209,8.404741,13.501614,24.354484,15.162002
8.187471,8.433151,13.464675,24.336576,15.161786
8.310691,8.457134,13.429492,24.320530,15.161545
8.391061,8.476618,13.394854,24.306201,15.161276
8.441932,8.491964,13.360400,24.293464,15.160974
8.483457,8.503754,13.326334,24.282204,15.160636
8.527317,8.512257,13.293014,24.272321,15.160258
8.577753,8.517208,13.260713,24.263723,15.159835
8.629601,8.517964,13.229547,24.256331,15.159363
8.684605,8.513867,13.199553,24.250084,15.158837
8.738475,8.504653,13.170789,24.244926,15.158256
8.798428,8.490553,13.143389,24.240802,15.157614
8.856851,8.472073,13.117554,24.237666,15.156908
8.917341,8.449679,13.093528,24.235491,15.156134
8.987344,8.423554,13.071596,24.234254,15.155291
9.059742,8.393513,13.051993,24.233973,15.154378
9.159277,8.358902,13.035053,24.234694,15.153400
9.239489,8.318584,13.021380,24.236447,15.152357
9.190570,8.271167,13.011736,24.239246,15.151250
9.037380,8.216349,13.006355,24.243089,15.150077
8.894322,8.160436,13.002346,24.247953,15.148834
8.763965,8.129667,12.987516,24.253816,15.147515
8.660168,8.159207,12.945497,24.260665,15.146114
8.579295,8.232592,12.883901,24.268487,15.144627
8.518247,8.313743,12.819434,24.277268,15.143047
8.469782,8.389103,12.758311,24.287006,16.508181
8.431871,8.456976,12.701179,24.297694,15.554802
8.403271,8.518356,12.647416,24.309329,15.137694
8.384065,8.574620,12.596224,24.321912,15.135687
8.373370,8.626943,12.546867,24.335443,15.133562
8.368980,8.676143,12.498741,24.349919,15.131317
8.363581,8.722772,12.451344,24.365327,15.128949
8.358921,8.767152,12.404265,24.381651,15.126456
8.361657,8.809510,12.357099,24.398886,15.123833
8.387049,8.849988,12.309435,24.417031,15.121074
8.429351,8.888557,12.260864,24.436076,15.118172
8.481989,8.924962,12.210950,24.455989,15.115124
8.513863,8.958810,12.159217,24.476729,15.111924
8.506270,8.989621,12.105160,24.498238,15.108570
8.473267,9.016900,12.048274,24.520430,15.105058
8.440240,9.040161,11.988119,24.543211,15.101388
8.413350,9.058989,11.924394,24.566514,15.097557
8.384567,9.073209,11.856993,24.590289,15.093563
8.341080,9.082964,11.786013,24.614487,15.089403
8.286871,9.088814,11.711797,24.639086,15.085075
8.229654,9.091697,11.634940,24.664088,15.080576
8.170889,9.092876,11.556327,24.689490,15.075904
8.116548,9.093860,11.477030,24.715303,15.071056
8.066185,9.096144,11.398109,24.741569,15.066033
8.016978,9.100931,11.320419,24.768346,15.060832
7.969562,9.108883,11.244392,24.795702,16.267156
7.915968,9.120019,11.169937,24.823711,15.049898
7.869193,9.133893,11.096549,24.852450,15.044170
7.832240,9.149902,11.023547,24.881989,15.038274
7.799044,9.167499,10.950230,24.912374,15.032218
7.768496,9.186306,10.875969,24.943613,15.026013
7.730639,9.206105,10.800183,24.975673,15.152801
7.690638,9.226996,10.722390,25.008452,15.289855
7.647046,9.249049,10.641994,25.041784,15.426871
7.578257,9.272091,10.558171,25.075427,15.563126
7.519089,9.295694,10.469862,25.109059,15.877282
7.491327,9.319189,10.375847,25.142273,15.829960
7.373154,9.341803,10.274933,25.174573,15.958406
7.089949,9.363037,10.166367,25.205379,16.081689
6.869288,9.383236,10.050371,25.234030,16.198116
6.681092,9.404309,9.928739,25.259800,16.305720
6.516727,9.430276,9.805235,25.281923,16.402407
6.364844,9.465681,9.684331,25.299622,16.485914
6.217366,9.512655,9.568992,25.312160,16.553891
6.082520,9.569616,9.459698,25.318900,16.604234
6.025805,9.633463,9.355787,25.319368,16.635283
6.048528,9.701774,9.256911,25.313306,16.646074
6.073546,9.773243,9.163055,25.300686,16.636351
6.100559,9.847238,9.074314,25.281744,16.606747
6.129249,9.923418,8.990778,25.256963,16.558773
6.159249,10.001372,8.912210,25.226977,16.494459
6.190158,10.081118,8.838487,25.192499,16.648396
6.221595,10.162976,8.769547,25.154306,16.326453
6.253197,10.247368,8.705041,25.113205,16.227984
6.284634,10.335277,8.644612,25.069970,16.123218
6.315693,10.428371,8.588282,25.025263,16.014345
6.346296,10.530059,8.536283,24.979623,15.903275
6.376457,10.653099,8.488339,24.933504,15.791648
6.762543,10.941592,8.440556,24.887293,20.297364
6.435803,10.840409,8.422378,24.841341,15.571867
6.465286,10.879950,8.405584,24.795922,15.465602
6.494878,10.935453,8.398163,24.751191,15.362726
6.524717,10.992302,8.401798,24.707273,15.263770
6.554890,11.044928,8.417286,24.664280,15.169108
6.585386,11.090849,8.444576,24.622287,15.079009
6.616101,11.129218,8.483038,24.581357,15.070780
6.646874,11.160090,8.531592,24.541519,15.077078
6.677501,11.184210,8.588949,24.502799,18.250076
6.707732,11.202799,8.653624,24.465232,16.923535
6.737354,11.216978,8.724354,24.428836,15.094570
6.766186,11.227645,8.800008,24.393619,15.099927
6.794074,11.235507,8.879579,24.359583,15.105050
6.820907,11.241110,8.962295,24.326701,15.109944
6.846582,11.244845,9.047363,24.294951,15.114616
6.871007,11.247026,9.134044,24.264316,15.119070
6.894088,11.247974,9.221631,24.234766,15.123315
6.915766,11.247967,9.309756,24.206285,17.955842
6.936003,11.247284,9.398252,24.178856,15.131196
6.954758,11.246327,9.487013,24.152449,15.134849
6.972019,11.245296,9.575955,24.127039,15.138320
6.987798,11.244178,9.664987,24.102611,15.141615
7.002112,11.242867,9.754027,24.079154,15.144739
7.104723,11.241200,9.842994,24.056658,15.147694
7.214797,11.238988,9.931842,24.035108,15.150486
7.316691,11.236111,10.020550,24.014495,15.153119
7.404224,11.232517,10.109137,23.994808,15.155597
7.473996,11.228209,10.197535,23.976041,15.157920
7.525766,11.223213,10.285634,23.958188,15.160091
7.562407,11.217530,10.373282,23.941242,15.162109
7.588054,11.211118,10.460299,23.925199,15.163974
7.605237,11.203952,10.546422,23.910054,15.165687
7.612438,11.195993,10.631344,23.895801,15.167249
7.622558,11.187593,10.714862,23.882437,15.168659
7.680291,11.179963,10.796787,23.869957,15.169919
7.718370,11.172090,10.876999,23.858357,15.171026
7.702918,11.163523,10.955404,23.847633,15.171981
7.646289,11.154359,11.031896,23.837779,15.172782
7.570710,11.144735,11.106364,23.828792,15.173428
7.492933,11.134867,11.178797,23.820665,15.173917
7.418347,11.125031,11.249278,23.813393,15.174248
7.349008,11.115522,11.317842,23.806971,15.174419
7.288239,11.106647,11.384137,23.801392,15.174428
7.242841,11.098697,11.447049,23.796655,15.174274
7.218270,11.091849,11.505211,23.792755,15.173956
7.209591,11.086036,11.558566,23.789690,15.173473
7.188343,11.081060,11.608705,23.787455,15.172823
7.116153,11.076826,11.657295,23.786049,15.172005
7.006795,11.073416,11.705235,23.785470,15.171019
6.891047,11.071000,11.752849,23.785716,15.169862
6.835266,11.069728,11.800237,23.786785,15.168532
6.807232,11.069768,11.847386,23.788674,20.600227
6.777389,11.071368,11.894220,23.791384,15.165343
6.745702,11.074836,11.940704,23.794911,15.163480
6.712146,11.080558,11.986801,23.799257,15.161437
6.676723,11.089070,12.032564,23.804421,15.159213
6.639482,11.101207,12.077995,23.810408,15.156811
6.600538,11.118348,12.122854,23.817221,15.154233
6.560057,11.143272,12.166676,23.824864,15.157070
6.518254,11.183289,12.208715,23.833337,15.232577
6.475429,11.271168,12.246781,23.842641,15.310812
6.431927,11.289255,12.287006,23.852777,16.284162
6.388173,11.167313,12.333003,23.863742,15.475463
6.387905,11.105257,12.373754,23.875534,15.561757
6.509129,11.057158,12.411840,23.888146,15.650514
6.623475,11.013413,12.447960,23.901571,15.741583
6.755623,10.970384,12.482522,23.915798,15.834782
6.969475,10.926672,12.515688,23.930813,15.929898
7.406495,10.882050,12.547305,23.946587,16.446706
7.266178,10.837192,12.576877,23.963087,16.124631
7.092917,10.793322,12.603932,23.980293,16.223514
7.036784,10.751775,12.628168,23.998203,16.322835
7.029697,10.713656,12.649455,24.016832,16.422038
7.047539,10.679733,12.667803,24.036209,16.520439
7.075137,10.650438,12.683291,24.056375,16.617195
7.108592,10.625895,12.695962,24.077399,16.711280
7.143804,10.606163,12.705846,24.099347,16.801520
7.175409,10.591354,12.712872,24.122284,16.886620
7.221809,10.581598,12.716837,24.146292,16.965146
7.279489,10.577077,12.717409,24.171463,17.035572
7.321745,10.578376,12.713993,24.197895,17.096317
7.345972,10.591433,12.705747,24.225650,17.145940
7.352029,10.609069,12.691407,24.254744,17.183172
7.346622,10.633119,12.668998,24.285161,17.206793
7.368827,10.666100,12.636172,24.316814,17.215740
7.508468,10.717940,12.590818,24.349518,17.209179
7.648612,10.790596,12.532158,24.383003,17.186297
7.766089,10.876965,12.464533,24.416929,17.146108
7.893050,10.955405,12.405938,24.450889,17.087328
8.039728,10.989197,12.386339,24.484430,17.008608
8.195834,10.975067,12.409493,24.517080,16.908559
8.361023,10.949726,12.448159,24.548389,16.785736
8.521815,10.947219,12.483964,24.577970,16.638876
8.649998,10.980926,12.512305,24.605536,16.467012
8.750078,11.031779,12.532800,24.630916,16.269477
8.825100,11.075060,12.542996,24.654062,16.045958
8.886253,11.059678,12.536107,24.675048,15.796572
8.899033,10.972722,12.510417,24.694070,15.522200
8.872227,10.905239,12.472440,24.711383,15.224391
8.863017,10.845037,12.425898,24.727204,15.033534
8.913752,10.793081,12.370268,24.741664,15.039425
9.065981,10.747292,12.303799,24.754727,15.045894
9.156257,10.705628,12.225830,24.766066,15.052851
8.806350,10.667704,12.137833,24.774928,15.060209
8.502090,10.634664,12.042558,24.780008,15.067885
8.261024,10.608566,11.942723,24.779395,15.075804
8.047634,10.591850,11.840236,24.770723,15.083898
8.579062,10.586747,11.735944,24.751669,15.092109
8.275875,10.594550,11.629627,24.720740,15.100389
8.155599,10.614978,11.520419,24.677921,15.108696
8.158171,10.646242,11.407198,24.624750,15.116996
8.191981,10.685792,11.289009,24.563779,15.125259
8.100004,10.731232,11.165356,24.497775,15.133462
7.906202,10.780874,11.036202,24.429145,15.285477
7.712007,10.833877,10.901734,24.359712,15.149611
7.559876,10.890375,10.762061,24.290723,15.157529
7.440327,10.951468,10.616911,24.222953,15.165327
7.384736,11.018627,10.465337,24.156868,15.172997
7.433461,11.093846,10.305477,24.092726,15.180531
7.498465,11.180051,10.134167,24.030654,15.187925
7.601164,11.281983,9.946097,23.970699,15.195170
7.714254,11.407728,9.731928,23.912864,15.202263
7.834434,11.572287,9.473913,23.857135,15.209197
7.952479,11.803387,9.138734,23.803489,15.215966
8.067180,12.070364,8.762890,23.751877,15.222567
8.226011,11.923612,8.884577,23.702231,15.228996
8.401215,11.666746,9.140158,23.654490,15.235252
8.570481,11.487170,9.305303,23.608597,15.241331
8.731290,11.356131,9.414663,23.564494,15.247232
8.892333,11.254462,9.491360,23.522124,15.252954
9.054783,11.171988,9.547534,23.481418,15.258497
9.209911,11.102976,9.589953,23.442316,15.263862
9.327537,11.043878,9.622686,23.404767,15.269048
9.383996,10.992323,9.648384,23.368721,15.274057
9.398267,10.946639,9.668843,23.334133,15.278888
9.401127,10.905665,9.685393,23.300958,15.283542
9.410781,10.868597,9.699063,23.269150,15.288021
9.429288,10.834929,9.710731,23.238672,15.292326
9.458401,10.804277,9.721070,23.209488,15.296456
9.498288,10.776219,9.730513,23.181562,15.300414
9.546113,10.750326,9.739330,23.154862,15.304200
9.601516,10.726259,9.747721,23.129355,15.307817
9.660454,10.703808,9.755882,23.105012,15.311267
9.716633,10.699393,9.763975,23.081803,15.314554
9.760773,10.708331,9.772117,23.059703,15.317681
9.778686,10.718354,9.780409,23.038686,15.320650
9.754724,10.729309,9.788929,23.018729,15.323466
9.681753,10.740988,9.797764,22.999811,15.326131
9.660908,10.753012,9.807037,22.981912,15.328648
9.759137,10.764584,9.816917,22.965014,15.331022
9.841281,10.774168,9.827523,22.949099,15.333255
9.909070,10.779993,9.838943,22.934150,15.335350
9.971001,10.781554,9.851189,22.920150,15.337312
10.027775,10.780037,9.864207,22.907085,15.339142
10.080145,10.776875,9.877895,22.894942,15.340844
10.131273,10.772900,9.892125,22.883709,15.342421
10.175036,10.768435,9.906857,22.873375,15.343875
10.204906,10.763528,9.922096,22.863929,15.345210
10.219064,10.758122,9.937911,22.855360,15.346429
10.221287,10.752015,9.954426,22.847661,15.347533
10.211558,10.744903,9.971798,22.840825,15.348525
10.191509,10.736570,9.990110,22.834845,15.349407
10.161714,10.726827,10.009386,22.829711,15.350182
10.126615,10.715521,10.029502,22.825421,15.350851
10.084050,10.702738,10.050164,22.821969,15.351414
10.040374,10.688851,10.070988,22.819352,15.351872
10.014700,10.674266,10.091613,22.817566,15.352226
9.993667,10.659249,10.111758,22.816607,15.352477
9.969528,10.643840,10.131304,22.816471,15.352626
9.944082,10.627773,10.150340,22.817155,15.352673
9.918945,10.610920,10.176843,22.818657,15.352617
9.893681,10.593526,10.208171,22.820976,15.352461
9.869312,10.576320,10.236357,22.824108,15.352202
9.836771,10.560280,10.259660,22.828053,15.351843
9.780857,10.546292,10.276286,22.832811,15.351381
9.693824,10.534570,10.285538,22.838380,15.350817
9.599045,10.524459,10.288366,22.844761,15.350151
9.498430,10.514826,10.286820,22.851956,15.349380
9.402097,10.504766,10.282694,22.859965,15.348504
9.317551,10.493772,10.277156,22.868789,15.347525
9.248211,10.481664,10.270732,22.878432,15.346440
9.194538,10.468359,10.263517,22.888895,15.345248
9.156104,10.453729,10.259223,22.900183,15.343951
9.129063,10.437518,10.260377,22.912299,15.342546
9.110135,10.419434,10.261356,22.925244,15.341037
9.096644,10.399155,10.262241,22.939021,15.339422
9.085311,10.376240,10.263201,22.953636,15.337703
9.070543,10.350284,10.264341,22.969095,15.335878
9.058744,10.320977,10.265587,22.985406,16.006828
9.043013,10.288044,10.266721,23.002573,15.498603
9.022327,10.251250,10.267347,23.020602,16.193378
9.000311,10.210423,10.266812,23.039498,17.710004
8.981282,10.165298,10.264196,23.059272,15.325165
8.966430,10.115142,10.258370,23.079936,15.322705
8.953175,10.058696,10.247810,23.101504,15.320139
8.937980,9.993958,10.230348,23.123992,15.317466
8.915015,9.917298,10.202949,23.147409,15.314686
8.879431,9.822037,10.161674,23.171764,15.311800
8.829406,9.703269,10.104238,23.197074,15.308809
8.790852,9.618033,10.064841,23.223362,15.305713
8.814693,9.694179,10.118841,23.250645,15.302514
8.849117,9.803792,10.194694,23.278937,15.299212
8.865249,9.885256,10.258019,23.308240,15.295811
8.856832,9.942693,10.311839,23.338558,15.292313
8.818459,9.982575,10.360349,23.369894,15.288721
8.749636,10.009116,10.406289,23.402244,15.285041
8.651862,10.024913,10.451334,23.435604,15.281276
8.532313,10.059987,10.496420,23.469979,15.324714
8.397455,10.093172,10.542193,23.505376,15.273515
8.252612,10.119588,10.589100,23.541803,15.269532
8.107334,10.139953,10.637463,23.579263,15.265490
7.952254,10.154887,10.687554,23.617766,15.261397
7.786068,10.164927,10.739599,23.657316,15.257262
7.610695,10.170507,10.793762,23.697922,15.253096
7.448849,10.172036,10.850212,23.739589,15.248908
7.358369,10.169890,10.909138,23.782325,15.244710
7.325002,10.164339,10.970652,23.826130,15.240513
7.295750,10.155613,11.034789,23.870995,15.236331
7.258093,10.143950,11.101569,23.916883,15.232176
7.253737,10.129502,11.171050,23.963727,15.228064
7.207803,10.112312,11.243327,24.011412,15.224007
7.171876,10.092381,11.318493,24.059764,15.220018
7.153190,10.069639,11.396650,24.108525,15.216109
7.138696,10.043756,11.477973,24.157265,15.212290
7.130153,10.014149,11.562663,24.205310,15.208570
7.128657,9.980121,11.651018,24.251632,15.204957
7.133654,9.941252,11.743523,24.294750,15.201458
7.142285,9.898056,11.840944,24.332725,15.198077
7.143588,9.852622,11.944476,24.363252,15.194816
7.115889,9.808491,12.055685,24.384061,15.191675
7.035682,9.769624,12.176167,24.393520,15.188649
6.908397,9.750941,12.307181,24.391169,15.185736
6.760282,9.779052,12.449324,24.377955,15.182928
6.612661,9.815907,12.602403,24.355897,15.180218
6.473549,9.860852,12.765217,24.327460,15.177596
6.346373,9.912673,12.934671,24.295004,15.175049
6.348203,9.969678,13.104336,24.260525,15.172562
6.450250,10.029415,13.262171,24.225654,15.170121
6.570967,10.088698,13.389998,24.191732,15.167711
6.721947,10.144531,13.468871,24.159974,15.165315
6.933525,10.195834,13.489865,24.131535,15.162913
7.171555,10.243744,13.457450,24.107498,15.160489
7.144041,10.289511,13.381875,24.088674,15.158024
7.010467,10.332798,13.272673,24.075313,15.155503
6.908337,10.372679,13.138293,24.067061,15.152908
6.835977,10.409590,12.987166,24.063197,15.150222
6.769310,10.445186,12.827013,24.062944,15.147432
6.706817,10.480959,12.663639,24.065673,15.144524
6.646221,10.517732,12.500671,24.070957,15.141482
6.589394,10.555810,12.340079,24.078540,15.138292
6.529788,10.595266,12.182878,24.088275,15.134943
6.468582,10.636082,12.029562,24.100094,15.131427
6.435503,10.677892,11.880534,24.113965,15.127738
6.426519,10.719684,11.736384,24.129869,15.123877
6.424906,10.760020,11.597925,24.147791,15.119845
6.432881,10.797480,11.466190,24.167699,15.115648
6.418473,10.831040,11.342144,24.189539,15.111293
6.398154,10.860009,11.226313,24.213226,15.106790
6.383018,10.883675,11.118808,24.238661,15.102148
6.354877,10.901150,11.019761,24.265756,15.097374
6.329402,10.911577,10.929420,24.294415,15.092475
6.403801,10.914191,10.848247,24.324535,15.087458
6.539201,10.908273,10.776967,24.356030,15.082328
6.683084,10.893440,10.716060,24.388817,15.077091
6.821870,10.869677,10.665765,24.422862,15.071748
6.948411,10.837659,10.625625,24.458149,15.066301
7.057399,10.798743,10.594466,24.494677,15.060749
7.144486,10.754669,10.570758,24.532465,15.055091
7.210185,10.707379,10.552890,24.571536,15.049325
7.258835,10.658703,10.539531,24.611901,17.097136
7.294819,10.610168,10.529779,24.653556,15.125588
7.322454,10.562948,10.522975,24.696499,15.031374
7.346561,10.518054,10.518487,24.740762,15.025173
7.371978,10.476234,10.515813,24.786373,15.018862
7.405272,10.438179,10.514544,24.833352,15.012439
7.442297,10.404811,10.514431,24.881648,15.005907
7.483864,10.377414,10.515411,24.931175,14.999268
7.529575,10.357044,10.517437,24.981873,14.992526
7.572647,10.344440,10.520301,25.033630,14.985687
7.603704,10.339692,10.523287,25.086280,14.978759
7.639189,10.342322,10.525247,25.139644,14.971756
7.657059,10.351874,10.525143,25.193511,14.964692
7.638572,10.368380,10.522332,25.247686,14.957589
7.581528,10.392203,10.516538,25.301979,14.950474
7.514813,10.423264,10.509131,25.356078,14.943376
7.448606,10.460265,10.502394,25.409613,14.936333
7.392459,10.499917,10.498827,25.462275,14.929393
7.349439,10.535183,10.502893,25.513796,14.922614
7.323002,10.554849,10.520629,25.564052,14.916060
7.318193,10.547751,10.555329,25.613282,14.909807
7.332008,10.511518,10.600048,25.662286,14.903943
7.336687,10.455140,10.636398,25.712323,14.898566
7.269433,10.391367,10.646483,25.764098,14.893784
7.179212,10.328728,10.627308,25.816400,14.889706
7.373858,10.269839,10.591052,25.866193,14.886443
7.237228,10.213736,10.554508,25.910042,14.884100
7.160427,10.158612,10.530890,25.945131,14.882767
7.062867,10.103553,10.527650,25.969475,14.882513
7.187122,10.049204,10.547035,25.981854,14.883373
7.401850,9.997599,10.587232,25.981745,14.885347
8.068132,9.950966,10.644324,25.969301,19.338963
7.543806,9.910733,10.714241,25.945304,14.978032
7.281405,9.877573,10.793476,25.911010,14.897427
7.329031,9.851724,10.879416,25.867978,14.903189
7.292518,9.833047,10.970463,25.817863,14.909619
7.352173,9.821077,11.065642,25.762251,14.916593
7.449738,9.815086,11.164294,25.702554,14.923992
7.509861,9.814327,11.265777,25.639975,16.956841
7.395689,9.818223,11.369369,25.575521,14.939660
7.414299,9.826592,11.474147,25.510014,14.947752
7.398664,9.839545,11.579194,25.444086,14.955925
7.315810,9.857247,11.683755,25.378217,18.765545
7.211984,9.879779,11.787282,25.312775,14.972301
7.180369,9.907094,11.889469,25.248040,14.980425
7.005327,9.939157,11.990208,25.184218,14.988464
6.878503,9.976128,12.089453,25.121426,14.996397
6.782055,10.018304,12.186882,25.059754,15.004207
6.912723,10.065562,12.281575,24.999321,19.157325
6.486247,10.099045,12.377397,24.940211,15.019393
6.272557,10.116187,12.471507,24.882492,15.026746
6.268178,10.126611,12.558953,24.826225,15.033927
6.260447,10.132096,12.641262,24.771442,15.040930
6.278577,10.136227,12.719980,24.718054,15.047760
6.297206,10.141637,12.796225,24.665600,15.054443
6.352805,10.149638,12.870537,24.613854,15.060991
6.433305,10.159840,12.943231,24.563105,15.067377
6.532305,10.171911,13.014870,24.513715,15.073574
6.646560,10.186018,13.085858,24.465910,15.079562
6.775836,10.202385,13.156246,24.419811,15.357766
6.974059,10.220953,13.225792,24.375489,15.090878
7.200463,10.241078,13.294041,24.332994,15.096196
7.461471,10.261171,13.360236,24.292342,15.101283
7.517683,10.278880,13.423560,24.253537,15.106137
7.319864,10.291541,13.483484,24.216572,15.110757
7.135188,10.296674,13.540410,24.181407,15.115142
7.182437,10.292451,13.596853,24.147990,16.958254
7.339115,10.277536,13.658116,24.116242,15.787745
7.496162,10.251154,13.730853,24.086077,15.126900
7.648282,10.217618,13.808194,24.057391,15.130351
7.780800,10.208354,13.810379,24.030035,15.133567
7.782448,10.249564,13.667737,24.003817,15.136548
7.668421,10.297047,13.488393,23.978484,15.139296
7.552132,10.325459,13.325725,23.953702,15.141812
7.460316,10.325439,13.179842,23.929017,15.144096
7.379309,10.280043,13.038493,23.903778,15.146150
7.298568,10.140176,12.870324,23.876990,15.147971
7.255745,10.182572,12.873428,23.846985,15.149558
7.257033,10.404800,13.064502,23.810544,15.150908
7.267851,10.531235,13.304944,23.759815,15.564432
7.116703,10.596646,13.839485,23.663415,19.091920
7.024755,10.680448,14.012471,23.618231,20.790139
6.985761,10.866479,13.010401,23.743100,16.281713
6.931478,11.064854,12.467652,23.798718,15.154039
6.867974,11.425907,12.025269,23.836007,15.153932
6.807874,11.735089,11.588098,23.864938,15.413552
6.760172,11.954422,11.057499,23.889170,17.087470
6.679987,12.680896,9.941832,23.910432,22.958130
6.834534,11.986749,10.540520,23.929673,17.373859
6.782297,11.585865,10.824119,23.947462,15.149737
6.703970,11.351740,10.932116,23.964170,15.148177
6.784511,11.182312,10.979156,23.980053,15.146384
6.866766,11.047874,10.996942,23.995305,15.144362
6.941926,10.935794,10.998267,24.010083,15.142117
7.011400,10.839686,10.989187,24.024533,15.139651
7.076077,10.755829,10.972881,24.038782,15.136972
7.136572,10.681768,10.951178,24.052944,18.213393
7.193353,10.615710,10.925243,24.067117,16.482941
7.254135,10.556282,10.895866,24.081392,15.127740
7.313825,10.502379,10.863672,24.095852,15.124305
7.370210,10.453081,10.829249,24.110560,15.120717
7.423583,10.407607,10.793201,24.125555,15.116995
7.474215,10.365274,10.756120,24.140863,15.113161
7.522348,10.325486,10.718577,24.156487,15.835503
7.568193,10.287741,10.681085,24.172389,18.136938
7.611937,10.251618,10.644086,24.188505,16.383157
7.653739,10.216796,10.607926,24.204735,15.097281
7.693728,10.183046,10.572853,24.220957,15.683856
7.732010,10.150243,10.539022,24.237027,15.089522
7.768661,10.118372,10.506498,24.252796,15.085836
7.803728,10.087524,10.475271,24.268118,15.082337
7.837239,10.057863,10.445309,24.282846,15.079068
7.869208,10.029581,10.416584,24.296837,15.076067
7.899638,10.002845,10.389087,24.309972,15.092583
7.928539,9.977757,10.362855,24.322151,15.134594
7.955917,9.954352,10.337964,24.333310,15.554751
7.981784,9.932594,10.314515,24.343423,16.350194
8.006154,9.912385,10.292626,24.352506,15.926800
8.029041,9.893585,10.272406,24.360619,15.203419
8.050456,9.876020,10.253942,24.367859,16.353645
8.070409,9.859492,10.237271,24.374360,15.502855
8.088905,9.843789,10.222365,24.380284,15.063967
8.105945,9.828702,10.209128,24.385813,15.064120
8.121525,9.814038,10.197407,24.391138,15.064457
8.135636,9.799635,10.187013,24.396446,15.064931
8.148268,9.785369,10.177747,24.401912,15.065497
8.159416,9.771156,10.169420,24.407687,15.066112
8.169079,9.756950,10.161863,24.413889,15.066730
8.177265,9.742742,10.154946,24.420597,15.067312
8.184002,9.728565,10.148579,24.427840,15.067819
8.189333,9.714501,10.142708,24.435593,15.068214
8.193323,9.700669,10.137315,24.443790,15.068463
8.196058,9.687246,10.132405,24.452307,15.068535
8.197646,9.674463,10.128002,24.460971,15.068401
8.198218,9.662594,10.124146,24.469571,15.068035
8.197914,9.651939,10.120885,24.477869,15.067412
8.196875,9.642793,10.118264,24.485638,15.066511
8.195227,9.635418,10.116314,24.492683,15.065311
8.193070,9.630026,10.115047,24.498859,15.063792
8.190461,9.626749,10.114438,24.504105,15.061938
8.187394,9.625599,10.114418,24.508487,15.059730
8.183804,9.626469,10.114877,24.512186,15.057151
8.179577,9.629131,10.115667,24.515500,15.192360
8.174558,9.633252,10.116609,24.518811,15.050808
8.168576,9.638428,10.117497,24.522559,15.047007
8.161457,9.644219,10.118103,24.527208,15.042762
8.153036,9.650184,10.118170,24.533219,15.038053
8.143166,9.655906,10.117421,24.541031,15.032862
8.131726,9.661015,10.115573,24.551053,15.027172
8.118614,9.665199,10.112357,24.563649,15.055242
8.103755,9.668200,10.107532,24.579139,15.258826
8.087092,9.669807,10.100912,24.597790,15.471479
8.068579,9.669843,10.092397,24.619811,15.692370
8.048181,9.668171,10.081965,24.645346,15.920720
8.025876,9.664713,10.069650,24.674461,16.155792
8.001657,9.659475,10.055553,24.707119,16.396725
7.975545,9.652583,10.039859,24.743135,16.642294
7.947596,9.644334,10.022858,24.782115,16.890656
7.917929,9.635247,10.004985,24.823368,17.138986
7.886746,9.626120,9.986871,24.865794,17.383037
7.854370,9.618091,9.969406,24.907752,17.616646
7.821267,9.612677,9.953803,24.946961,17.831338
7.788058,9.611769,9.941607,24.980484,18.016296
7.755482,9.617521,9.934624,25.004907,18.159003
7.724302,9.632083,9.934670,25.016797,18.246899
7.695127,9.657149,9.943174,25.013463,18.270197
7.668237,9.693537,9.960774,24.993709,18.224627
7.643482,9.740995,9.987104,24.958192,18.112724
7.620344,9.798321,10.020923,24.909189,17.943000
7.598093,9.863730,10.060467,24.849941,17.727556
7.575928,9.935319,10.103863,24.783895,17.479285
7.553058,10.011468,10.149461,24.714141,17.209684
7.528768,10.091007,10.195986,24.643141,16.927944
7.502397,10.173289,10.242588,24.572702,16.640821
7.509412,10.258263,10.288760,24.504069,16.353098
7.537373,10.346539,10.334316,24.438051,16.068051
7.567526,10.439193,10.379482,24.375143,15.787607
7.599813,10.537965,10.424828,24.315611,15.512818
7.633168,10.645360,10.471257,24.259568,15.244160
7.661492,10.764020,10.519898,24.207029,15.043866
7.672979,10.891438,10.570936,24.157939,15.054645
7.669739,10.993791,10.618121,24.112202,15.064963
7.690578,10.999371,10.647409,24.069708,15.074838
7.727159,10.937402,10.666311,24.030325,15.084290
7.769391,10.871783,10.690017,23.993901,15.093340
7.818389,10.816752,10.723552,23.960300,15.102007
7.878426,10.770825,10.769139,23.929395,15.110312
7.949122,10.731133,10.829646,23.901052,15.118272
8.037319,10.695678,10.909276,23.875122,15.125906
8.148112,10.663566,11.011301,23.851453,15.133231
8.279229,10.635973,11.117545,23.829883,15.140262
8.338679,10.619027,11.127737,23.810240,15.147014
8.315766,10.616935,11.006419,23.792333,15.153499
8.310284,10.627584,10.865440,23.775953,15.159729
8.341222,10.651722,10.740861,23.760863,15.165716
8.386445,10.690155,10.631849,23.746805,15.171468
8.440134,10.742480,10.535029,23.733491,15.176994
8.494314,10.808241,10.448494,23.720598,15.182303
8.534927,10.887183,10.371421,23.707775,15.187402
8.583429,10.968438,10.304947,23.694648,15.192298
8.676862,11.039270,10.251497,23.680843,15.196997
8.744696,11.130352,10.211815,23.666005,15.201507
8.716380,11.285462,10.199809,23.649825,15.205829
8.907399,11.249088,10.120263,23.632062,15.209971
9.038179,11.207937,10.046381,23.612561,15.213935
9.381117,11.185044,9.987558,23.591266,15.217728
9.777980,11.165989,9.936788,23.568227,15.221352
10.104232,11.151597,9.892150,23.543591,15.224813
10.304786,11.144065,9.853100,23.517578,15.228113
10.372370,11.144086,9.819719,23.490456,15.231256
10.387136,11.151027,9.792495,23.462518,15.234248
10.353895,11.163507,9.772174,23.434058,15.520032
10.266306,11.179792,9.759584,23.405351,18.985115
10.153950,11.198088,9.755473,23.376646,15.242355
10.043499,11.216883,9.760392,23.348160,15.244782
9.943647,11.235134,9.774575,23.320075,15.247078
9.855444,11.252322,9.797844,23.292543,15.249244
9.776772,11.268233,9.829675,23.265686,15.251282
9.705144,11.282921,9.869194,23.239603,15.253196
9.638606,11.296526,9.915318,23.214369,15.254986
9.575297,11.308942,9.966816,23.190055,15.256661
9.504459,11.319801,10.022728,23.166727,15.258232
9.421620,11.329346,10.124164,23.144402,15.259706
9.326005,11.338108,10.246214,23.123056,15.261080
9.207492,11.346600,10.350155,23.102659,15.262348
9.129949,11.355275,10.432440,23.083193,15.263508
9.105701,11.364506,10.488781,23.064647,15.264561
9.057185,11.374549,10.520506,23.047009,15.265506
8.989647,11.385522,10.530306,23.030270,15.266344
8.909446,11.397352,10.534568,23.014412,15.267074
8.831850,11.409774,10.600406,22.999416,15.267696
8.769156,11.422505,10.666629,22.985266,15.268211
8.713338,11.435313,10.733290,22.971949,15.268618
8.714997,11.448038,10.800429,22.959452,15.268918
8.753995,11.460602,10.868062,22.947765,15.269111
8.771597,11.473037,10.936200,22.936872,15.269198
8.801570,11.485482,11.004829,22.926755,15.269179
8.813040,11.498018,11.073902,22.917400,15.269054
8.821237,11.510659,11.143369,22.908792,15.268823
8.792962,11.523311,11.213200,22.900918,15.268487
8.740849,11.535804,11.283417,22.893764,15.268046
8.652439,11.547983,11.354095,22.887320,15.267500
8.546238,11.559788,11.425345,22.881576,15.266848
8.427242,11.571164,11.497284,22.876525,15.266092
8.279884,11.581913,11.570009,22.872157,15.907413
8.076024,11.591697,11.643566,22.868465,15.264264
7.871117,11.600085,11.717921,22.865440,17.865669
7.670926,11.606569,11.792998,22.863079,15.262022
7.459544,11.610749,11.868797,22.861380,15.260747
7.268944,11.612512,11.945397,22.860344,15.259371
7.068533,11.612044,12.022953,22.859977,15.257893
6.962726,11.609608,12.101678,22.860279,15.256310
6.936969,11.605439,12.181829,22.861256,15.254622
6.909685,11.599687,12.263697,22.862915,15.252827
6.880725,11.592399,12.347553,22.865262,15.250921
6.849986,11.583564,12.433656,22.868305,15.248904
6.817423,11.573115,12.522241,22.872059,15.246771
6.783077,11.560870,12.613438,22.876540,15.244521
6.747114,11.546455,12.707165,22.881767,15.242152
6.709856,11.529328,12.802979,22.887763,15.239662
6.671830,11.508847,12.899973,22.894561,15.237050
6.633790,11.484533,12.996554,22.902199,15.234315
6.596707,11.456240,13.090218,22.910715,15.231458
6.561660,11.424067,13.177830,22.920143,15.228476
6.529619,11.388142,13.256374,22.930517,15.225370
6.501150,11.348471,13.323947,22.941873,15.222138
6.476226,11.304957,13.380469,22.954247,15.218780
6.454274,11.257445,13.427675,22.967678,15.215293
6.450167,11.205977,13.467977,22.982208,15.211677
6.459683,11.150858,13.503472,22.997886,15.207935
6.470690,11.092407,13.535796,23.014773,15.204066
6.484915,11.030837,13.565819,23.032926,15.200075
6.505063,10.966275,13.593927,23.052401,15.195965
6.533627,10.898980,13.620185,23.073271,15.191740
6.572091,10.829233,13.644562,23.095592,15.187404
6.742000,10.757288,13.667048,23.119375,15.182962
6.951761,10.683114,13.687912,23.144529,15.178425
7.177103,10.606323,13.707559,23.170853,15.173805
7.395995,10.526406,13.726307,23.198077,15.169114
7.613325,10.443044,13.744353,23.225891,15.164370
7.766172,10.356336,13.761872,23.253965,15.159587
7.890158,10.266837,13.779027,23.282012,15.154785
7.875675,10.175447,13.795867,23.309777,15.149981
7.925589,10.091197,13.812056,23.337075,15.145198
7.864246,10.027394,13.826301,23.363885,15.140461
7.930564,9.964043,13.835275,23.390500,15.135797
7.867942,9.900529,13.832703,23.417699,15.131234
7.941922,9.836730,13.809938,23.446671,15.126801
7.877378,9.773486,13.759660,23.478472,15.122522
7.915310,9.712301,13.681360,23.513203,15.118423
7.884626,9.654944,13.582744,23.549780,16.024291
7.894840,9.602975,13.475141,23.586538,15.357418
7.976605,9.557316,13.368010,23.621986,15.242362
7.959993,9.518172,13.267084,23.655123,15.342691
7.920003,9.485377,13.175402,23.685396,15.444058
7.844838,9.458739,13.094631,23.712569,15.546475
7.761614,9.438047,13.025593,23.736633,15.650060
7.841259,9.423018,12.968213,23.757770,15.754669
7.920186,9.413510,12.921505,23.776367,15.859454
7.998992,9.409906,12.883757,23.793069,15.962253
8.071014,9.413547,12.852572,23.808862,16.058914
8.142658,9.426916,12.824864,23.825124,16.142839
8.212354,9.453164,12.797079,23.843521,16.205602
8.280029,9.494757,12.765874,23.865622,16.239446
8.345687,9.552374,12.729005,23.892357,16.241029
8.404421,9.624215,12.685725,23.923650,16.214026
8.464710,9.706329,12.636158,23.958576,17.449051
8.517281,9.793789,12.580147,23.995904,16.115062
8.570857,9.881424,12.516675,24.034589,16.065444
8.618298,9.963501,12.444622,24.073963,16.027270
8.663990,10.033093,12.364604,24.113728,16.006095
8.709757,10.082608,12.280212,24.153872,16.005503
8.754753,10.106882,12.196522,24.194579,16.027767
8.802413,10.106796,12.116733,24.236168,16.074513
8.847455,10.088747,12.040826,24.279059,16.146969
8.894316,10.060431,11.967371,24.323756,16.246136
8.936425,10.027722,11.895349,24.370841,16.372984
8.976759,9.993988,11.824436,24.420973,16.528550
9.008582,9.960537,11.754677,24.474917,16.714209
9.037709,9.927044,11.685993,24.533556,16.931698
9.062203,9.900231,11.617963,24.597898,17.183164
9.087440,9.873627,11.549860,24.669101,17.471279
9.119268,9.840306,11.480736,24.748477,17.799315
9.160369,9.799279,11.409412,24.837461,18.171080
9.233029,9.749880,11.334410,24.937521,18.590585
9.354017,9.691548,11.254053,25.049855,19.060920
9.602024,9.624141,11.167141,25.174512,19.581091
9.572405,9.549402,11.074410,25.308230,20.138068
9.124986,9.473996,10.981257,25.439722,20.689456
8.822799,9.413554,10.901724,25.542664,21.137731
8.589097,9.391653,10.857781,25.576938,21.334792
8.399219,9.422815,10.863312,25.517516,21.187987
8.240938,9.495737,10.908133,25.383375,20.766405
8.102914,9.586538,10.970520,25.214945,20.218124
7.982124,9.677757,11.035255,25.041506,19.650279
7.890390,9.761198,11.096223,24.876514,19.111805
7.857228,9.834115,11.152451,24.724308,18.618207
7.839069,9.896061,11.204840,24.585307,18.170747
7.818977,9.947382,11.254617,24.458533,17.765681
7.794928,9.988604,11.302879,24.342670,17.398043
7.766583,10.020303,11.350470,24.236447,17.062997
7.734232,10.043301,11.397878,24.138722,16.756217
7.695108,10.058661,11.445281,24.048502,16.473976
7.651056,10.067482,11.492626,23.964937,16.213112
7.630894,10.070743,11.539702,23.887300,15.970962
7.688680,10.069232,11.586208,23.814968,15.745277
7.807484,10.063586,11.631865,23.747404,15.534145
8.077923,10.054337,11.676360,23.684155,15.335961
8.760019,10.041894,11.719230,23.624844,19.318174
7.761101,10.026537,11.759990,23.569155,15.164591
7.394546,10.008505,11.798353,23.516819,15.174567
7.417900,9.988111,11.834302,23.467595,15.183984
7.439699,9.965712,11.867852,23.421264,15.192880
7.459999,9.941713,11.899021,23.377630,15.201292
7.478867,9.916660,11.927887,23.336525,15.209248
7.496372,9.891124,11.954431,23.297801,15.216773
7.512571,9.865589,11.978531,23.261323,15.223890
7.527507,9.840478,12.000062,23.226972,15.230617
7.541197,9.816557,12.019296,23.194637,15.236972
7.553628,9.795204,12.037134,23.164219,15.242972
7.564762,9.778332,12.055050,23.135627,15.248629
7.574548,9.767800,12.074622,23.108777,21.641105
7.582935,9.764642,12.096958,23.083590,15.258973
7.589874,9.768672,12.122381,23.059996,15.263684
7.595321,9.778699,12.150518,23.037929,15.268103
7.599232,9.793093,12.180630,23.017330,15.272241
7.601565,9.810181,12.211907,22.998145,15.276106
7.602278,9.828526,12.243696,22.980322,15.279707
7.601328,9.846986,12.275570,22.963815,15.283054
7.598669,9.864760,12.307409,22.948581,15.477667
7.594254,9.881528,12.339499,22.934577,15.289011
7.588049,9.897471,12.372483,22.921763,15.291637
7.580018,9.913057,12.407107,22.910098,15.294035
7.570124,9.928716,12.443980,22.899546,15.296214
7.558343,9.944695,12.483461,22.890070,15.298177
7.544638,9.960986,12.525660,22.881638,22.718468
7.528956,9.977516,12.570618,22.874224,15.301481
7.592368,9.994195,12.618221,22.867802,15.302829
7.663291,10.011021,12.668283,22.862344,15.303980
7.728570,10.028212,12.720643,22.857826,15.304938
7.788316,10.046183,12.775143,22.854222,15.305707
7.841293,10.065404,12.831533,22.851514,15.306291
7.889313,10.086247,12.889282,22.849682,15.306692
7.933465,10.108842,12.947296,22.848712,15.306913
7.974466,10.133158,13.003556,22.848592,15.306957
8.016535,10.159212,13.054826,22.849315,15.306825
8.058953,10.187504,13.096021,22.850877,15.306515
8.089425,10.218739,13.120811,22.853277,15.306020
8.104894,10.253160,13.124323,22.856512,15.305334
8.091294,10.290303,13.105861,22.860575,15.304453
8.056041,10.328995,13.069407,22.865461,15.303372
8.009173,10.367611,13.021768,22.871162,15.302084
7.961459,10.404380,12.970033,22.877671,15.300583
7.917735,10.437648,12.919895,22.884983,15.298865
7.876267,10.465955,12.875211,22.893099,15.296924
7.830437,10.488061,12.838504,22.902018,15.294757
7.766419,10.503094,12.811273,22.911740,15.292357
7.692710,10.510580,12.794146,22.922268,15.289719
7.871708,10.510434,12.787093,22.933605,15.286836
8.155204,10.502907,12.789713,22.945761,15.283702
8.455146,10.488429,12.801475,22.958744,15.280312
8.640457,10.467382,12.821902,22.972567,15.276659
8.579593,10.439902,12.850701,22.987244,15.272738
8.571350,10.405778,12.887840,23.002795,15.268543
8.617382,10.364440,12.933584,23.019241,15.264067
8.703246,10.314986,12.988326,23.036623,15.259305
8.844863,10.256275,13.051966,23.055000,15.254248
9.020879,10.187377,13.122256,23.074462,15.248889
8.853052,10.108442,13.190998,23.095153,15.243220
8.527775,10.022752,13.239482,23.117303,15.237234
8.318173,9.939932,13.244407,23.141264,15.230922
8.220448,9.876264,13.198456,23.167557,15.331515
8.175429,9.842169,13.114623,23.196920,15.529617
8.134468,9.830508,13.012154,23.230285,15.719964
8.085888,9.830126,12.903844,23.268607,15.896419
8.101709,9.835976,12.794084,23.312583,16.054403
8.181602,9.876024,12.683407,23.362394,16.192562
8.281513,9.954006,12.571596,23.417635,16.313233
8.421662,10.030485,12.458455,23.477447,16.421364
8.623971,10.104344,12.343371,23.540789,16.522589
8.958381,10.173983,12.224607,23.606635,16.621653
9.733873,10.236834,12.098899,23.674042,16.721668
9.004639,10.289503,11.961978,23.742142,16.823884
8.749576,10.329757,11.810815,23.810081,16.927784
8.636020,10.358502,11.646109,23.876930,17.031334
8.585011,10.378666,11.472560,23.941615,17.131200
8.585436,10.392823,11.297303,24.002884,17.222911
8.633505,10.402084,11.126685,24.059335,17.301097
8.710350,10.406411,10.964890,24.109486,17.359944
8.792876,10.405622,10.815638,24.151913,17.393811
8.868836,10.399865,10.682099,24.185448,17.397965
8.896390,10.389748,10.566013,24.209381,17.369351
8.863768,10.376306,10.467393,24.223590,17.307150
8.791581,10.360758,10.384862,24.228578,17.212903
8.704929,10.344230,10.316218,24.225378,17.090182
8.622713,10.327576,10.258988,24.215380,16.943940
8.541157,10.311307,10.210837,24.200127,16.779768
8.467721,10.295657,10.169809,24.181134,16.603244
8.397852,10.280722,10.134403,24.159772,16.419494
8.333120,10.266463,10.103509,24.137194,16.232903
8.274075,10.252750,10.076280,24.114321,16.047050
8.218557,10.239381,10.052018,24.091860,15.864753
8.166830,10.239490,10.030130,24.070328,15.688179
8.117182,10.244672,10.010125,24.050092,15.518993
8.069832,10.248622,9.991614,24.031403,15.358422
8.023857,10.251348,9.974301,24.014420,15.207361
7.978441,10.252922,9.957950,23.999236,15.129078
7.932514,10.253427,9.942371,23.985893,15.132798
7.884420,10.252963,9.927412,23.974399,15.136064
7.832426,10.251641,9.912953,23.964735,15.138874
7.821997,10.249569,9.898889,23.956867,15.141229
7.851691,10.246831,9.885065,23.950738,15.143132
7.879603,10.243535,9.871267,23.946286,15.144583
7.905775,10.239861,9.857314,23.943446,15.145584
7.930244,10.236001,9.843129,23.942166,15.146138
7.953038,10.232134,9.828715,23.942401,15.146246
7.974186,10.228349,9.814110,23.944127,15.145906
7.993713,10.224659,9.799352,23.947337,15.145119
8.011645,10.221038,9.784442,23.952043,15.143883
8.028008,10.217436,9.769334,23.958281,15.142195
8.042829,10.213766,9.753940,23.966107,15.140051
8.056131,10.209898,9.738148,23.975594,16.230267
8.067937,10.205679,9.721831,23.986834,20.529426
8.123724,10.200980,9.704868,23.999935,15.224987
8.176251,10.195755,9.687154,24.015016,15.126779
8.202473,10.190044,9.668597,24.032207,18.584043
8.221593,10.183902,9.649107,24.051645,15.117212
8.237240,10.177305,9.628591,24.073472,15.474295
8.256030,10.170106,9.606945,24.097827,15.125901
8.287017,10.162064,9.584089,24.124845,15.278576
8.334858,10.152923,9.560040,24.154642,15.442784
8.388969,10.142537,9.534953,24.187313,15.618126
8.449513,10.130928,9.509130,24.222922,15.804175
8.518814,10.118283,9.483029,24.261472,16.000293
8.611760,10.104867,9.457115,24.302891,16.205621
8.721133,10.090898,9.431711,24.346998,16.418993
8.840813,10.076477,9.406912,24.393456,16.638698
8.928977,10.061693,9.382718,24.441720,16.862368
8.910067,10.046864,9.359302,24.491001,17.086844
8.739071,10.032768,9.337137,24.540155,17.307740
8.500609,10.020646,9.317064,24.587631,17.519231
8.251852,10.011968,9.300257,24.631450,17.713996
8.024427,10.008281,9.288102,24.669215,17.883211
7.967035,10.010881,9.282037,24.698286,18.017196
7.954433,10.020504,9.283362,24.716130,18.106701
7.944308,10.037257,9.293088,24.720819,18.144746
7.937060,10.060796,9.311825,24.711519,18.128393
7.932780,10.090355,9.339677,24.688691,18.059487
7.931256,10.124835,9.376199,24.653957,17.944174
7.932031,10.162936,9.420445,24.609679,17.791368
7.934497,10.203252,9.471020,24.558464,17.610940
7.937993,10.244366,9.526218,24.502771,17.412264
7.941899,10.285045,9.584333,24.444682,17.203352
7.945703,10.324386,9.644031,24.385833,16.990558
7.949023,10.361821,9.704566,24.327423,16.778625
7.951584,10.397021,9.765818,24.270271,16.570951
7.953214,10.429778,9.828078,24.214919,16.369883
7.953807,10.459954,9.891778,24.161700,16.176970
7.953286,10.487445,9.957253,24.110794,17.041561
7.951577,10.512157,10.024585,24.062272,16.717737
7.948593,10.533994,10.093605,24.016130,15.654934
7.944246,10.552986,10.163933,23.972317,15.500802
7.938457,10.569450,10.235082,23.930756,15.356612
7.931180,10.583997,10.306556,23.891362,15.222197
7.922411,10.597366,10.377874,23.854040,15.125925
7.912190,10.610185,10.448576,23.818694,15.132236
7.900597,10.622762,10.543788,23.785227,15.138150
7.887732,10.635112,10.645075,23.753551,15.143685
7.873696,10.647124,10.744024,23.723587,15.148856
7.859903,10.658700,10.840401,23.695259,15.153679
7.847515,10.669814,10.934115,23.668498,15.158168
7.834294,10.680522,11.025163,23.643233,15.162340
7.820257,10.691050,11.113416,23.619401,15.166208
7.805379,10.702014,11.198511,23.596949,15.169785
7.789605,10.714737,11.279899,23.575833,15.173082
7.772847,10.731048,11.356888,23.556005,15.176113
7.754990,10.751933,11.428815,23.537415,15.178890
7.735903,10.777301,11.495363,23.520018,15.181427
7.715462,10.807155,11.556638,23.503778,15.183735
7.693546,10.841836,11.613076,23.488660,15.185825
7.670055,10.881593,11.665493,23.474632,15.187706
7.644930,10.926522,11.715148,23.461660,15.189392
7.618155,10.977492,11.763696,23.449710,15.190893
7.589757,11.037068,11.812408,23.438753,15.192221
7.559781,11.110645,11.861051,23.428757,15.193387
7.528207,11.208810,11.910682,23.419695,15.194401
7.494839,11.344364,11.964031,23.411541,15.195272
7.459148,11.390651,11.945643,23.404272,15.196008
7.420018,11.428470,11.900312,23.397866,15.196617
7.375318,11.513736,11.859246,23.392297,15.197104
7.321156,11.645278,11.819342,23.387542,15.197477
7.250994,11.837360,11.782603,23.383576,15.197741
7.173374,12.058409,11.745015,23.380372,15.197900
7.190761,11.971776,11.656591,23.377906,15.197960
7.243061,11.772088,11.547643,23.376151,15.197923
7.275611,11.636610,11.445791,23.375081,15.197792
7.293037,11.549303,11.349330,23.374660,15.197568
7.299445,11.496250,11.286786,23.374852,15.197252
7.296250,11.473763,11.424018,23.375618,15.196844
7.281687,11.493283,11.615356,23.376923,15.196344
7.243452,11.620941,12.008109,23.378727,16.057156
7.265301,11.419497,11.698611,23.380989,15.195064
7.271075,11.289517,11.523349,23.383670,15.194283
7.266469,11.202627,11.425178,23.386724,15.193407
7.255934,11.136967,11.359454,23.390099,17.794577
7.240966,11.085891,11.312849,23.393733,15.191367
7.222261,11.046427,11.279934,23.397551,15.190200
7.200199,11.016550,11.257955,23.401464,15.188931
7.174979,10.994242,11.245052,23.405364,15.187556
7.146665,10.976995,11.239513,23.409122,15.186071
7.115217,10.961986,11.239748,23.412578,15.184471
7.080470,10.946650,11.244717,23.415529,15.182754
7.042127,10.928967,11.254150,23.417702,15.180920
6.999746,10.906973,11.268385,23.418709,15.178972
6.952674,10.877927,11.288118,23.417986,15.176920
6.899918,10.838312,11.314665,23.414707,15.174774
6.839869,10.784155,11.350589,23.407618,15.172542
6.769775,10.710283,11.400564,23.394648,15.333812
6.684436,10.607618,11.473358,23.371963,15.624515
6.600477,10.455396,11.588103,23.331055,16.045086
6.624895,10.187781,11.803126,23.245461,16.776514
6.558692,9.040586,12.786116,25.229539,19.919354
6.596856,10.166603,11.786985,23.284668,16.809513
6.561229,10.469184,11.508852,23.431585,15.959152
6.542314,10.645773,11.344013,23.528778,15.453183
6.584240,10.772043,11.227065,23.606320,15.149617
6.610291,10.870651,11.137953,23.673414,15.146855
6.626094,10.946639,11.067650,23.734110,15.144066
6.634665,10.992882,11.010486,23.790550,15.141253
6.637847,11.015902,10.958433,23.844021,15.138418
6.636866,11.035247,10.901021,23.895373,15.135560
6.632498,11.060414,10.831404,23.945187,15.132681
6.632106,11.093137,10.749789,23.993874,15.129781
6.640173,11.132409,10.661165,24.041753,15.126863
6.630098,11.177512,10.570824,24.089083,15.123927
6.604508,11.229131,10.482529,24.136051,15.120978
6.564165,11.290253,10.398336,24.182792,15.785122
6.538967,11.367008,10.319153,24.229434,15.115053
6.511072,11.466399,10.245251,24.276085,15.112088
6.487139,11.544977,10.174913,24.322822,15.109128
6.476851,11.451419,10.103184,24.369722,15.106180
6.469687,11.303326,10.033300,24.416866,15.103249
6.461180,11.177996,9.967265,24.464344,15.100343
6.449200,11.071386,9.904574,24.512271,15.097470
6.433565,10.976446,9.844681,24.560766,15.094636
6.414929,10.888913,9.787308,24.609947,15.091850
6.393690,10.806412,9.732460,24.659941,15.089118
6.370097,10.727713,9.680291,24.710884,15.086447
6.344311,10.652271,9.630947,24.762939,19.583803
6.324761,10.579949,9.584288,24.816260,15.081314
6.329986,10.510702,9.539657,24.870970,15.078857
6.341973,10.444438,9.496282,24.927180,15.076473
6.363057,10.381153,9.453558,24.984985,15.074164
6.400173,10.321108,9.411007,25.044399,15.071927
6.455964,10.264798,9.368369,25.105315,15.069757
6.533671,10.212748,9.325521,25.167427,15.067653
6.648599,10.165412,9.282396,25.303330,15.065608
6.839045,10.123359,9.239055,25.620354,15.063619
7.135966,10.087686,9.195845,25.923252,15.061678
6.911750,10.060457,9.153567,26.192635,15.577511
6.604783,10.044631,9.113541,26.404068,15.603537
6.394504,10.042970,9.077489,26.533333,15.056058
6.230618,10.056392,9.047126,26.565599,15.054228
6.091811,10.082940,9.023656,26.502575,15.052409
5.968041,10.118542,9.007420,26.360365,15.050591
5.850777,10.158735,8.997814,26.161661,15.048765
5.824084,10.199654,8.993727,25.928424,15.046922
5.822184,10.238367,8.993945,25.677435,15.045055
5.821073,10.272613,8.997674,25.420048,15.043159
5.820274,10.300767,9.004696,25.369618,15.041229
5.819559,10.321622,9.015487,25.346471,15.039265
5.818828,10.334280,9.030872,25.325346,15.037270
5.818066,10.338115,9.051748,25.306375,16.635551
5.817268,10.332804,9.078787,25.289559,17.915872
5.816381,10.318484,9.112152,25.274830,15.031138
5.815296,10.295764,9.151497,25.262073,15.029060
5.813826,10.265737,9.195889,25.251184,15.026979
5.811766,10.229730,9.244287,25.242036,15.024900
5.808918,10.189094,9.295704,25.234496,15.022832
5.805103,10.145026,9.349315,25.228438,15.020782
5.800160,10.098723,9.404476,25.223738,15.018759
5.793942,10.051317,9.460664,25.220281,15.016766
5.786328,10.003803,9.517442,25.217966,15.014808
5.777233,9.957405,9.574873,25.216699,15.012888
5.766585,9.913916,9.633118,25.216401,15.011013
5.754317,9.876239,9.692179,25.217035,15.009182
5.740350,9.848168,9.752212,25.218580,15.007393
5.724576,9.832697,9.813270,25.221009,15.005647
5.706856,9.830482,9.874973,25.224306,15.003945
5.687015,9.839567,9.936480,25.228501,15.002284
5.664826,9.857275,9.996645,25.233630,15.000660
5.640004,9.881708,10.054451,25.239749,14.999068
5.612188,9.912236,10.109198,25.246946,14.997503
5.580931,9.949386,10.160359,25.255307,14.995957
5.545654,9.994241,10.207790,25.264942,14.994423
5.505599,10.047943,10.251976,25.275987,14.992891
5.459710,10.121127,10.294561,25.288620,14.991351
5.406432,10.227587,10.339594,25.303092,14.989789
5.343577,10.348896,10.397081,25.319655,14.988190
5.268186,10.479512,10.494648,25.338562,14.986540
5.175693,10.596945,10.707616,25.360064,14.984824
5.047350,10.677316,11.196404,25.384420,14.983025
4.832733,10.779178,12.236758,25.411934,17.142504
5.018831,10.529035,11.507817,25.442964,14.979116
5.130665,10.349647,11.148909,25.477870,14.976969
5.190020,10.214389,10.975483,25.516994,16.066507
5.224616,10.102192,10.873706,25.560675,17.066241
5.243827,10.004742,10.807232,25.609163,14.969535
5.252057,9.917542,10.760782,25.662494,14.966658
5.251924,9.838071,10.726874,25.720253,14.963546
5.245538,9.765159,10.701562,25.781139,14.960174
5.235236,9.699111,10.682623,25.842222,14.956517
5.224202,9.641775,10.668803,25.898102,14.952552
5.216595,9.596343,10.659487,25.940940,14.948250
5.216411,9.566491,10.654646,25.963005,14.943582
5.225248,9.554210,10.654737,25.961579,14.938516
5.241309,9.557529,10.660053,25.941185,14.933022
5.260973,9.571129,10.670254,25.910258,14.927066
5.280923,9.589209,10.684558,25.876562,14.920615
5.298995,9.607406,10.702053,25.845296,14.913626
5.314062,9.623021,10.721874,25.819367,14.906050
5.325665,9.634591,10.743139,25.800234,14.897839
5.333676,9.641577,10.764974,25.788618,14.888931
5.338123,9.643989,10.786546,25.784918,14.879250
5.339091,9.642067,10.806937,25.789443,15.113425
5.336662,9.636105,10.825014,25.802534,15.583115
5.330887,9.626257,10.839431,25.824641,16.055999
5.321802,9.612283,10.848849,25.856405,16.536677
5.309431,9.593571,10.851965,25.898750,17.030650
5.293770,9.569264,10.847368,25.952965,17.544494
5.274766,9.538403,10.833280,26.020861,18.086423
5.252264,9.500007,10.807274,26.104943,18.666827
5.225918,9.452913,10.765779,26.208768,19.299669
5.195028,9.395090,10.703564,26.337692,20.005554
5.158172,9.322759,10.613682,26.500072,20.816015
5.112498,9.228815,10.486778,26.709868,21.783108
5.052202,9.099479,10.308394,26.992708,23.001706
4.964824,8.906037,10.050959,27.401228,24.665776
5.081785,8.597136,9.664654,28.030441,27.124907
5.343885,8.514354,9.510596,28.234272,28.007076
5.652112,8.912013,9.857847,27.531980,25.547475
5.674329,9.199322,10.089468,27.038959,23.843360
5.814530,9.407424,10.239015,26.696713,22.680581
6.014854,9.595036,10.344193,26.438306,21.813895
6.259533,9.759225,10.422804,26.232110,21.127652
6.543867,9.904512,10.484241,26.061473,20.561157
6.868285,10.036493,10.534185,25.916518,20.078537
7.312484,10.158594,10.576190,25.791059,19.657461
7.549475,10.273122,10.612567,25.681076,19.283626
7.227520,10.381828,10.644928,25.583773,18.947291
6.942317,10.486083,10.674437,25.497084,18.641417
6.810030,10.586970,10.701979,25.419453,18.360932
6.777923,10.685117,10.728260,25.349657,18.101953
6.614550,10.780626,10.753835,25.286704,17.861420
6.490764,10.873169,10.779109,25.229785,17.636883
6.379971,10.961900,10.804261,25.178243,17.426555
6.257359,11.045511,10.829178,25.131540,17.229266
6.160347,11.122741,10.853570,25.089218,17.044108
6.125214,11.192595,10.877005,25.050880,16.870485
6.096166,11.254693,10.899068,25.016184,16.707979
6.083708,11.309587,10.919547,24.984822,16.556165
6.062014,11.358457,10.938366,24.956525,16.414742
6.042845,11.402770,10.955584,24.931053,16.283397
6.105104,11.444122,10.971348,24.908193,16.162016
6.170157,11.483866,10.985849,24.887756,16.050608
6.242288,11.522828,10.999253,24.869573,15.949098
6.319833,11.561481,11.011698,24.853493,15.857392
6.405485,11.600029,11.023267,24.839383,15.775339
6.504522,11.638518,11.033993,24.827127,15.702787
6.638242,11.676895,11.043883,24.816618,15.639630
6.859222,11.715029,11.052915,24.807760,15.585749
7.242416,11.752685,11.061063,24.800472,17.526109
6.796527,11.789592,11.068328,24.794678,15.505222
6.533433,11.825602,11.074752,24.790316,15.478200
6.359258,11.860777,11.080400,24.787337,15.459692
6.275268,11.895414,11.085322,24.785704,15.449420
6.314884,11.929925,11.089468,24.785397,15.447168
6.359667,11.964845,11.092714,24.786402,15.452710
6.410829,12.000865,11.094771,24.788720,15.465879
6.472145,12.038956,11.095197,24.792355,15.486423
6.546453,12.080066,11.093193,24.797321,15.514157
6.635894,12.124079,11.087453,24.803638,15.548924
6.755418,12.169716,11.076076,24.811333,15.590477
6.908016,12.215633,11.056695,24.820437,15.638549
7.070031,12.260810,11.026751,24.830983,15.692738
7.215546,12.304699,10.984015,24.843010,15.752562
7.289941,12.347117,10.927480,24.856562,15.817650
7.333564,12.387194,10.858680,24.871692,15.887923
7.367528,12.422355,10.782753,24.888453,15.963170
7.406164,12.446602,10.710425,24.906886,16.042804
7.455934,12.448153,10.659211,24.927032,16.126272
7.524668,12.414033,10.646692,24.948947,16.213374
7.618620,12.342885,10.675831,24.972689,16.304012
7.730721,12.247297,10.732606,24.998304,16.397927
7.857242,12.141519,10.800272,25.025825,16.494808
7.983464,12.033396,10.868674,25.055297,17.167686
8.029867,11.924992,10.933751,25.086764,16.696948
8.046877,11.815671,10.994418,25.120282,16.802099
8.052339,11.714687,11.050722,25.155921,17.292105
8.045978,11.620002,11.103313,25.193732,17.020852
8.026566,11.523590,11.152899,25.233735,17.134545
7.992476,11.425401,11.199848,25.275943,17.251189
7.947416,11.325548,11.244184,25.320382,17.370883
7.894177,11.224124,11.285668,25.367072,17.493756
7.836020,11.121115,11.323979,25.416031,17.619943
7.777014,11.016140,11.359162,25.467368,17.749598
7.722879,10.908730,11.391292,25.521204,17.882903
7.678164,10.798693,11.420278,25.577589,18.020084
7.646314,10.685790,11.446196,25.636601,18.161369
7.621551,10.569943,11.469128,25.698345,18.307001
7.598411,10.451835,11.488749,25.762964,18.457226
7.571507,10.333905,11.503828,25.830638,18.612316
7.535300,10.221266,11.511876,25.901537,18.772617
7.487696,10.121014,11.509447,25.975819,18.938569
7.417906,10.037056,11.494629,26.053587,19.110771
7.321592,9.965390,11.469054,26.134922,19.289934
7.205858,9.897317,11.436002,26.219965,19.476772
7.129348,9.825134,11.397526,26.308892,19.672049
7.057098,9.743591,11.353241,26.401864,19.876678
7.021447,9.647895,11.299359,26.499047,20.091651
6.974111,9.528558,11.223662,26.600590,20.318091
6.888614,9.327878,11.052063,26.706613,20.557096
6.878073,9.315093,11.123597,26.817182,20.809630
6.873582,9.285448,11.178290,26.932251,21.076334
6.871802,9.216514,11.186793,27.051575,21.357166
6.868311,9.128859,11.174103,27.174530,21.650788
6.762085,9.028736,11.147097,27.299865,21.953687
6.684078,8.919931,11.109631,27.425503,22.259196
6.607842,8.806015,11.065336,27.548060,22.555806
6.526642,8.691045,11.018469,27.662485,22.825765
6.442303,8.579763,10.974108,27.762080,23.044995
6.361601,8.477445,10.937463,27.839353,23.186711
6.297213,8.389036,10.912797,27.888425,23.229895
6.248497,8.318344,10.902250,27.907508,23.167889
6.219966,8.267569,10.905321,27.899622,23.011494
6.206333,8.236914,10.919459,27.871129,22.783595
6.199837,8.224010,10.941098,27.829209,22.509888
6.196706,8.224133,10.966457,27.779950,22.211393
6.192825,8.232048,10.992313,27.727717,21.902592
6.187190,8.243693,11.016438,27.675374,21.592767
6.177948,8.256472,11.037468,27.624671,21.287128
6.162384,8.268771,11.054752,27.576633,20.988513
6.143026,8.279516,11.068115,27.531816,20.698040
6.125801,8.287750,11.077798,27.490464,20.415203
6.116576,8.292647,11.084312,27.452647,20.138966
6.118768,8.293747,11.088251,27.418356,19.868220
6.131783,8.291070,11.090086,27.387549,19.601982
6.154245,8.284928,11.090204,27.360165,19.339321
6.183000,8.275918,11.088797,27.336131,19.079505
6.221603,8.264781,11.085791,27.315347,18.822097
6.273124,8.252103,11.081029,27.297690,18.566758
6.343036,8.238150,11.074447,27.283027,18.313012
6.438338,8.222935,11.066096,27.271229,18.060057
6.564866,8.206387,11.056080,27.262191,17.807044
6.711541,8.188412,11.044583,27.255795,17.554041
6.781799,8.169065,11.031747,27.251911,17.300772
6.681095,8.148563,11.017582,27.250433,17.046151
6.565377,8.127084,11.002171,27.251259,16.789419
6.497632,8.104784,10.985700,27.254257,16.530449
6.430103,8.081849,10.968421,27.259226,16.348231
6.314295,8.058507,10.950652,27.265886,16.008942
6.239703,8.035081,10.932769,27.273852,15.748819
6.181648,8.012062,10.915207,27.282576,15.491953
6.133417,7.990110,10.898508,27.291311,15.241395
6.096327,7.970083,10.883184,27.299015,15.001971
6.074779,7.953105,10.869756,27.304302,14.780609
6.058499,7.940672,10.858793,27.305487,14.734370
6.047574,7.934427,10.850896,27.300770,14.737966
6.042337,7.935815,10.846608,27.288616,14.741465
6.043201,7.946102,10.846487,27.267833,14.744890
6.051565,7.965939,10.850943,27.237965,14.748268
6.069688,7.994942,10.860018,27.199662,14.751614
6.096135,8.032024,10.873505,27.154263,14.754944
6.116475,8.075755,10.891057,27.103379,14.758278
6.120165,8.124681,10.912332,27.048601,14.761635
6.130912,8.177532,10.937057,26.991340,14.791308
6.154324,8.233269,10.964979,26.932859,14.943964
6.187838,8.291136,10.995868,26.874142,15.095709
6.231155,8.350694,11.029585,26.815825,15.243151
6.283395,8.411733,11.066014,26.758385,15.384212
6.346492,8.474247,11.105087,26.702169,15.517854
6.411299,8.538336,11.146777,26.647429,15.643836
6.447528,8.604075,11.191056,26.594305,15.762397
6.422957,8.671131,11.237854,26.542861,15.874043
6.299815,8.737503,11.286994,26.493126,17.342367
6.357571,8.796810,11.338052,26.445083,16.079181
6.447578,8.837631,11.390288,26.398708,16.173890
6.519397,8.856008,11.443435,26.353985,16.264400
6.595310,8.861664,11.498097,26.310895,16.351546
6.678447,8.863476,11.554772,26.269419,16.436064
6.767437,8.864741,11.613510,26.229537,16.518754
6.850552,8.866154,11.674077,26.191232,16.600585
6.916812,8.867573,11.736091,26.154498,16.682243
6.956450,8.868758,11.799059,26.119330,16.764372
6.959258,8.869329,11.862488,26.085749,16.847203
6.920618,8.868899,11.925848,26.053791,16.930781
6.842622,8.867162,11.988479,26.023469,17.015291
6.702917,8.863787,12.049652,25.994800,17.100856
6.488209,8.858400,12.108585,25.967822,17.187412
6.232210,8.850558,12.164447,25.942562,17.274868
5.946257,8.839778,12.216499,25.918995,17.363234
5.712568,8.825715,12.264160,25.897105,17.452397
5.566590,8.809124,12.308284,25.876872,17.542162
5.429134,8.795314,12.355260,25.858346,17.632261
5.289458,8.796206,12.419825,25.841627,17.722441
5.137973,8.813203,12.503763,25.826776,17.812481
5.137222,8.834720,12.592713,25.813797,17.902156
5.139724,8.854803,12.679274,25.802746,17.991398
5.142355,8.872475,12.762240,25.793704,18.080306
5.145039,8.887977,12.842022,25.786729,18.169019
5.147663,8.901663,12.919305,25.781867,18.257753
5.150082,8.913827,12.994742,25.779144,18.346769
5.152158,8.924755,13.068944,25.778544,18.436153
5.153786,8.934746,13.142609,25.779973,18.525562
5.154849,8.944023,13.216275,25.783359,18.614951
5.155221,8.952844,13.290217,25.788688,18.704872
5.154823,8.961431,13.364497,25.795952,18.795939
5.153659,8.969881,13.438895,25.805140,18.888788
5.151838,8.978114,13.512726,25.816271,18.984413
5.149636,8.985780,13.584703,25.829353,19.083577
5.147518,8.992107,13.652785,25.844403,19.187176
5.146148,8.995967,13.714185,25.861444,19.296196
5.146323,8.996056,13.765645,25.880500,19.411667
5.207592,8.991227,13.804066,25.901590,19.534663
5.296839,8.980937,13.827166,25.924683,19.665890
5.380668,8.965418,13.834118,25.949682,19.805712
5.457365,8.945430,13.825542,25.976363,19.953752
5.544051,8.922016,13.803275,26.004338,20.108915
5.659652,8.896276,13.769814,26.032973,20.269136
5.799012,8.869241,13.727828,26.061299,20.430932
5.920865,8.841851,13.679977,26.087904,20.589198
5.868770,8.815413,13.628877,26.110863,20.736783
5.726781,8.791734,13.577152,26.127734,20.864547
5.580666,8.773047,13.527447,26.135702,20.961931
5.432088,8.761802,13.482308,26.131949,21.018307
5.369325,8.760522,13.443778,26.114109,21.024694
5.403311,8.771247,13.413321,26.080885,20.976021
5.440257,8.795112,13.391703,26.032426,20.872501
5.479651,8.832134,13.379041,25.970270,20.719404
5.520755,8.881312,13.375077,25.896960,20.525692
5.562741,8.941163,13.379515,25.815466,20.301870
5.604808,9.010671,13.392316,25.728686,20.058218
5.792145,9.090021,13.413996,25.639113,19.803577
6.151443,9.180313,13.445227,25.548708,19.544842
6.496575,9.273604,13.479670,25.458896,19.286842
6.661467,9.408118,13.501353,25.370683,19.032851
6.865039,9.608607,13.527165,25.284750,18.785084
6.648473,9.709700,13.569194,25.201533,18.544872
6.303039,9.760889,13.581997,25.121288,18.312682
6.034208,9.790406,13.508434,25.044155,18.088639
5.930362,9.808939,13.398274,24.970181,17.872776
5.963886,9.832271,13.296489,24.899347,17.664925
5.995358,9.861338,13.209637,24.831606,17.464724
6.025012,9.894482,13.135357,24.766900,17.271686
6.053106,9.929997,13.070603,24.705146,17.085344
6.079830,9.966297,13.012861,24.646255,16.905224
6.105298,10.001758,12.960101,24.590150,16.730833
6.129563,10.034976,12.910910,24.536752,16.561701
6.153552,10.065266,12.864454,24.485978,16.397398
6.177194,10.092780,12.820279,24.437752,16.237536
6.199504,10.118304,12.778185,24.392005,16.081776
6.220479,10.142692,12.738073,24.348669,15.929819
6.240149,10.166434,12.699817,24.307672,15.781394
6.258573,10.189649,12.663211,24.268938,15.636256
6.275824,10.212296,12.628004,24.232389,15.494182
6.291978,10.234329,12.593968,24.197953,15.354997
6.307112,10.255679,12.560978,24.165564,15.218591
6.321274,10.276149,12.529037,24.135159,15.085694
6.334473,10.295415,12.498239,24.106675,15.091310
6.346680,10.313129,12.468703,24.080050,15.096641
6.357832,10.329157,12.440500,24.055226,15.101698
6.367854,10.343671,12.413627,24.032143,15.106493
6.376693,10.356815,12.388118,24.010735,15.111039
6.384306,10.368669,12.364005,23.990943,15.115351
6.390632,10.379338,12.341206,23.972719,15.119438
6.395648,10.388611,12.319771,23.956016,15.123310
6.399352,10.396020,12.299851,23.940792,15.126977
6.401778,10.400777,12.281801,23.927009,15.130446
6.403002,10.401580,12.266250,23.914631,15.133724
6.403144,10.397229,12.254088,23.903621,15.136815
6.402341,10.387853,12.246136,23.893944,15.139725
6.474242,10.373806,12.243123,23.885561,15.875279
6.545480,10.354901,12.245533,23.878430,15.145008
6.614545,10.331319,12.253399,23.872509,15.147386
6.677573,10.303950,12.266399,23.867765,15.149595
6.715646,10.273910,12.284088,23.864168,17.125936
6.698681,10.242312,12.305990,23.861693,15.153528
6.675867,10.210130,12.331668,23.860318,15.155266
6.650751,10.178120,12.360840,23.860032,15.156861
6.640735,10.147098,12.393237,23.860824,15.158319
6.655749,10.117998,12.428602,23.862687,15.159649
6.670468,10.092018,12.466650,23.865617,15.160855
6.634677,10.070863,12.506937,23.869613,15.161947
6.593550,10.054335,12.549132,23.874677,15.162931
6.562768,10.020005,12.595603,23.880815,15.163812
6.545960,9.946365,12.648701,23.888039,15.164598
6.529039,9.868030,12.704428,23.896361,15.165294
6.495525,9.793942,12.761690,23.905802,15.165904
6.613684,9.722334,12.820603,23.916386,15.166436
6.595403,9.651369,12.881206,23.928155,15.166894
6.484050,9.579690,12.943356,23.941177,17.004201
6.395274,9.506344,13.006827,23.955527,15.167610
6.343524,9.430693,13.071295,23.971284,15.167879
6.415987,9.352248,13.136283,23.988530,15.168095
6.595447,9.270614,13.201158,24.007360,15.168263
6.767595,9.185501,13.265172,24.027909,15.168389
6.929536,9.096559,13.327430,24.050351,15.168478
7.101274,9.003382,13.387048,24.074855,15.168534
7.270200,8.905630,13.443264,24.101584,15.168562
7.474753,8.802940,13.495345,24.130736,15.168566
7.639753,8.694781,13.542336,24.162588,15.168551
7.911766,8.580715,13.583469,24.197479,15.168522
8.085805,8.503520,13.618607,24.235727,15.168483
8.278431,8.426431,13.648454,24.277631,15.168436
8.403000,8.347437,13.675396,24.323539,15.168385
8.465922,8.269842,13.704513,24.373753,15.168336
8.338842,8.197560,13.741174,24.428289,15.168292
8.183008,8.130615,13.784914,24.486477,15.748454
8.106824,8.066438,13.830707,24.546212,15.168232
7.932558,8.005765,13.875436,24.602732,15.168218
7.765515,7.954465,13.919273,24.647431,15.168216
7.682995,7.921533,13.964200,24.669102,15.168227
7.628566,7.912992,14.011697,24.660347,15.168254
7.467915,7.926285,14.060888,24.623895,15.168295
7.393905,7.952111,14.108954,24.570151,15.168354
7.299462,7.980736,14.152861,24.509569,15.168429
7.265269,8.005322,14.190212,24.448884,15.168522
7.164359,8.021941,14.219304,24.391412,15.168634
7.160731,8.028816,14.239122,24.338383,15.168764
7.077543,8.025803,14.249163,24.290049,15.938093
7.075344,8.014292,14.249982,24.246209,15.395584
6.999004,7.997315,14.243882,24.206474,15.169265
6.932715,7.979343,14.234969,24.170385,15.169466
6.815806,7.964558,14.227490,24.137494,15.169683
6.688609,7.954386,14.223223,24.107404,15.169915
6.754455,7.947221,14.220962,24.079767,15.170159
6.874774,7.940659,14.218680,24.054284,15.170410
6.995340,7.933011,14.215053,24.030705,15.170666
7.071684,7.923591,14.209698,24.008829,15.170925
7.160718,7.912307,14.202732,23.988475,15.171184
7.233304,7.899342,14.194483,23.969491,15.171439
7.310320,7.884976,14.185329,23.951760,15.171688
7.426950,7.869459,14.175559,23.935189,15.171928
7.522764,7.853003,14.165377,23.919705,15.172156
7.561374,7.835777,14.154927,23.905234,15.172370
7.585898,7.817908,14.144240,23.891726,15.172565
7.579169,7.799504,14.133206,23.879163,15.172740
7.530922,7.782211,14.121737,23.867526,15.172894
7.531831,7.783026,14.109783,23.856806,15.173026
7.538073,7.783450,14.097392,23.846990,15.173134
7.525870,7.783718,14.084716,23.838073,15.173217
7.539421,7.783841,14.071976,23.830052,15.173276
7.548207,7.783588,14.059371,23.822900,15.173308
7.713443,7.782665,14.047091,23.816589,15.173314
7.939401,7.780890,14.035325,23.811100,20.533717
8.296074,7.778298,14.024242,23.806431,15.173239
8.040916,7.775128,14.013919,23.802579,15.173159
7.824232,7.771722,14.004237,23.799553,15.173049
7.760453,7.768365,13.994850,23.797361,15.172909
7.755161,7.765184,13.985353,23.796003,15.172738
7.755753,7.762248,13.975435,23.795473,15.172536
7.740602,7.759697,13.964930,23.795760,15.172302
7.712103,7.757636,13.953685,23.796856,15.172034
7.675307,7.756170,13.941604,23.798755,15.171730
7.635370,7.755436,13.928624,23.801453,15.171390
7.593198,7.755564,13.914556,23.804948,15.171012
7.550729,7.756680,13.899116,23.809245,15.170594
7.509709,7.758950,13.882137,23.814348,15.170135
7.472477,7.762561,13.863487,23.820255,15.169634
7.437717,7.767706,13.843000,23.826954,15.169088
7.400159,7.774650,13.820685,23.834442,15.168495
7.334271,7.783751,13.796687,23.842720,15.167853
7.228987,7.795339,13.770992,23.851774,15.167162
7.123776,7.809723,13.743482,23.861583,15.166419
7.024875,7.827161,13.713928,23.872127,15.165622
6.916224,7.847834,13.681948,23.883380,15.164771
6.778542,7.871877,13.647072,23.895313,15.163866
6.755995,7.899508,13.609058,23.907867,15.162906
6.751134,7.931022,13.567904,23.920948,15.161889
6.745740,7.966789,13.523692,23.934454,15.160811
6.739815,8.007242,13.476570,23.948269,15.159670
6.733360,8.052853,13.426687,23.962265,15.158463
6.726363,8.104211,13.374162,23.976303,15.157190
6.718814,8.162200,13.319002,23.990240,15.155846
6.710690,8.228247,13.261074,24.003933,15.154432
6.701960,8.303995,13.200120,24.017244,15.152948
6.692601,8.381554,13.136870,24.030043,15.151394
6.682586,8.423194,13.075336,24.042214,15.149771
6.671888,8.448465,13.013080,24.053657,15.148081
6.660478,8.481800,12.947176,24.064296,16.275295
6.648324,8.522974,12.877567,24.074078,18.967201
6.635386,8.569739,12.804478,24.082977,15.142611
6.621608,8.620359,12.728103,24.090998,15.140659
6.606929,8.673202,12.648329,24.098170,15.138647
6.591278,8.725976,12.564450,24.104552,15.136581
6.574589,8.773739,12.474576,24.110226,15.134468
6.556817,8.800418,12.373800,24.115295,15.132317
6.538005,8.848695,12.269447,24.119872,15.260292
6.528269,8.949562,12.230011,24.122010,15.129045
