0.007612,0.015746,0.041586,1.818760,12.996963
0.169559,0.224293,0.122929,18.689182,14.047080
0.926804,0.415002,0.128533,19.345387,14.560469
2.592608,0.425240,1.750244,19.760080,14.828885
4.764531,0.427561,2.795587,20.285348,14.960362
7.069222,0.435270,2.741097,20.081323,14.992587
8.103304,4.118571,3.536680,20.397310,15.024718
8.576204,6.431238,8.526912,20.693191,15.042113
8.975119,6.522259,8.286064,20.526313,15.023647
9.076144,6.346454,8.083173,20.604235,14.999913
9.348079,6.360676,8.448885,20.960343,14.984876
9.643018,6.124817,8.433816,21.298487,14.962233
9.837579,8.564072,8.881970,21.499425,14.920724
10.000679,10.586445,8.809847,21.637326,14.866098
9.775945,9.193526,8.391801,21.739840,15.808218
9.789855,8.569513,7.992048,22.117243,17.564258
9.639950,8.349301,8.610926,22.739751,18.316456
9.797307,8.027642,9.361134,23.207564,18.875553
9.601906,7.955532,9.835611,23.330627,17.975938
9.677862,7.707885,10.868396,23.311724,16.523844
9.803994,8.112232,9.877422,23.350951,15.431939
10.156989,8.083008,9.194886,23.395939,14.731282
10.072455,8.108577,8.871022,23.414673,14.631608
10.141465,7.647264,8.411068,23.432662,14.629908
10.172249,7.443247,8.072887,23.481511,14.880251
10.147593,7.215334,7.956896,23.568570,15.266584
10.043148,7.265237,8.217934,23.679532,15.530307
10.910737,6.790861,8.634875,23.785264,15.648402
10.124564,6.864022,9.539295,23.862100,15.581086
13.432544,6.960417,10.257669,23.964002,15.446374
12.188263,6.835466,9.921411,24.109772,15.383669
13.752687,7.271288,10.018951,24.230330,15.306361
13.220455,6.987313,10.206346,24.319695,15.131207
15.067206,6.674054,10.686359,24.386873,14.906307
13.622142,6.788333,10.567536,24.435042,14.832077
15.966947,6.514311,9.730560,24.459288,14.994632
14.647778,6.484890,9.552752,24.467395,15.433392
16.776296,6.320444,9.073116,24.465429,16.010924
14.793947,6.184028,8.999720,24.452435,16.586459
17.187744,5.966101,9.061337,24.437071,17.162447
14.863141,5.665940,9.017919,24.431753,17.652768
16.819753,5.641253,9.151786,24.465071,17.754904
14.557339,5.408450,8.985747,24.541745,17.423287
15.812219,6.423702,9.429933,24.621246,16.990780
14.564540,6.163084,11.697017,24.690389,16.592047
16.231247,6.041663,10.337619,24.746010,16.288785
13.701524,7.398442,10.917784,24.777397,16.129615
16.062138,6.626938,10.777145,24.776813,16.082802
13.287674,7.608114,11.674568,24.785907,16.151180
15.515163,6.336306,11.697105,24.866714,16.410998
13.316380,7.564843,11.453516,24.938582,16.660782
15.086647,6.652984,11.456321,24.996136,16.916131
13.158895,7.181820,11.496092,25.046303,17.223738
14.677558,6.714058,11.530622,25.090019,17.525192
13.213640,7.103731,11.613772,25.130594,17.786875
14.031283,6.693436,11.641997,25.170434,17.949542
12.904390,6.860176,11.447909,25.216261,18.011948
13.627249,6.860241,11.221522,25.271776,18.050652
13.013199,7.803351,11.207629,25.328007,18.082663
12.591683,6.606199,11.239889,25.378427,18.084066
12.810048,8.023550,10.945361,25.416778,18.008023
12.332379,6.781531,10.456547,25.436733,17.742505
11.757752,7.249216,10.513878,25.452492,17.261956
11.589993,7.011197,10.043006,25.476204,16.555972
11.729029,7.405785,10.762666,25.523087,15.615148
10.392021,6.475595,10.967360,25.609662,14.364209
10.918364,7.591073,12.044545,25.789127,14.350983
10.118421,6.278123,11.088656,26.321428,23.006522
11.224831,7.263889,10.836550,26.073387,14.375154
9.695412,6.876329,10.882351,25.542731,14.385994
10.673008,7.959899,11.049676,25.270346,14.395830
9.372065,7.041039,11.163413,25.088488,14.404637
11.098350,8.525113,11.074092,24.952746,14.579501
8.769918,7.573666,10.911466,24.843990,14.982902
10.132638,9.566567,10.855730,24.753624,15.290460
8.238210,8.309382,10.966248,24.675329,15.531652
10.060986,10.571767,11.017212,24.605223,15.724744
8.415856,9.266333,10.855111,24.543551,15.879568
9.543328,11.776478,10.672601,24.489657,16.003024
8.252658,9.464877,10.564892,24.443810,16.100978
8.766166,12.530181,10.457794,24.404665,16.175578
8.943442,9.417206,10.382579,24.369783,16.226768
9.605963,11.737842,10.227049,24.339277,16.259783
9.651665,9.512278,10.140734,24.313412,16.278337
9.939775,10.499628,10.113348,24.290516,16.280029
10.635673,9.218972,10.117691,24.269674,16.266389
10.380740,9.728153,10.091859,24.251435,16.244268
10.808035,9.001647,10.038984,24.235747,16.216959
10.910021,9.315172,9.985520,24.222825,16.188686
11.546642,9.249739,9.902255,24.212105,16.156501
11.614468,9.264160,10.733376,28.086017,20.863579
11.675174,9.258229,9.891041,24.194252,16.061968
12.020666,9.249411,9.880537,24.186321,16.001411
11.887959,9.186617,9.896556,24.178954,15.938534
12.226537,9.131266,9.946964,24.172077,15.877417
12.900479,9.220460,10.092248,24.165653,15.820260
12.452511,9.114072,10.029947,24.159612,15.763690
12.262549,9.093049,10.043584,24.153857,15.706801
12.453039,9.140956,10.078443,24.148288,15.653422
13.067596,9.381081,10.161038,24.142918,15.602887
13.053115,9.137850,10.126655,24.137781,15.553112
12.632635,8.898763,10.129716,24.132734,15.506241
13.087435,8.796701,10.169539,24.127722,15.463572
12.873843,8.778061,10.250156,24.122637,15.426948
12.951869,8.642649,10.328413,24.117518,15.397186
13.395262,8.582819,10.430954,24.112536,15.373632
13.187416,8.604442,10.564660,24.107642,15.355654
12.449692,8.689559,10.743469,24.102772,15.343431
12.916227,8.535789,10.578556,24.098093,15.337184
13.369830,8.328625,10.442889,24.093825,15.336448
13.062109,8.208764,10.457429,24.090125,15.339815
12.856264,8.137228,10.574921,24.086909,15.344478
12.861697,8.141030,10.673022,24.084185,15.349086
13.535458,8.036670,10.615054,24.081859,15.351706
12.819158,7.974432,10.604846,24.079975,15.352638
12.278207,7.955988,10.619468,24.078707,15.353588
12.296206,7.943460,10.603312,24.078007,15.352888
12.856139,7.982685,10.630246,24.077779,15.349022
12.341894,8.350925,10.739866,24.077914,26.431602
11.695983,7.522926,10.647027,24.078319,15.327472
11.879676,8.597723,10.552127,24.079064,15.312549
11.494749,8.060332,10.549063,24.080143,15.296782
11.699247,8.099780,10.598948,24.081402,15.278175
11.414989,8.580249,10.673141,24.082760,15.256501
11.145516,9.353644,10.575955,24.084094,15.230762
10.994942,8.177422,10.508530,24.085415,15.203365
10.819871,9.384010,10.545120,24.086770,15.177169
10.560037,8.825500,10.633841,24.088056,15.150467
10.566430,9.292538,10.709202,24.089254,15.123924
9.435850,8.338790,10.722682,24.090445,15.100811
9.926918,8.903938,10.732471,24.091596,15.080626
10.418171,7.685112,10.714017,24.092649,15.062038
9.720018,8.786716,10.697450,24.093539,15.043903
9.244050,7.575389,10.763199,24.094212,15.025838
9.314215,8.012763,10.846880,24.094672,15.010099
9.921163,8.014619,10.919522,24.094864,14.997513
9.132209,7.621336,10.988877,24.094655,14.986367
8.304917,7.627223,11.057052,24.093943,14.976161
8.730648,7.816726,11.123591,24.092603,14.965682
9.568793,7.538479,11.198822,24.090567,14.955818
9.215126,7.684846,11.285337,24.087777,15.638083
7.707055,7.674479,11.348402,24.084108,14.941496
8.361179,7.780694,11.394740,24.079478,14.935959
8.568288,7.844700,11.441030,24.073804,14.930761
8.066617,7.844161,11.486232,24.067044,14.926238
8.306285,7.818208,11.548357,24.059177,14.923852
7.528568,8.248127,11.654661,24.050150,14.923847
8.338461,7.781357,11.827971,24.039924,14.926060
7.245595,8.649769,12.060713,24.028481,14.930373
7.785370,7.813848,12.199949,24.015826,14.936687
7.152278,8.843856,12.149606,24.001978,14.945727
7.825374,7.999288,12.107234,23.986944,14.958106
7.182276,8.575070,12.104145,23.970738,20.949344
7.039408,8.108432,12.131839,23.953394,14.992767
6.831023,8.910958,12.187352,23.934960,15.014648
6.916771,8.258868,12.273587,23.915508,15.038847
7.159930,9.385392,12.366611,23.895105,15.065009
6.752612,7.938073,12.519113,23.873811,15.092769
6.791432,9.819001,12.708379,23.851684,15.121930
6.924806,8.204660,12.566118,23.828791,15.152303
6.899104,9.311780,12.550539,23.805193,15.183284
7.167063,8.661447,12.557284,23.780947,15.214661
6.874244,9.212890,12.589073,23.756113,15.246144
7.534190,8.560640,12.625103,23.730750,15.276987
7.195949,9.526425,12.662011,23.704917,15.307358
7.445476,8.459281,12.695620,23.678690,15.337433
7.099728,8.366884,12.731256,23.651769,15.322121
7.084405,8.462280,12.793485,23.624250,15.224259
7.069040,8.557207,12.862025,23.597263,15.129315
7.053912,8.660200,12.937382,23.570790,15.037441
7.040131,8.771326,13.020247,23.544676,14.952659
7.026366,8.894777,13.111116,23.518674,14.878987
7.011278,9.032144,13.211248,23.492442,14.819442
6.992813,9.185312,13.323412,23.465502,14.776522
6.968565,9.355270,13.451308,23.437122,14.754524
6.937212,9.540031,13.598235,23.406120,14.762158
6.897474,9.736362,13.767546,23.370608,14.813510
6.840980,9.940989,13.964522,23.327650,14.929046
6.755660,10.142375,14.194902,23.273838,15.131686
6.796725,10.321806,14.433693,23.218522,18.347113
6.781719,10.468796,14.524273,23.229862,15.137058
6.942247,10.532450,14.454996,23.307175,14.609160
7.053623,10.554355,14.361736,23.381528,14.611208
7.143209,10.561715,14.257172,23.442937,14.613035
7.220028,10.573873,14.139291,23.493591,14.614650
7.286179,10.599498,14.016254,23.534843,14.616064
7.342649,10.633962,13.890928,23.567161,14.617346
7.389492,10.673818,13.767207,23.589989,14.618557
7.426998,10.717184,13.650939,23.602280,14.619725
7.453772,10.760509,13.545568,23.603321,14.620874
7.469795,10.802228,13.452778,23.593194,14.622020
7.472963,10.841434,13.372256,23.572948,14.623189
7.461726,10.881214,13.302711,23.544261,14.624428
7.431980,10.934433,13.242957,23.508995,14.625775
7.372522,11.016973,13.192346,23.468685,14.627301
7.225962,11.121697,13.149961,23.424470,14.629078
7.283629,11.227656,13.114030,23.377399,14.631139
7.368220,11.327148,13.083033,23.328178,14.633516
7.400623,11.420957,13.055936,23.277183,14.636245
7.413214,11.502794,13.031902,23.224568,14.639362
7.419689,11.568168,13.010750,23.170338,14.642899
7.433046,11.607722,12.992378,23.114435,14.646881
7.459925,11.602822,12.976004,23.056887,14.651313
7.493071,11.537697,12.962009,22.997630,16.238168
7.527636,11.729709,12.949786,22.936773,14.661524
7.563649,11.879879,12.940540,22.874592,14.667243
7.615947,11.985485,12.953114,22.811167,14.673330
7.703477,12.073077,13.010661,22.746663,14.679747
7.803777,12.151333,13.093908,22.681444,14.686436
7.896391,12.225086,13.187800,22.615727,14.693352
7.973603,12.296439,13.292204,22.549659,14.700458
8.029540,12.367447,13.406659,22.483402,14.707715
8.060196,12.439034,13.507414,22.417381,14.715059
8.067845,12.513222,13.525043,22.352039,14.722419
8.058948,12.593600,13.413311,22.287542,14.729767
8.039242,12.681154,13.221901,22.224069,14.737071
8.016525,12.773275,13.013576,22.161800,14.744302
8.007557,12.863779,12.815453,22.100845,14.751444
8.022048,12.947239,12.628486,22.041379,14.758469
8.045535,13.022264,12.450396,21.983556,14.765357
8.068420,13.085863,12.305470,21.927505,14.772103
8.088671,13.137526,12.174019,21.873376,14.778702
8.106020,13.177092,12.040581,21.821320,14.785147
8.120263,13.205113,11.903665,21.771493,14.791435
8.131134,13.223829,11.761414,21.724058,14.797570
8.139697,13.241347,11.612728,21.679105,14.803550
8.150931,13.246718,11.456665,21.636638,14.809365
8.172073,13.165677,11.289494,21.596702,14.815023
8.201763,12.991169,11.106842,21.559280,14.820531
8.231136,12.791751,10.904935,21.524195,14.825888
8.254460,12.592632,10.683926,21.491276,14.831093
8.273878,12.396886,10.486406,21.460360,14.836151
8.299182,12.204217,10.421934,21.431244,14.841061
8.326542,12.014473,10.437545,21.403655,14.845817
8.349322,11.827627,10.445749,21.377419,14.850415
8.367656,11.644621,10.435385,21.352415,14.854854
8.383101,11.465465,10.410685,21.328524,14.859130
8.395540,11.289662,10.376180,21.305684,14.863242
8.452284,11.118232,10.335316,21.283897,14.867191
8.535474,10.950181,10.290021,21.263131,14.870975
8.614267,10.808543,10.241664,21.243374,14.874593
8.689132,10.754705,10.191119,21.224609,14.878043
8.760438,10.704952,10.138967,21.206818,14.881324
8.828396,10.658581,10.085709,21.190006,14.884436
8.893198,10.615028,10.031722,21.174182,14.887375
8.956456,10.573790,9.977225,21.159342,14.890142
9.021254,10.534496,9.922388,21.145490,14.892734
9.083135,10.496810,9.867353,21.132622,14.895150
9.142233,10.460456,9.812207,21.120739,14.897390
9.198626,10.425155,9.757011,21.109849,14.899450
9.252408,10.390712,9.701788,21.099957,15.857636
9.303668,10.357014,9.646421,21.091065,16.155549
9.352494,10.323877,9.599015,21.083173,15.138061
9.398958,10.291174,9.564136,21.076285,14.905879
9.443139,10.258702,9.529415,21.070403,14.907030
9.485116,10.226212,9.494839,21.065527,14.907994
9.524924,10.193640,9.460416,21.061663,14.908774
9.562598,10.160916,9.426142,21.058812,14.909370
9.598185,10.127960,9.391969,21.056977,14.909782
9.631730,10.094757,9.357858,21.056163,14.910006
9.663273,10.061164,9.323794,21.056370,14.910045
9.692840,10.027119,9.289638,21.057605,14.909897
9.720459,9.992567,9.255316,21.059872,14.909560
9.746167,9.957633,9.221070,21.063169,14.909037
9.769991,9.922498,9.187013,21.067502,14.908330
9.791946,9.887546,9.153326,21.072882,14.907435
9.812049,9.853280,9.120306,21.079308,14.906356
9.830319,9.820645,9.088538,21.086780,14.905094
9.846772,9.791311,9.059072,21.095308,14.903649
9.861424,9.767139,9.033063,21.104896,14.902023
9.874287,9.749611,9.011444,21.115554,14.900216
9.885363,9.739165,8.994457,21.127281,14.898230
9.894654,9.734800,8.981466,21.140087,14.896066
9.902165,9.735000,8.971526,21.153990,14.893723
9.907897,9.738177,8.963649,21.168995,14.891203
9.911850,9.743332,8.957224,21.185109,14.888508
9.914023,9.750027,8.951995,21.202344,14.885636
9.914422,9.758192,8.947982,21.220704,14.882589
9.913036,9.767765,8.945141,21.240206,14.879367
9.909860,9.778826,8.943555,21.260860,14.875971
9.904878,9.791399,8.943243,21.282692,14.872399
9.898075,9.805426,8.944173,21.305723,14.868652
9.889420,9.834644,8.946084,21.329963,14.864727
9.878896,9.875837,8.948802,21.355436,14.860624
9.866495,9.917712,8.952138,21.382177,14.856341
9.852206,9.959816,8.955857,21.410224,14.851877
9.835997,10.002064,8.959773,21.439597,14.847227
9.817837,10.044361,8.963698,21.470320,14.842387
9.797684,10.086672,8.967446,21.502425,14.837350
9.775465,10.129112,8.970843,21.535961,14.832115
9.751078,10.172018,8.973656,21.570981,14.826679
9.724450,10.215455,8.975729,21.607530,14.821034
9.695513,10.259466,8.976962,21.645655,14.815170
9.664185,10.304123,8.977282,21.685406,14.809075
9.630342,10.349463,8.976441,21.726850,14.802743
9.593843,10.395445,8.974239,21.770053,14.796165
9.554476,10.442005,8.970269,21.815089,14.789323
9.512038,10.488595,8.964408,21.862036,14.782206
9.466236,10.534573,8.956314,21.910982,14.774799
9.416712,10.579584,8.945564,21.962018,14.767086
9.362979,10.624623,8.931405,22.015239,14.759053
9.304267,10.672834,8.912444,22.070768,14.750678
9.245012,10.729751,8.886000,22.128731,14.741934
9.182278,10.804438,8.846873,22.189255,14.732800
9.109416,10.915737,8.783157,22.252488,14.723249
9.016745,11.122597,8.655186,22.318555,14.713258
8.838441,11.833941,8.185154,23.250090,18.498303
8.884136,11.268885,8.558789,22.459907,14.691823
8.899028,10.906073,8.788873,22.535562,14.680308
8.881726,10.716277,8.901378,22.614705,14.668228
8.850786,10.581942,8.976218,22.697507,14.655550
8.811399,10.472728,9.033066,22.784237,14.642225
8.765721,10.376985,9.078972,22.875081,14.628215
8.714875,10.288974,9.117165,22.970100,14.769005
8.659618,10.204755,9.149183,23.069426,14.989906
8.600520,10.121542,9.175666,23.172975,15.221305
8.538067,10.037032,9.196681,23.280574,15.462179
8.472791,9.949189,9.211994,23.391668,19.638373
8.405373,9.856218,9.221397,23.504926,15.960573
8.336565,9.757420,9.225381,23.618371,16.651936
8.267265,9.653547,9.225684,23.728696,16.433809
8.198518,9.547329,9.225455,23.830795,16.626649
8.131557,9.442534,9.229041,23.918957,16.763402
8.067570,9.343428,9.241342,23.987447,16.823095
8.007402,9.253180,9.266241,24.032327,16.791374
7.951212,9.173169,9.305979,24.052705,16.665590
7.898394,9.102553,9.360625,24.051218,16.456563
7.847836,9.038580,9.427755,24.033396,16.185565
7.798438,9.014947,9.541981,24.005278,15.876013
7.825318,9.006724,9.794600,23.972134,15.548878
7.939465,8.998301,10.078498,23.937870,15.220559
8.058325,8.987949,10.396697,23.904714,14.901724
8.184511,8.974605,10.752644,23.873993,14.600288
8.321898,8.958461,11.144821,23.846457,14.528889
8.476087,8.940026,11.564564,23.822257,14.537327
8.651674,8.920060,12.024208,23.801136,14.544900
8.819910,8.899493,12.627164,23.782618,14.551634
8.853240,8.878892,12.346642,23.766159,14.557553
8.755684,8.858367,11.824914,23.751206,14.562673
8.656311,8.837844,11.500672,23.737257,14.567006
8.582476,8.816023,11.278140,23.723824,14.570512
8.530699,8.793116,11.119873,23.710600,14.573198
8.497205,8.770612,11.006386,23.697522,14.575110
8.480669,8.750274,10.925511,23.684670,14.576297
8.480314,8.733758,10.869635,23.672215,14.576822
8.494791,8.721660,10.891533,23.660333,14.576737
8.520203,8.713073,10.982410,23.649163,14.576078
8.550947,8.706138,11.075200,23.638781,14.574890
8.582258,8.699100,11.170245,23.629188,14.573213
8.610477,8.690346,11.268444,23.620205,14.571116
8.633537,8.678512,11.371012,23.611485,14.568680
8.650174,8.662672,11.478852,23.602699,14.787562
8.659554,8.642183,11.592606,23.593594,15.024989
8.661765,8.641559,11.712132,23.584258,15.272531
8.657970,8.660007,11.837445,23.574398,15.527462
8.650894,8.678288,11.968284,23.563534,15.785457
8.642505,8.697954,12.102137,23.552038,16.037043
8.641246,8.721652,12.232548,23.541452,16.264328
8.650908,8.752564,12.347490,23.534635,16.439934
8.668948,8.791590,12.431057,23.534479,16.535686
8.696098,8.834117,12.471025,23.541150,16.541375
8.735443,8.871162,12.466432,23.551383,16.474979
8.787599,8.897682,12.429344,23.560724,16.365395
8.844436,8.916298,12.378131,23.565709,16.231501
8.905918,8.931827,12.327672,23.564372,16.083216
8.971828,8.945705,12.286195,23.556310,15.927467
9.041465,8.958688,12.257130,23.541840,15.767617
9.112728,8.972091,12.240895,23.521695,15.605536
9.180537,8.990265,12.235368,23.496611,15.442316
9.237653,9.021953,12.235931,23.467287,15.278860
9.285042,9.077524,12.236465,23.434778,15.116341
9.332920,9.157017,12.235398,23.399996,14.955748
9.375883,9.248858,12.236450,23.363587,18.202956
9.375340,9.341728,12.242387,23.326287,14.643294
9.336757,9.429709,12.253040,23.288608,14.605578
9.303463,9.511058,12.265943,23.250799,14.612477
9.275234,9.585683,12.276106,23.213286,14.619256
9.259962,9.655032,12.276479,23.176458,14.625866
9.263666,9.721515,12.259235,23.140480,14.632285
9.303939,9.787682,12.217510,23.105115,14.638548
9.427453,9.856057,12.145862,23.070252,14.644674
9.658279,9.927804,12.044067,23.036087,15.027066
9.427451,10.001886,11.918683,23.002613,14.656444
9.311666,10.081472,11.928649,22.969905,14.662086
9.241565,10.162163,11.932742,22.938011,15.334215
9.165468,10.241775,11.932770,22.906867,15.049996
9.240121,10.318981,11.909387,22.876516,14.678082
9.314408,10.392125,11.860308,22.846997,15.276143
9.327581,10.460417,11.796216,22.818325,14.687997
9.277261,10.527185,11.733192,22.790507,14.692737
9.055240,10.635725,11.676592,22.763553,18.351562
9.253520,10.582241,11.652771,22.737469,14.701695
9.350644,10.553004,11.787248,22.712276,17.420030
9.407911,10.528715,11.467822,22.687995,14.709951
9.447063,10.503955,11.231071,22.664615,14.713833
9.473623,10.478952,11.051848,22.642110,14.717543
9.490598,10.454129,10.899212,22.620492,14.721085
9.500455,10.430027,10.765481,22.599763,14.724463
9.505804,10.407424,10.714816,22.579884,14.727671
9.509409,10.386328,10.708967,22.560876,14.730714
9.514188,10.366560,10.703908,22.542759,14.733597
9.523957,10.348118,10.699318,22.525517,14.736321
9.544963,10.330880,10.695226,22.509205,14.738894
9.588289,10.314685,10.691671,22.493837,14.741320
9.668874,10.299331,10.688758,22.479355,14.743597
9.785232,10.284663,10.686485,22.465732,14.745724
9.849739,10.270568,10.684761,22.452962,14.747700
9.743427,10.256985,10.683377,22.441050,14.749526
9.572929,10.243873,10.682048,22.430016,14.751204
9.419034,10.231011,10.680959,22.419831,14.752734
9.288948,10.218255,10.680192,22.410475,14.754116
9.177734,10.205586,10.679628,22.401964,14.755349
9.083631,10.192964,10.679230,22.394294,14.756433
9.002449,10.180338,10.678984,22.387459,14.757369
8.931594,10.167760,10.678858,22.381453,14.758156
8.869122,10.155334,10.678824,22.376265,14.758798
8.813098,10.143092,10.678894,22.371893,14.759293
8.761063,10.131053,10.679090,22.368336,20.255185
8.710302,10.119228,10.679425,22.365592,14.759841
8.663238,10.107594,10.679934,22.363655,14.759888
8.654074,10.096097,10.680664,22.362515,14.759776
8.721280,10.084622,10.681708,22.362176,16.930662
8.815115,10.073068,10.683122,22.362640,14.759090
8.906553,10.061320,10.684837,22.647492,14.758508
8.992897,10.049281,10.686831,23.092353,14.757768
9.075280,10.036854,10.689053,23.569161,14.756876
9.154407,10.024051,10.691475,24.089138,14.755833
9.229864,10.010941,10.694078,24.661410,14.754638
9.299397,9.997627,10.696858,25.300934,14.753292
9.358563,9.984227,10.699834,26.026979,14.978950
9.403519,9.970861,10.703059,26.859206,15.691516
9.440784,9.957610,10.706582,27.871748,16.562522
9.481498,9.944409,10.710360,29.244643,17.824186
9.531502,9.931326,10.714592,31.293291,19.787861
9.588838,9.918468,10.719506,35.910970,24.639854
9.650462,9.905853,10.725267,33.963903,21.759322
9.715244,9.893447,10.731999,31.730957,18.567506
9.783205,9.881186,10.739798,30.070444,16.798539
9.854848,9.869095,10.748746,28.623810,15.588556
9.930814,9.857062,10.758831,27.522024,14.729274
10.015588,9.845072,10.770071,26.662996,15.075056
10.123722,9.833304,10.782532,25.953223,15.040319
10.274195,9.821829,10.796286,25.351136,14.719975
10.462454,9.810624,10.811525,24.823209,14.716632
10.671563,9.799735,10.828131,24.352514,17.853858
10.890734,9.789199,10.846165,23.921505,17.640531
11.100402,9.779199,10.865467,23.518301,14.705901
11.243339,9.769952,10.885884,23.143911,14.702091
11.253306,9.761626,10.907322,22.778841,14.698171
11.160975,9.754597,10.929535,22.681772,14.694141
11.034935,9.749431,10.952137,22.706675,14.690001
10.907723,9.746905,10.974852,22.733298,14.685754
10.789668,9.747962,10.997253,22.761912,14.681404
10.681498,9.753722,11.018713,22.792929,14.676954
10.580417,9.765447,11.038695,22.826752,14.672407
10.483423,9.784323,11.056491,22.863893,14.667765
10.395907,9.811164,11.071852,22.904700,14.663029
10.318124,9.845720,11.085303,22.949240,14.658203
10.259481,9.886444,11.097854,22.997558,14.653290
10.216495,9.933220,11.110873,23.049429,14.648294
10.173070,9.986674,11.126215,23.104621,14.643219
10.120844,10.044854,11.146012,23.162842,14.638069
10.058593,10.100419,11.171905,23.223696,14.632843
9.987397,10.136812,11.204386,23.286930,14.627549
9.906898,10.128880,11.242753,23.352366,14.622188
9.811493,10.062450,11.287509,23.419926,14.616768
9.688289,9.933290,11.338295,23.489643,14.611299
9.508369,9.668966,11.415435,23.561617,14.605780
9.402338,9.667350,11.290209,23.635994,14.600214
9.347587,9.876263,11.021838,23.713017,14.594609
9.236184,9.956727,10.825807,23.793007,14.588970
9.095463,9.985001,10.670155,23.876372,14.583311
8.939164,9.977145,10.547125,23.963738,14.577635
8.779858,9.939426,10.451543,24.089730,14.571932
8.625341,9.875779,10.378112,24.484469,14.566210
8.479138,9.789004,10.321729,24.931121,14.560455
8.341158,9.680750,10.277452,25.443333,14.554659
8.208544,9.551084,10.240767,26.041451,14.548849
8.074691,9.396648,10.207366,26.761577,18.785353
7.924378,9.207995,10.172602,27.672554,14.537155
7.704352,8.962819,10.130209,28.919022,20.937606
7.605468,8.591443,10.064175,30.927405,15.185014
7.719017,7.794828,9.955857,37.142399,14.519450
7.788020,8.336836,10.049793,32.051205,14.753289
7.850964,8.718531,10.159209,29.582997,14.507452
7.906950,8.917087,10.232500,28.233366,14.501311
7.952469,9.047830,10.295548,27.312187,14.495096
7.990102,9.142593,10.350461,26.615596,14.488754
8.026782,9.206647,10.381011,26.057835,14.482230
8.071146,9.233936,10.361533,25.596595,14.475498
8.124318,9.231351,10.298723,25.207432,14.468544
8.184940,9.215357,10.222015,24.875891,14.461393
8.250954,9.195537,10.147557,24.849913,14.453994
8.319925,9.174869,10.079130,24.853674,14.446254
8.392012,9.153626,10.015848,24.863671,14.438123
8.466410,9.131353,9.955950,24.879503,14.429577
8.541399,9.107410,9.897522,24.900808,14.526303
8.615327,9.081405,9.863604,24.927329,14.858162
8.687286,9.053138,9.853842,24.959134,15.183203
8.756765,9.022497,9.831953,24.996308,15.504106
8.823409,8.989485,9.797738,25.038922,15.822366
8.886779,8.954076,9.754808,25.087154,16.139735
8.946690,8.916202,9.706545,25.141280,16.458153
9.002608,8.875750,9.656555,25.201649,16.779615
9.054289,8.832507,9.606783,25.268698,17.106299
9.101157,8.786127,9.558636,25.342976,17.440710
9.142912,8.736163,9.512016,25.425080,17.785526
9.178806,8.682265,9.467523,25.515117,18.141855
9.210302,8.624053,9.424780,25.613271,18.511137
9.242517,8.561071,9.385215,25.719864,18.895286
9.281156,8.492372,9.348494,25.836371,19.299471
9.338989,8.416596,9.317246,25.965005,19.731238
9.420639,8.332354,9.292196,26.108156,20.199590
9.515515,8.238579,9.271509,26.267850,20.713594
9.611832,8.134201,9.254232,26.446344,21.283631
9.704904,8.016773,9.240627,26.647911,21.925350
9.792674,7.883088,9.231648,26.878017,22.657915
9.873222,7.731386,9.226822,27.139602,23.491079
9.946502,7.571404,9.226981,27.415911,24.364836
10.012334,7.448145,9.232683,27.629117,24.995507
10.069789,7.438424,9.244781,27.646409,24.896536
10.117818,7.534667,9.266356,27.481340,24.117301
10.155552,7.660854,9.301556,27.266224,23.143286
10.182944,7.778015,9.358970,27.069073,22.227000
10.201698,7.878578,9.477986,26.903152,21.421582
10.219442,7.962995,9.686938,26.765605,20.721522
10.254942,8.030065,9.396046,26.649391,20.104284
10.331057,8.077688,9.290798,26.548621,19.552454
10.445607,8.113557,9.223260,26.459339,19.057396
10.602455,8.145209,9.182050,26.379133,18.617276
10.748757,8.175914,9.156808,26.305341,18.228784
10.633233,8.207429,9.135367,26.235179,17.887864
10.404656,8.240544,9.118535,26.167556,17.594015
10.201866,8.275608,9.105984,26.102097,17.345754
10.020013,8.313036,9.087720,26.038299,17.139672
9.844690,8.353493,9.045057,25.975252,16.971148
9.661057,8.397610,8.996134,25.912185,16.835453
9.413802,8.445315,8.939651,25.849459,16.727212
9.294749,8.496335,8.877892,25.787875,16.640896
9.472599,8.550383,8.811169,25.728247,16.571476
9.532593,8.608387,8.740531,25.670526,16.515334
9.563405,8.695421,8.670622,25.614848,16.469109
9.586034,8.782712,8.596029,25.561857,16.429667
9.612836,8.868560,8.537323,25.511572,16.395168
9.649684,8.950345,8.545410,25.464029,16.364131
9.694542,9.025201,8.555281,25.419084,16.335429
9.741107,9.090225,8.567523,25.376538,16.308029
9.784254,9.143288,8.581946,25.336422,16.281426
9.822892,9.183693,8.598831,25.298801,16.255522
9.859639,9.211972,8.619286,25.263664,16.230254
9.896144,9.229577,8.643814,25.231150,16.205953
9.929628,9.237266,8.672460,25.201550,16.182718
9.957265,9.236614,8.886366,25.175277,16.161617
9.978433,9.230209,9.120506,25.152813,16.144999
9.993644,9.220010,9.344600,25.134983,16.134037
10.004113,9.208231,9.558486,25.122495,16.129119
10.011960,9.196911,9.759962,25.115268,16.130243
10.019476,9.187731,9.950113,25.112294,16.137436
10.029111,9.182012,10.130877,25.112245,16.150513
10.043645,9.181406,10.298992,25.114394,16.168212
10.066342,9.187473,10.442722,25.118294,16.189157
10.098629,9.201564,10.573252,25.123586,16.212360
10.138714,9.224059,10.719212,25.129532,16.238188
10.181883,9.255661,10.941234,25.135721,16.266990
10.222820,9.297356,11.165901,25.142242,16.298701
10.258647,9.349346,11.365054,25.148894,16.333384
10.292527,9.419583,11.531956,25.155641,16.371192
10.336836,9.505189,11.668676,25.162338,16.411892
10.399783,9.575502,11.763743,25.168857,16.455054
10.471569,9.619805,11.808590,25.175366,16.501093
10.543847,9.618428,11.799928,25.182002,16.550118
10.613125,9.569065,11.762533,25.188673,16.600767
10.676641,9.497302,11.714045,25.195287,16.651020
10.732580,9.426155,11.662781,25.202059,16.701450
10.779728,9.364014,11.607216,25.209281,16.753724
10.817578,9.312000,11.549323,25.217197,16.809265
10.845930,9.269703,11.489812,25.225763,16.865848
10.864853,9.235964,11.431753,25.235026,16.922356
10.874325,9.208853,11.375593,25.245309,16.981449
10.874442,9.187353,11.321263,25.256709,17.042882
10.865579,9.170617,11.270505,25.269410,17.107496
10.848111,9.157867,11.221578,25.283457,17.174536
10.822174,9.148479,11.176590,25.298850,17.242798
10.787974,9.142214,11.134150,25.315905,17.314316
10.745524,9.138822,11.096590,25.334892,17.390597
10.694670,9.137880,11.060049,25.355936,17.471622
10.634111,9.146424,11.024163,25.379668,17.561028
10.562541,9.158130,10.998631,25.406231,17.658988
10.480049,9.172229,10.976919,25.435331,17.763059
10.387908,9.187951,10.958973,25.467734,17.876453
10.286810,9.204660,10.945033,25.504066,18.001551
10.175290,9.222667,10.939920,25.543886,18.136340
10.052742,9.241434,10.935966,25.587527,18.281718
9.920993,9.259565,10.941319,25.635205,18.438446
9.785357,9.273248,10.951322,25.687590,18.608436
9.656298,9.275038,10.961503,25.745812,18.794924
9.543471,9.260163,10.978327,25.809631,18.998251
9.443452,9.233114,10.987878,25.878978,19.218975
9.346341,9.200379,10.984148,25.955337,19.460932
9.245254,9.165920,10.950249,26.038596,19.725367
9.136694,9.130861,10.804314,26.128175,20.012329
9.016495,9.095311,10.961224,26.222681,20.319568
8.882883,9.059239,10.987835,26.320948,20.643599
8.788928,9.022886,10.985575,26.424063,20.983916
8.744363,8.986554,10.970125,26.531468,21.336151
8.687153,8.951651,10.938547,26.637649,21.682241
8.617061,8.922193,10.908458,26.732413,21.987415
8.538844,8.903449,10.882593,26.804107,22.208201
8.455121,8.900760,10.861394,26.841761,22.302596
8.367548,8.916678,10.848331,26.840773,22.251284
8.277518,8.950217,10.844265,26.803746,22.062834
8.186486,8.997500,10.854144,26.739032,21.767973
8.096270,9.052123,10.879990,26.659800,21.413565
8.009122,9.107093,10.946127,26.579598,21.046117
7.928281,9.157301,11.063525,26.506833,20.693887
7.860486,9.199256,11.148196,26.444142,20.365595
7.810589,9.229906,11.153508,26.392939,20.066572
7.770999,9.303217,11.222240,26.353800,19.801159
7.729796,9.506011,11.320772,26.324627,19.566397
7.682295,9.697618,11.435338,26.301247,19.355051
7.634236,9.868325,11.555348,26.277149,19.153514
7.755687,9.970283,11.664855,26.246145,18.957858
7.828577,9.903852,11.747965,26.202180,18.779054
7.865578,9.708388,11.797930,26.137464,18.626163
7.887005,9.494402,11.821266,26.044825,18.498818
7.906640,9.277650,11.795141,25.921757,18.404072
7.926440,9.053555,11.701928,25.770524,18.347008
7.942672,9.004069,11.548923,25.597170,18.323139
7.944188,8.989274,11.532545,25.410135,18.313605
7.916117,8.983461,11.551359,25.219430,18.283398
7.842968,8.998106,11.548969,25.035328,18.191385
7.810790,9.041207,11.517563,24.864952,18.009229
7.942497,9.107933,11.460021,24.709138,17.747610
8.045055,9.184307,11.387915,24.564420,17.443601
8.118978,9.258376,11.310750,24.427351,17.128843
8.193172,9.323747,11.232985,24.296059,16.820455
8.307174,9.377605,11.156055,24.169794,16.526299
8.396848,9.419469,11.080577,24.048243,16.248590
8.463285,9.449717,11.006252,23.931304,15.987432
8.511990,9.469388,10.933335,23.818841,15.741877
8.544058,9.479769,10.862735,23.710699,15.510662
8.568621,9.481747,10.794475,23.606827,15.292742
8.587085,9.476673,10.728839,23.506999,15.086903
8.611219,9.465554,10.666283,23.411110,14.892171
8.647216,9.449372,10.606994,23.319016,15.137574
8.738858,9.429128,10.550925,23.230569,16.575191
8.864930,9.405713,10.498007,23.145689,14.628712
8.982042,9.380141,10.447960,23.064238,14.640663
9.027534,9.353239,10.400586,22.985997,14.652105
9.056204,9.325733,10.355767,22.910732,14.663077
9.077363,9.298713,10.313381,22.838374,14.673601
9.100379,9.273251,10.273515,22.768781,14.683701
9.122725,9.250405,10.236419,22.701866,14.693398
9.130523,9.231789,10.202571,22.637518,14.702714
9.127219,9.220480,10.173075,22.575601,14.711672
9.127232,9.222742,10.150519,22.516109,15.830117
8.942976,9.255543,10.176733,22.458898,14.728561
8.793154,9.312235,10.271054,22.403922,17.353309
8.708537,9.187592,10.257626,22.351134,14.744182
8.697974,9.123981,10.274349,22.300467,14.751544
8.760308,9.089982,10.303306,22.251884,14.758616
8.820258,9.073407,10.337896,22.205269,14.765420
8.878070,9.068172,10.375286,22.160557,14.771964
8.939097,9.070627,10.413955,22.117684,14.778259
8.997754,9.078126,10.453147,22.076542,14.784326
9.054096,9.089222,10.492242,22.037070,14.790174
9.108184,9.102984,10.530727,21.999223,14.795807
9.160070,9.118576,10.568236,21.962965,14.801225
9.209791,9.135071,10.604652,21.928263,14.806423
9.257372,9.151587,10.640106,21.895087,14.811395
9.302851,9.167858,10.674666,21.863391,14.816146
9.346269,9.183893,10.708360,21.833132,14.820681
9.387661,9.199771,10.741267,21.804269,14.825005
9.427069,9.215365,10.773362,21.776766,14.829125
9.464533,9.230742,10.804575,21.750588,14.833047
9.500087,9.245944,10.834853,21.725701,14.836775
9.533775,9.261023,10.864208,21.702088,14.840317
9.565620,9.275868,10.892718,21.679713,14.843676
9.595635,9.290247,10.920583,21.658531,14.846846
9.623839,9.304035,10.947983,21.638506,14.849826
9.650259,9.317248,10.974928,21.619614,14.852616
9.674917,9.329964,11.001420,21.601829,14.855215
9.697831,9.342364,11.027380,21.585118,14.857621
9.719015,9.354632,11.052730,21.569455,14.859830
9.738480,9.366714,11.077561,21.554845,14.861844
9.756233,9.378650,11.101888,21.541270,14.863664
9.772276,9.390452,11.125767,21.528699,14.865286
9.786607,9.402125,11.149265,21.517121,14.866708
9.799225,9.413749,11.172400,21.506540,14.867931
9.810129,9.425375,11.195213,21.496954,14.868954
9.819339,9.437020,11.217742,21.488342,14.869776
9.826877,9.448784,11.239928,21.480686,14.870399
9.832726,9.460665,11.261865,21.473993,14.870820
9.836890,9.472786,11.283500,21.468263,14.871038
9.839406,9.485434,11.304585,21.463483,14.871057
9.840318,9.498920,11.324890,21.459638,14.870878
9.839684,9.513657,11.344178,21.456710,14.870506
9.837561,9.530665,11.362063,21.454682,14.869945
9.833994,9.553091,11.377469,21.453542,14.869198
9.829033,9.559909,11.397437,21.453271,14.868271
9.822726,9.558319,11.419536,21.453843,14.867173
9.815111,9.561302,11.439351,21.455240,14.865909
9.806208,9.566699,11.457595,21.457442,14.864485
9.796026,9.574403,11.474336,21.460425,14.862911
9.784531,9.585264,11.489506,21.464160,14.861195
9.771637,9.600569,11.503088,21.468605,14.859352
9.757276,9.621465,11.515017,21.473729,14.857393
9.741364,9.648612,11.525404,21.479492,14.855330
9.723760,9.681945,11.534768,21.485846,14.853181
9.704327,9.720914,11.543758,21.492742,14.850960
9.682963,9.764812,11.552974,21.500137,14.848682
9.659579,9.812761,11.563044,21.507987,14.846363
9.634113,9.864037,11.574467,21.516244,14.844017
9.606553,9.918124,11.587524,21.524859,14.841661
9.576809,9.974459,11.602727,21.533799,14.839308
9.544784,10.032598,11.620555,21.543035,14.836970
9.510567,10.092154,11.640878,21.552517,14.834664
9.474180,10.152826,11.663730,21.562211,14.832403
9.435517,10.214558,11.689451,21.572097,14.830199
9.394593,10.276931,11.718172,21.582143,14.828065
9.351390,10.339738,11.750018,21.592326,14.826012
9.305789,10.403130,11.785259,21.602643,14.824053
9.257653,10.467295,11.824221,21.613076,14.822196
9.206699,10.532721,11.867482,21.623600,14.820448
9.152556,10.599972,11.915784,21.634205,14.818816
9.094951,10.669381,11.969662,21.644901,14.817308
9.033330,10.819404,12.030263,21.655694,14.815927
8.966618,10.896768,12.099932,21.666579,14.814675
8.893490,10.901361,12.181621,21.677555,14.813549
8.811966,10.993553,12.279945,21.688619,14.812544
8.719404,11.099022,12.401127,21.699761,14.811652
8.621195,11.221922,12.550497,21.710979,14.810869
8.519434,11.354781,12.714290,21.722256,14.810188
8.453876,11.426393,12.776252,21.733568,14.809601
8.462793,11.373469,12.633436,21.744868,14.809101
8.491969,11.287346,12.432705,21.756103,14.808687
8.519217,11.203668,12.237700,21.767241,14.808384
8.547236,11.114432,12.047556,21.778231,14.808211
8.577644,11.015744,11.859975,21.788966,14.808169
8.610333,10.913263,11.677248,21.799283,14.808252
8.647100,10.812514,11.502972,21.808958,14.808448
8.680365,10.715837,11.340071,21.817701,14.808749
8.709918,10.623668,11.189890,21.825183,14.809162
8.736114,10.535928,11.053105,21.831005,14.809679
8.759518,10.452553,10.930004,21.834709,14.810291
8.780639,10.373860,10.820388,21.835854,14.811004
8.800086,10.300198,10.796039,21.834033,14.811820
8.818427,10.232013,10.780475,21.828937,14.812744
8.836410,10.169567,10.770771,21.820362,14.813765
8.854772,10.113154,10.765505,21.808246,14.814864
8.873916,10.062961,10.763440,21.792737,14.816038
8.894067,10.018897,10.763500,21.774194,14.817290
8.915465,9.980830,10.764392,21.753102,14.818613
8.938267,9.948565,10.764819,21.729999,14.819995
8.962508,9.921813,10.763771,21.705421,14.821421
8.988092,9.900053,10.760902,21.679864,14.822877
9.014829,9.882520,10.756517,21.653761,14.824356
9.042500,9.868343,10.751226,21.627450,14.825847
9.070830,9.856393,10.746047,21.601209,14.827345
9.099561,9.845425,10.742140,21.575248,14.828847
9.128582,9.834149,10.740627,21.549690,14.830341
9.157763,9.821235,10.742633,21.524622,14.831820
9.186913,9.805428,10.749212,21.500120,14.833277
9.215923,9.785399,10.761619,21.476208,14.834705
9.244651,9.759966,10.781219,21.452889,14.836094
9.272826,9.728237,10.809273,21.430172,14.837437
9.300168,9.689381,10.847013,21.408032,14.838725
9.326437,9.642556,10.894805,21.386414,14.839949
9.351728,9.587313,10.949224,21.365248,14.841102
9.377412,9.524056,10.994400,21.344474,14.842175
9.407129,9.453895,10.993124,21.324057,14.843163
9.443063,9.376550,10.921601,21.303975,14.844060
9.481759,9.287848,10.807608,21.284179,14.844861
9.519503,9.180076,10.678872,21.264603,14.845562
9.554954,9.037392,10.535484,21.245219,14.846159
9.587625,8.802713,10.337818,21.225994,14.846646
9.618070,8.595805,10.171081,21.206913,16.309241
9.648112,8.844959,10.342027,21.187950,14.847276
9.675316,8.922797,10.397828,21.169073,14.847414
9.702030,8.953209,10.426443,21.150282,14.847429
9.782747,8.960784,10.444425,21.131597,14.847313
9.849957,8.954703,10.457285,21.113066,14.847061
9.909817,8.939575,10.467440,21.094807,14.846668
9.967647,8.918311,10.475791,21.077027,14.846132
10.036558,8.893302,10.482355,21.060089,14.845446
10.111887,8.867035,10.486459,21.044597,14.844606
10.196423,8.842553,10.486383,21.031513,14.843611
10.292518,8.823550,10.479425,21.022145,14.842467
10.401935,8.813272,10.463264,21.017721,14.841172
10.525626,8.813736,10.436464,21.019042,14.839722
10.661341,8.825133,10.399090,21.026153,14.838115
10.802768,8.845752,10.352869,21.038302,14.836351
10.946147,8.872677,10.300570,21.054252,17.337779
11.069663,8.902994,10.245023,21.072741,14.832346
11.105149,8.934481,10.188420,21.092795,14.830102
11.066710,8.965679,10.132176,21.113782,14.827696
11.031107,8.995626,10.077240,21.135278,14.825128
11.032481,9.023823,10.024088,21.157070,14.822398
11.046312,9.050142,9.972860,21.179092,14.819510
10.946997,9.074714,9.923502,21.201376,14.816467
10.754363,9.097688,9.875918,21.223970,14.813276
10.557659,9.119169,9.830006,21.246924,14.809939
10.440616,9.139181,9.785731,21.270266,14.806461
10.469171,9.157668,9.743109,21.293998,14.802846
10.495495,9.174676,9.702057,21.318166,14.799095
10.519649,9.190209,9.662486,21.342824,14.795211
10.541676,9.204136,9.624340,21.368007,14.791195
10.561597,9.216822,9.587623,21.393731,14.787053
10.579445,9.232012,9.552305,21.420018,14.782787
10.595260,9.247832,9.518308,21.446900,14.778395
10.609071,9.262161,9.485599,21.474398,14.773876
10.620905,9.275154,9.454175,21.502528,14.769235
10.630789,9.286997,9.424042,21.531300,14.764476
10.638748,9.297765,9.395245,21.560731,14.759592
10.644816,9.307503,9.367812,21.590834,14.754585
10.649025,9.316250,9.341752,21.621608,14.749462
10.651412,9.323990,9.317133,21.653056,14.744225
10.652015,9.330683,9.294036,21.685180,14.738871
10.650872,9.336217,9.272584,21.718000,14.733392
10.648021,9.340484,9.252888,21.751535,14.727776
10.643487,9.343369,9.235044,21.785815,14.722013
10.637305,9.344799,9.219147,21.820853,14.716097
10.629530,9.344719,9.205330,21.856626,14.710039
10.620222,9.343073,9.193745,21.893094,14.703850
10.609409,9.339821,9.184491,21.930238,14.697534
10.597137,9.334927,9.177706,21.968004,14.691102
10.583496,9.328348,9.173633,22.006255,14.684589
10.568559,9.320064,9.172480,22.044850,14.689126
10.552392,9.310111,9.174423,22.083608,14.799444
10.535054,9.298524,9.179639,22.122341,14.909512
10.516607,9.285263,9.188357,22.160898,15.018813
10.497106,9.270369,9.200772,22.199072,15.126558
10.476600,9.253951,9.217051,22.236611,15.231761
10.455129,9.236152,9.237353,22.273227,15.333318
10.432706,9.217166,9.261838,22.308592,15.429969
10.409345,9.197135,9.290727,22.342407,15.520620
10.385062,9.176161,9.324252,22.374421,15.604371
10.359864,9.154366,9.362490,22.404424,15.680439
10.333758,9.131781,9.405626,22.432246,15.748275
10.306727,9.108407,9.453829,22.457774,15.807569
10.278732,9.084275,9.507135,22.480950,15.858168
10.249718,9.059379,9.565552,22.501775,15.900151
10.219626,9.033828,9.628957,22.520215,15.933227
10.214243,9.007645,9.697245,22.536336,15.957652
10.221598,8.980762,9.770324,22.550397,15.974747
10.333363,8.953120,9.848035,22.562796,15.986505
10.491358,8.924620,9.930242,22.573914,15.994679
10.626851,8.895112,10.016856,22.584033,16.000402
10.747342,8.864414,10.107428,22.593678,16.006156
10.860116,8.832327,10.201357,22.603429,16.014707
10.971988,8.798687,10.298108,22.613796,16.028394
11.087068,8.763393,10.397186,22.625236,16.049261
11.208712,8.726427,10.497872,22.638257,16.079588
11.333252,8.687863,10.599223,22.653406,16.121825
11.444030,8.647896,10.700445,22.671117,16.177766
11.493548,8.606842,10.800977,22.691682,16.248438
11.456646,8.565060,10.899623,22.715607,16.335828
11.373776,8.523134,10.994601,22.743461,16.442127
11.275931,8.482281,11.083365,22.775795,16.569318
11.167101,8.444976,11.162139,22.813115,16.719125
11.065824,8.414772,11.238325,22.856046,16.893644
10.967587,8.395882,11.312746,22.905301,17.095202
10.875014,8.392274,11.369699,22.961571,17.325974
10.786288,8.407028,11.416176,23.025464,17.587766
10.702758,8.443698,11.466639,23.097396,17.881728
10.627286,8.507654,11.538575,23.177233,18.206897
10.555421,8.587033,11.619135,23.263704,18.558121
10.465787,8.557035,11.511899,23.353558,18.923188
10.331771,8.402357,11.193493,23.439954,19.276779
10.151004,8.267122,10.898986,23.510439,19.572750
9.945220,8.179015,10.821610,23.547816,19.747564
9.737370,8.139432,10.773034,23.537260,19.746684
9.535498,8.144350,10.754408,23.475992,19.559871
9.341556,8.184163,10.760225,23.375186,19.227885
9.274673,8.247654,10.782024,23.252013,18.813482
9.328418,8.326334,10.812843,23.120935,18.369734
9.378263,8.415524,10.848910,22.990804,17.929127
9.423558,8.512752,10.888526,22.866105,17.507882
9.464316,8.616187,10.930698,22.748743,17.112754
9.501362,8.723069,10.973862,22.639180,16.745401
9.536811,8.827304,11.017328,22.537127,16.404854
9.573791,8.920117,11.059389,22.441979,16.357042
9.613581,9.008332,10.941086,22.353150,15.795770
9.654020,9.084670,10.847287,22.270102,15.523119
9.758660,9.157734,10.754202,22.192251,15.268939
9.816426,9.231482,10.663918,22.119016,15.031103
9.809707,9.307393,10.576915,22.049967,22.841893
9.783905,9.386150,10.492634,21.984684,14.729990
9.806022,9.468256,10.410128,21.922796,14.742129
9.823959,9.554290,10.328172,21.864050,14.753606
9.837679,9.645092,10.245512,21.808227,14.764462
9.847137,9.741509,10.161098,21.755061,15.652370
9.852214,9.844639,10.073830,21.704311,14.784500
9.945554,9.956357,9.982156,21.655815,14.793758
9.847659,10.079265,9.883837,21.609440,14.802542
9.836524,10.216548,9.775128,21.565088,14.810869
9.817700,10.371668,9.649084,21.522656,14.818757
9.788906,10.548501,9.493709,21.482023,14.826226
9.748003,10.755897,9.299163,21.443084,14.833293
9.707495,10.979839,9.106061,21.405727,14.839975
9.716891,10.966634,9.067623,21.369841,14.846287
9.747944,10.843044,9.100145,21.335308,14.852245
9.767146,10.759694,9.102029,21.302014,14.857870
9.773087,10.725299,9.067557,21.269862,14.863184
9.766953,10.736370,8.998480,21.238764,14.868201
9.748033,10.786851,8.889541,21.208629,14.872937
9.711867,10.892287,8.720346,21.179357,14.877403
9.643426,11.106435,8.426346,21.150841,14.881614
9.513317,11.625645,7.775829,21.122989,14.885579
9.615243,11.120706,8.331673,21.095712,14.889311
9.706738,10.736184,8.747231,21.068920,14.892821
9.756724,10.492963,8.997632,21.042523,14.896119
9.788151,10.308339,9.179849,21.016437,14.899216
9.808546,10.155055,9.325687,20.990583,14.902118
9.821173,10.021307,9.448850,20.964895,14.904835
9.827694,9.901358,9.556105,20.939333,14.907382
9.829235,9.791529,9.651779,20.913887,14.909772
9.826638,9.689258,9.738790,20.888579,14.912009
9.820607,9.592939,9.818966,20.863496,16.502532
9.811948,9.501506,9.893481,20.838844,15.513286
9.801625,9.414414,9.962917,20.814975,14.917887
9.790690,9.331902,10.027120,20.792394,14.919617
9.812530,9.254949,10.085318,20.771748,14.921253
9.945962,9.184878,10.136516,20.753768,14.922804
10.090298,9.122976,10.179289,20.739135,14.924272
10.238629,9.069932,10.212570,20.728294,14.925654
10.383098,9.025406,10.236312,20.721250,14.926958
10.528423,8.987861,10.251131,20.717552,14.928195
10.680519,8.955044,10.258443,20.716512,14.929370
10.837946,8.924690,10.260276,20.717418,14.930474
10.930850,8.894935,10.257625,20.719571,14.931515
10.865525,8.865319,10.250962,20.722419,14.932504
10.759340,8.837796,10.240548,20.725592,14.933451
10.693096,8.814437,10.226250,20.728870,14.934361
10.675187,8.794619,10.207638,20.732135,14.935240
10.678774,8.776770,10.184107,20.735341,14.936096
10.690954,8.760611,10.154432,20.738491,14.936933
10.706084,8.746194,10.116898,20.741618,14.937755
10.724946,8.733333,10.069880,20.744765,14.938558
10.747887,8.721088,10.011601,20.747988,14.939344
10.772398,8.706403,9.940114,20.751343,14.940113
10.799199,8.682855,9.852729,20.754871,14.940855
10.828082,8.645262,9.747397,20.758617,14.941568
10.862227,8.636900,9.644474,20.762617,14.942244
10.915184,8.711650,9.620171,20.766896,14.942876
10.980805,8.863253,9.634433,20.771472,14.943457
11.049145,9.002165,9.635823,20.776362,14.943982
11.123656,9.125868,9.623294,20.781577,14.944446
11.207803,9.239285,9.601081,20.787120,14.944839
11.292801,9.345471,9.571946,20.792991,14.945155
11.373626,9.446192,9.537701,20.799188,14.945390
11.450688,9.542423,9.499608,20.805710,14.945538
11.522182,9.634384,9.483967,20.812558,14.945592
11.587791,9.722311,9.478208,20.819728,14.945546
11.648370,9.806487,9.469074,20.827213,14.945396
11.708884,9.887177,9.456845,20.835011,14.945136
11.769654,9.964932,9.441925,20.843127,14.944762
11.860403,10.040367,9.424858,20.851561,14.944270
12.033431,10.113595,9.405770,20.860311,19.470730
12.194905,10.184514,9.384642,20.869374,14.942918
12.203574,10.252923,9.361511,20.878745,14.942053
12.239444,10.319204,9.336352,20.888423,14.941057
12.286036,10.383645,9.309054,20.898410,14.939927
12.334352,10.446255,9.279492,20.908703,14.938660
12.381511,10.507184,9.247673,20.919298,14.937258
12.424030,10.566392,9.213501,20.930194,14.935719
12.459050,10.623452,9.176837,20.941402,14.934040
12.481206,10.678246,9.137838,20.952937,14.932219
12.487496,10.730959,9.097170,20.964821,14.930252
12.476560,10.781684,9.054947,20.977059,14.928139
12.449989,10.830579,9.011297,20.989659,14.925880
12.410247,10.877833,8.966469,21.002640,14.923475
12.359125,10.923554,8.920531,21.016023,14.920924
12.297184,10.967948,8.873717,21.029817,14.918226
12.228816,11.011255,8.826672,21.044008,14.915389
12.155551,11.053635,8.779884,21.058599,14.912415
12.078899,11.095548,8.733522,21.073606,14.909307
11.999245,11.137131,8.687914,21.089042,14.906069
11.915392,11.177817,8.643867,21.104891,14.902706
11.824475,11.217033,8.602159,21.121153,14.899223
11.723042,11.254114,8.563635,21.137826,14.895628
11.632605,11.288394,8.529149,21.154910,20.957481
11.620416,11.319282,8.499436,21.172400,14.888122
11.623005,11.346310,8.475049,21.190295,14.884225
11.613126,11.369206,8.456291,21.208593,14.880241
11.592675,11.387944,8.443294,21.227300,14.876179
11.562533,11.403090,8.435441,21.246419,14.872050
11.523923,11.415523,8.431616,21.265945,14.867864
11.476551,11.426541,8.430176,21.285875,14.863635
11.421857,11.436506,8.430560,21.306199,14.859367
11.361228,11.445312,8.432768,21.326912,14.855062
11.296313,11.453273,8.438545,21.348010,14.850726
11.227668,11.460663,8.472290,21.369491,14.846368
11.157712,11.467691,8.506882,21.391353,14.841993
11.095343,11.474736,8.541710,21.413607,14.837591
11.049099,11.482086,8.576239,21.436270,15.073425
10.966650,11.489484,8.610427,21.459348,14.828688
10.919483,11.496785,8.644068,21.482853,14.824194
10.874594,11.503875,8.676861,21.506807,16.872767
10.709414,11.510380,8.708592,21.531224,14.815112
10.530272,11.515664,8.738877,21.556148,14.810510
10.323050,11.518184,8.767283,21.581635,16.835731
10.116947,11.528508,8.793298,21.607722,14.801100
10.099505,11.538002,8.816306,21.634437,14.796283
10.101049,11.544705,8.835705,21.661824,14.791385
10.104149,11.548618,8.851142,21.689968,14.786383
10.119893,11.549469,8.862146,21.718938,14.781262
10.142712,11.547214,8.868077,21.748781,14.776018
10.170964,11.541727,8.868420,21.779588,14.770631
10.205049,11.533089,8.862691,21.811463,14.765081
10.247808,11.521849,8.850124,21.844557,14.759340
10.295302,11.508572,8.830212,21.879027,14.753376
10.345995,11.494072,8.802368,21.915072,14.747153
10.401044,11.478926,8.766367,21.952895,14.740634
10.458165,11.463430,8.722395,21.992722,14.733782
10.494036,11.447724,8.670906,22.034841,14.726547
10.515201,11.431359,8.612709,22.079540,14.718882
10.538954,11.412947,8.549092,22.127168,14.710732
10.561675,11.390145,8.481445,22.178112,14.841656
10.580152,11.360615,8.410355,22.232725,14.981877
10.592650,11.321607,8.335986,22.291397,15.131839
10.594555,11.270500,8.257490,22.354500,15.292700
10.581446,11.204676,8.173113,22.422429,15.465743
10.550307,11.121744,8.080675,22.495622,15.652129
10.502023,11.022346,7.979170,22.574511,15.853088
10.442958,10.927278,7.878905,22.659506,16.069725
10.385566,10.899704,7.815459,22.750959,16.303310
10.334593,10.942771,7.789250,22.849063,16.554330
10.284660,10.994443,7.763132,22.953684,16.821966
10.234471,11.033833,7.724660,23.064062,17.103114
10.185508,11.061083,7.674458,23.178361,17.390777
10.148912,11.079957,7.616253,23.293016,17.671795
10.136532,11.094568,7.555425,23.401580,17.922214
10.139482,11.111530,7.498841,23.494481,18.106684
10.174322,11.151859,7.453866,23.560446,18.183710
10.229290,11.216098,7.426706,23.590261,18.119315
10.287970,11.296602,7.419989,23.581703,17.905080
10.351194,11.390052,7.431121,23.541428,17.565127
10.419338,11.489845,7.454860,23.480794,17.140679
10.491280,11.589145,7.486698,23.410359,16.670078
10.546232,11.682607,7.523716,23.337747,16.181138
10.550504,11.766363,7.564635,23.267719,15.690964
10.553815,11.837865,7.609314,23.202846,15.208323
10.590936,11.895823,7.657905,23.144366,14.737129
10.680372,11.939980,7.710397,23.092803,14.597492
10.765236,11.971134,7.766462,23.048178,14.610696
10.844859,11.990875,7.825378,23.010289,14.622882
10.919172,12.000923,7.886302,22.978935,14.634131
10.994925,12.002908,7.948520,22.953908,14.644541
11.081796,11.998072,8.011560,22.935083,14.654203
11.176546,11.987099,8.075396,22.922428,14.663210
11.355863,11.969935,8.140387,22.916044,14.671654
11.845964,11.945300,8.206761,22.916200,15.087322
11.568265,11.908174,8.274077,22.923325,16.034760
11.765249,11.847207,8.340760,22.938015,14.694270
11.998127,11.756186,8.404926,22.961002,23.682335
12.184289,11.645326,8.465382,22.993033,14.707654
12.139457,11.525322,8.520854,23.034315,14.713994
12.024416,11.402419,8.570611,23.082839,14.720149
11.947695,11.286260,8.616052,23.130348,14.726155
11.907262,11.198927,8.662951,23.212416,14.732033
11.887717,11.170703,8.720195,23.280989,14.737807
11.879983,11.207606,8.791404,23.044297,14.743483
11.875050,11.280368,8.872905,22.926813,14.749078
11.854776,11.360303,8.960704,22.802598,14.754605
11.807746,11.434818,9.053093,22.683524,14.760060
11.746455,11.500252,9.150433,22.573015,14.765450
11.705011,11.556871,9.253822,22.471186,14.906495
11.675545,11.606199,9.364471,22.377205,18.104983
11.630990,11.650161,9.483504,22.290078,14.781249
11.570341,11.690323,9.612518,22.208857,14.786412
11.527617,11.728178,9.753595,22.132745,14.791531
11.501703,11.765061,9.946947,22.061070,14.796604
11.487714,11.802569,10.210474,21.993281,14.801627
11.481140,11.843510,10.512941,21.928961,14.806605
11.477697,11.893659,10.884718,21.867750,14.811538
11.475875,11.968322,11.407800,21.809332,14.816426
11.485514,12.120976,12.371900,21.753444,14.821265
11.415238,12.000595,11.866427,21.699843,14.826050
11.338235,11.887543,11.415070,21.648353,14.830780
11.267399,11.813810,11.191487,21.598843,14.835452
11.206143,11.754386,11.058608,21.551149,14.840062
11.168870,11.701422,10.972967,21.505131,14.844604
11.163336,11.651630,10.915861,21.460690,14.849075
11.018791,11.603425,10.877680,21.417740,14.853469
10.679755,11.556123,10.853146,21.376228,14.857782
10.345284,11.509152,10.838587,21.336062,14.862011
10.040689,11.462074,10.871029,21.297132,14.866148
9.899059,11.414690,10.920415,21.259353,14.870189
9.749400,11.366850,10.976017,21.222626,14.874128
9.582936,11.318308,11.037136,21.186894,14.877959
9.385814,11.268615,11.102821,21.152120,14.881675
9.193050,11.217177,11.171564,21.118234,14.885272
9.103975,11.163213,11.241270,21.085141,14.888744
9.074108,11.105742,11.309474,21.052729,14.892087
9.087155,11.043360,11.373587,21.020933,14.895294
9.098826,10.975411,11.432690,20.989667,14.898360
9.108721,10.902488,11.488639,20.958796,17.702689
9.116063,10.825827,11.545413,20.928114,14.904054
9.119920,10.746703,11.607617,20.897384,14.906677
9.119346,10.666029,11.679400,20.866351,14.909144
9.113424,10.583625,11.764654,20.834633,14.911452
9.103896,10.498285,11.867761,20.801666,14.913599
9.085278,10.407892,11.994492,20.766627,14.915584
9.054696,10.309177,12.153117,20.728297,14.917405
9.008293,10.197765,12.354784,20.685029,14.919062
8.945610,10.072886,12.600822,20.636612,14.965571
8.904427,9.974134,12.781631,20.599000,15.917378
8.967034,9.988499,12.658727,20.606989,15.232652
9.073079,10.051907,12.406608,20.635079,14.924080
9.166245,10.104424,12.188310,20.659431,14.924941
9.243100,10.142161,12.014019,20.678540,14.925645
9.307433,10.168927,11.872807,20.693978,14.926193
9.362223,10.187742,11.755825,20.707000,14.926589
9.409670,10.200759,11.656617,20.718521,14.926835
9.451244,10.209401,11.570833,20.729146,14.926933
9.487885,10.214598,11.495705,20.739262,14.926889
9.520256,10.216994,11.429275,20.749139,14.926707
9.548866,10.217066,11.370023,20.758982,15.630837
9.574106,10.215170,11.316760,20.768947,14.925950
9.596279,10.211579,11.268553,20.779149,14.925385
9.615621,10.206517,11.224641,20.789678,14.924702
9.632328,10.200182,11.184385,20.800605,14.923908
9.646557,10.192752,11.147240,20.811991,14.923008
9.658434,10.184367,11.112777,20.823904,14.922008
9.668044,10.175158,11.080669,20.836410,14.920917
9.675428,10.165314,11.050674,20.849581,14.919743
9.680617,10.155084,11.022538,20.863473,14.918495
9.683633,10.144775,10.996001,20.878131,14.917180
9.684521,10.134647,10.970748,20.893574,14.915802
9.683347,10.124860,10.946452,20.909794,14.914361
9.680150,10.115636,10.922926,20.926775,14.912857
9.674947,10.107330,10.900162,20.944486,14.911285
9.667744,10.100401,10.878351,20.962893,14.909646
9.658557,10.095423,10.857886,20.981962,14.907936
9.647460,10.092948,10.839521,21.001657,14.906157
9.634652,10.092914,10.824631,21.021950,14.904310
9.620465,10.094047,10.815205,21.042803,14.902397
9.605373,10.093859,10.814118,21.064177,14.900419
9.589909,10.089571,10.825048,21.086025,14.898375
9.574370,10.079385,10.851932,21.108293,14.896265
9.558394,10.063656,10.898530,21.130945,14.894095
9.540586,10.046010,10.969143,21.153942,14.891876
9.517971,10.034380,11.072746,21.177220,14.889604
9.483398,10.046429,11.236226,21.200713,14.887275
9.407994,10.190623,11.587723,21.224361,15.392211
9.446309,9.995187,11.400522,21.248108,14.882469
9.483881,9.844209,11.203646,21.271893,14.880011
9.498076,9.747686,11.098566,21.295654,14.877512
9.501282,9.679591,11.022780,21.319331,14.874972
9.496946,9.634334,10.954286,21.342867,14.872403
9.486265,9.611755,10.880398,21.366216,14.869813
9.469274,9.613626,10.792633,21.389345,14.867191
9.445119,9.641476,10.686696,21.412225,14.864538
9.411870,9.696985,10.659145,21.434844,14.861845
9.366299,9.783695,10.688917,21.457212,14.859092
9.303963,9.907450,10.725774,21.479337,14.856267
9.220140,10.071795,10.788037,21.501233,14.853366
9.116911,10.251539,10.932194,21.522937,14.925986
9.025024,10.349349,11.231745,21.544493,17.121243
9.117790,10.110497,11.256772,21.565934,16.295788
9.299796,9.725472,11.093172,21.587305,14.840841
9.442068,9.403724,11.000203,21.608678,14.837486
9.555087,9.133611,10.948952,21.630130,14.834032
9.649583,8.909846,10.914025,21.651727,14.830480
9.732101,8.745351,10.875139,21.673529,14.826829
9.806421,8.643107,10.822994,21.695593,14.823081
9.874267,8.578237,10.764378,21.717963,14.819238
9.936613,8.527702,10.706977,21.740673,14.815310
9.995472,8.482033,10.653205,21.763759,14.811296
10.059945,8.438405,10.603011,21.787239,14.807201
10.120310,8.396201,10.586322,21.811103,14.803036
10.177041,8.355412,10.601672,21.835338,14.798812
10.230541,8.316033,10.613250,21.859922,14.794538
10.281138,8.278080,10.621535,21.884815,14.790225
10.329074,8.241589,10.627065,21.909959,14.785885
10.374547,8.206517,10.630316,21.935285,14.781533
10.417740,8.172791,10.631615,21.960721,14.777181
10.458820,8.140369,10.631188,21.986190,14.772845
10.497950,8.109216,10.629177,22.011615,14.768533
10.535287,8.079339,10.625652,22.036928,14.764255
10.570955,8.050743,10.620685,22.062057,14.760019
10.605068,8.023433,10.614310,22.086939,14.755833
10.637707,7.997362,10.606584,22.111512,14.751703
10.668940,7.972422,10.597521,22.135742,14.747630
10.698813,7.948442,10.587130,24.247938,24.481832
10.727324,7.925251,10.575583,22.183140,14.739628
10.754450,7.902689,10.563121,22.206292,14.735692
10.780148,7.880599,10.550016,22.229094,14.731791
10.804363,7.858814,10.536557,22.251586,15.533870
10.827027,7.837127,10.523007,22.273861,14.724031
10.848073,7.815300,10.509615,22.296017,14.720125
10.867437,7.793104,10.496616,22.318133,14.716177
10.885060,7.770308,10.484188,22.340318,14.712163
10.900894,7.746702,10.472458,22.362679,14.708062
10.914892,7.722066,10.461480,22.385370,14.703843
10.927023,7.696197,10.451240,22.408557,14.699475
10.937277,7.668979,10.441706,22.432360,18.040250
10.945648,7.640370,10.432807,22.456912,14.690200
10.952138,7.610420,10.424453,22.482337,14.685248
10.956747,7.579216,10.416528,22.508776,14.749538
10.959470,7.546837,10.408904,22.536384,14.838246
10.960311,7.513372,10.401462,22.565281,14.932699
10.959273,7.478897,10.394097,22.595577,15.033188
10.956366,7.443498,10.386703,22.627364,15.140018
10.951608,7.407265,10.379171,22.660726,15.253504
10.944976,7.370210,10.371489,22.695751,15.373644
10.936429,7.332314,10.363718,22.732503,15.500215
10.925931,7.293562,10.355929,22.771012,15.632986
10.913434,7.253924,10.348272,22.811260,15.771450
10.898888,7.213395,10.340957,22.853170,15.914896
10.882237,7.172000,10.334305,22.896576,16.062206
10.863456,7.129801,10.328564,22.941289,16.212558
10.842540,7.086903,10.324012,22.987049,16.364907
10.819581,7.043471,10.321096,23.033432,18.935602
10.795784,6.999705,10.320101,23.080037,16.668934
10.769828,6.955889,10.321366,23.126331,16.817603
10.741797,6.912415,10.325312,23.171615,16.960984
10.711823,6.869775,10.332308,23.215092,17.096341
10.680116,6.828693,10.342850,23.255649,17.219450
10.810904,6.789913,10.357155,23.292288,17.326838
10.991951,6.754319,10.375112,23.324038,17.415117
11.190324,6.722952,10.396083,23.350055,17.481266
11.392831,6.697089,10.418563,23.369730,17.522912
11.568138,6.678508,10.439730,23.382625,17.537808
11.691257,6.669344,10.455353,23.388682,17.524672
11.782484,6.671834,10.460266,23.388255,17.483487
11.870604,6.687727,10.449918,23.381923,17.415228
11.967518,6.717329,10.422737,23.370260,17.321581
12.075769,6.759433,10.380578,23.353639,17.204457
12.195022,6.811700,10.327652,23.332381,17.066382
12.325407,6.871378,10.268828,23.306908,16.910457
12.470997,6.936034,10.208347,23.277697,16.739551
12.641711,7.003860,10.149064,23.245314,16.556370
12.840379,7.073533,10.092185,23.210620,16.777845
13.069113,7.144121,10.038226,23.174420,16.168520
13.339397,7.215015,9.987526,23.137257,15.969357
13.660845,7.285842,9.940215,23.099525,15.768518
13.922282,7.356392,9.896315,23.061498,15.566471
13.944510,7.426552,9.855654,23.023451,15.363774
13.948361,7.496281,9.818107,22.985563,15.160431
13.912713,7.565563,9.783596,22.947955,14.956043
13.746967,7.634375,9.751901,22.910815,14.750815
13.563832,7.702683,9.722794,22.874320,14.645179
13.423918,7.770462,9.696080,22.838609,14.654193
13.332813,7.837715,9.671540,22.803795,14.663010
13.289623,7.904474,9.648891,22.769947,14.671626
13.300834,7.970774,9.627791,22.737143,14.680031
13.365434,8.036664,9.607916,22.705467,14.688215
13.290314,8.102227,9.588917,22.674974,14.696167
12.966093,8.167561,9.570551,22.645702,14.703881
12.659401,8.232816,9.552630,22.617671,14.711351
12.395498,8.298052,9.535102,22.590889,14.718571
12.157652,8.363126,9.518026,22.565350,14.725537
11.935387,8.427639,9.501576,22.541033,14.732246
11.722065,8.491204,9.485937,22.517887,14.738695
11.527320,8.553367,9.471362,22.495841,14.744886
11.340093,8.613455,9.458270,22.474814,14.750816
11.156441,8.670942,9.447066,22.454707,14.756487
10.976439,8.725361,9.438110,22.435407,14.761899
10.799276,8.776155,9.431530,22.416768,14.767059
10.624235,8.822701,9.427127,22.398638,14.771971
10.450324,8.864170,9.424363,22.380870,14.776636
10.277566,8.899490,9.422429,22.363313,14.781056
10.111027,8.927636,9.420635,22.345813,14.785237
9.961145,8.948096,9.418926,22.328209,14.789191
9.804904,8.961113,9.417750,22.310376,14.792920
9.704377,8.967265,9.417840,22.292215,14.796429
9.684730,8.967104,9.419872,22.273667,14.799720
9.666762,8.960926,9.424225,22.254701,14.802802
9.650562,8.948837,9.431062,22.235318,16.073668
9.636256,8.931007,9.440540,22.215578,22.200593
9.623866,8.908395,9.452934,22.195565,16.330782
9.613437,8.883720,9.469419,22.175396,17.137031
9.605004,8.863502,9.493111,22.155222,17.357749
9.598506,8.858750,9.528971,22.135201,14.817384
9.593857,8.880178,9.579475,22.115491,14.819262
9.590980,8.943852,9.640772,22.096252,14.821026
9.589828,9.052424,9.708280,22.077629,18.882332
9.590376,8.904411,9.796458,22.059760,14.824244
9.592621,8.849176,9.886211,22.042791,14.825722
9.596557,8.818244,9.980904,22.026833,14.827131
9.602166,8.798073,10.080090,22.012007,14.828489
9.609405,8.790054,10.182443,21.998416,14.829814
9.618169,8.816587,10.286500,21.986146,14.831120
9.628245,8.838706,10.390779,21.975326,14.832433
9.639357,8.855089,10.494629,21.966038,14.833770
9.651157,8.865594,10.598081,21.958315,14.835141
9.663214,8.870905,10.701557,21.952198,15.335061
9.675003,8.872428,10.806090,21.947808,14.838042
9.685997,8.871479,10.913026,21.945196,14.839606
9.695741,8.869270,11.023419,21.944187,15.104810
9.703796,8.867349,11.138715,21.944576,14.842915
9.709739,8.867423,11.260861,21.946145,14.844628
9.713319,8.870545,11.391009,21.948685,14.846363
9.715165,8.874725,11.522799,21.952027,14.848111
9.718821,8.868228,11.622756,21.956072,14.849873
9.729835,8.832445,11.638246,21.960807,14.851660
9.746209,8.772943,11.587790,21.966210,14.853483
9.762351,8.710070,11.523847,21.972236,15.525710
9.776124,8.660835,11.466014,21.978854,14.857275
9.787256,8.612899,11.416843,21.985967,14.859264
9.796013,8.567377,11.375204,21.993294,14.861315
9.802777,8.524726,11.339491,22.000430,14.863426
9.807916,8.485209,11.308570,22.006862,14.865593
9.811782,8.449174,11.281803,22.011983,14.867816
9.814767,8.417170,11.258789,22.015065,14.870096
9.817351,8.389957,11.239254,22.015199,14.872429
9.820051,8.368489,11.223119,22.011368,14.874808
9.823362,8.353749,11.210418,22.002572,14.877227
9.827649,8.346358,11.201035,21.988091,14.879681
9.833084,8.346522,11.194826,21.967599,14.882166
9.839650,8.354039,11.191633,21.941188,14.884675
9.847166,8.368364,11.191273,21.909296,14.887202
9.855325,8.388617,11.193462,21.872642,15.990925
9.863731,8.413713,11.197901,21.832132,14.892271
9.871942,8.442483,11.204328,21.788756,14.894796
9.879565,8.473870,11.212497,21.743395,14.897302
9.886229,8.506917,11.222161,21.696888,14.899780
9.891613,8.540797,11.233083,21.649968,14.902222
9.895480,8.574886,11.245093,21.603176,14.904618
9.897636,8.608607,11.258004,21.556978,15.583678
9.897932,8.641488,11.271675,21.511729,14.909238
9.896279,8.673283,11.286061,21.467623,14.911446
9.892628,8.703858,11.301135,21.424764,14.913577
9.886959,8.733120,11.316846,21.383199,14.915625
9.879296,8.761008,11.333014,21.342898,14.917584
9.869693,8.787488,11.349338,21.303798,14.919451
9.858205,8.812561,11.365557,21.265851,14.921219
9.844888,8.836264,11.381388,21.229014,14.922885
9.829810,8.858665,11.396514,21.193243,14.924442
9.813042,8.879873,11.410627,21.158496,14.925887
9.794664,8.900057,11.423450,21.124723,14.927216
9.774766,8.919371,11.434749,21.091881,14.928428
9.753445,8.937861,11.444307,21.059939,15.069262
9.730809,8.955446,11.451972,21.028868,14.930485
9.706981,8.971861,11.457590,20.998642,14.931327
9.682088,8.986496,11.461055,20.969230,15.810600
9.656273,8.998580,11.462239,20.940601,14.932638
9.629766,9.007730,11.460917,20.912752,14.933105
9.602944,9.013386,11.456846,20.885708,14.933440
9.576362,9.020610,11.449892,20.859496,14.933637
9.550662,9.027858,11.440386,20.834127,14.933691
9.526547,9.021222,11.429339,20.809585,14.933601
9.504681,8.994709,11.418536,20.785821,14.933367
9.485273,8.939834,11.410833,20.762760,14.932991
9.492906,8.847140,11.407686,20.740307,14.932479
9.805052,8.741934,11.386696,20.718336,14.931836
9.999256,8.713783,11.277979,20.696687,14.931068
9.847889,8.715819,11.138556,20.675186,14.930180
9.573998,8.916224,11.148662,20.653604,14.929174
9.457284,9.063071,11.149483,20.631699,14.928057
9.454588,9.160432,11.136669,20.609267,14.926831
9.448176,9.228395,11.118164,20.586118,14.925503
9.437423,9.277246,11.097125,20.562216,14.924076
9.422265,9.314492,11.074782,20.537886,14.922556
9.403880,9.348908,11.050350,20.514323,14.920947
9.385858,9.393794,11.019317,20.494469,14.919253
9.374689,9.467731,10.972802,20.483400,14.917477
9.376432,9.587297,10.902317,20.486068,14.915624
9.390042,9.753891,10.809389,20.502737,14.913697
9.406623,9.953788,10.707174,20.528633,14.911699
9.415460,10.172503,10.611822,20.558559,14.909634
9.406439,10.403645,10.539837,20.589416,14.907502
9.366541,10.687134,10.515447,20.619821,14.905306
9.277183,11.472833,10.575964,20.649385,16.731706
9.254881,11.150732,10.463300,20.678111,14.900720
9.422683,11.260738,9.907636,20.706144,14.898328
9.549875,11.389857,9.421544,20.733680,14.895867
9.642520,11.649940,9.006399,20.760884,16.896192
9.717008,11.649741,8.637331,20.787941,15.205196
9.782859,11.753874,8.309332,20.814994,14.888057
9.869165,11.761909,8.158639,20.842169,14.885300
10.003590,11.597695,8.173569,20.869582,14.882459
10.148233,11.382640,8.236596,20.897321,14.879535
10.280262,11.189859,8.307372,20.925457,15.886309
10.398400,11.025044,8.363180,20.954058,15.821720
10.504962,10.883785,8.400220,20.983177,14.870264
10.618682,10.769327,8.423802,21.012864,14.866993
10.720521,10.673784,8.437731,21.043156,14.863627
10.786580,10.587746,8.444579,21.074070,14.860173
10.850769,10.508871,8.446248,21.105624,14.856625
10.922457,10.435869,8.444079,21.137825,14.852976
10.989550,10.367632,8.438998,21.170678,14.849215
11.057847,10.303141,8.431625,21.204183,14.845333
11.164768,10.241487,8.422378,21.238329,14.841319
11.296128,10.182050,8.411590,21.273095,14.837167
11.467840,10.124512,8.399575,21.308423,14.832886
11.718474,10.068686,8.386610,21.344228,14.828490
12.180103,10.014464,8.372950,21.380393,14.823998
12.085212,9.974556,8.358834,21.416768,14.819434
11.713014,9.936854,8.344496,21.453162,14.814832
11.519230,9.900185,8.330174,21.489335,14.810232
11.549029,9.864610,8.316118,21.524995,14.805684
11.589708,9.830223,8.302602,21.559787,14.801253
11.628255,9.797153,8.289920,21.593301,14.797011
11.664834,9.765570,8.278382,21.625075,14.793041
11.699610,9.735679,8.268322,21.654595,14.789432
11.732754,9.707706,8.260106,21.681289,14.786287
11.764435,9.681886,8.254098,21.704571,14.783714
11.794821,9.658465,8.250665,21.723868,14.781818
11.824084,9.637694,8.250152,21.738626,14.780697
11.852372,9.619752,8.252851,21.748366,14.780437
11.879783,9.604723,8.258963,21.752766,14.781096
11.906363,9.592605,8.268582,21.751709,14.782692
11.932119,9.583280,8.281691,21.745275,14.785205
11.957023,9.576517,8.298169,21.733729,14.788582
11.981015,9.571988,8.317806,21.717498,14.792739
12.004009,9.569287,8.340325,21.697124,14.797569
12.025906,9.567956,8.365409,21.673220,14.802955
12.046603,9.567496,8.392730,21.646420,14.808773
12.065993,9.567393,8.421965,21.617349,14.814903
12.083977,9.567155,8.452814,21.586585,14.821233
12.100468,9.566380,8.485009,21.554643,14.827666
12.115387,9.564818,8.518318,21.521967,14.834116
12.128667,9.562363,8.552544,21.488934,14.840512
12.140251,9.559003,8.587527,21.455853,14.846796
12.150092,9.554752,8.623139,21.422974,14.852921
12.158151,9.549625,8.659285,21.390492,15.349880
12.164396,9.543625,8.695895,21.358558,14.864561
12.168799,9.536746,8.732923,21.327283,14.870029
12.171336,9.528989,8.770339,21.296750,14.875242
12.171988,9.520346,8.808130,21.267014,18.291286
12.170739,9.510852,8.846310,21.238104,17.179058
12.167586,9.500560,8.884924,21.210017,14.889313
12.162529,9.489487,8.924028,21.182731,14.893512
12.155571,9.477681,8.963676,21.156210,14.897495
12.146714,9.465249,9.003914,21.130415,14.901283
12.135951,9.452287,9.044778,21.105315,14.904889
12.123263,9.438855,9.086305,21.080883,14.908317
12.108638,9.425059,9.128528,21.057089,14.911578
12.092086,9.411113,9.171455,21.033897,14.914696
12.073623,9.397190,9.215097,21.011271,14.917690
12.053255,9.383395,9.259482,20.989188,14.920577
12.030971,9.369822,9.304659,20.967625,14.923363
12.006751,9.368242,9.350696,20.946567,14.926052
11.980573,9.369587,9.397667,20.926000,14.928649
11.952407,9.372154,9.445666,20.905913,14.931158
11.922213,9.376160,9.494808,20.886302,14.933583
11.889939,9.381844,9.545237,20.867166,14.935928
11.855514,9.389472,9.597137,20.848510,14.938195
11.818839,9.399334,9.650743,20.830346,14.940386
11.779782,9.411750,9.706361,20.812688,14.942504
11.738164,9.427082,9.764383,20.795560,14.944547
11.693772,9.445749,9.825282,20.778998,14.946506
11.646294,9.468182,9.889699,20.763034,14.948376
11.595281,9.494816,9.958531,20.747683,14.950158
11.540137,9.526109,10.032936,20.732954,14.951853
11.480136,9.562544,10.114290,20.718850,14.953459
11.414575,9.604555,10.203807,20.705373,14.954969
11.343223,9.652170,10.301629,20.692506,14.956373
11.267965,9.704031,10.403452,20.680220,14.957664
11.197124,9.754892,10.491535,20.668462,14.958834
11.149078,9.793530,10.527196,20.657168,14.959878
11.135852,9.812276,10.484849,20.646271,14.960790
11.143685,9.818190,10.392184,20.635694,14.961560
11.154093,9.820931,10.286535,20.625362,14.962179
11.158736,9.824432,10.184009,20.615198,14.962642
11.155359,9.829433,10.087911,20.688907,14.962943
11.143647,9.835872,9.997248,20.595068,14.963073
11.123588,9.843705,9.909654,20.584947,14.963023
11.094957,9.852990,9.821811,20.574675,14.962784
11.057029,9.864223,9.729128,20.564156,14.962347
11.014585,9.880576,9.625915,20.553281,14.961705
10.963540,9.921365,9.509999,20.541918,14.960848
10.895255,10.049506,9.390022,20.529912,14.959771
10.795636,10.313811,9.209672,20.517080,14.958465
10.590062,10.985833,8.627797,20.503265,18.294486
10.636741,10.703872,9.153394,20.488476,15.909427
10.704723,10.308682,9.800722,20.473259,14.953122
10.718810,10.108020,10.215905,20.459733,14.950848
10.726931,9.994825,10.511818,20.453020,14.948319
10.753647,9.964495,10.678412,20.459197,14.945534
10.803841,10.008422,10.719029,20.477988,14.942487
10.866532,10.095797,10.670213,20.503230,14.939178
10.931694,10.194231,10.569015,20.530114,14.935605
10.994474,10.285176,10.442354,20.556740,14.931768
11.053031,10.363471,10.308529,20.582694,14.927667
11.106914,10.429757,10.178134,20.608065,14.923304
11.156310,10.485869,10.055890,20.633067,14.918682
11.201652,10.533529,9.943146,20.657918,14.913806
11.243365,10.573923,9.839693,20.682797,14.908680
11.281837,10.608026,9.744708,20.707853,14.903310
11.317394,10.636677,9.657217,20.733204,14.897701
11.350295,10.660596,9.576303,20.758936,14.891863
11.381441,10.680402,9.501061,20.785100,15.872147
11.413380,10.696638,9.430768,20.811719,14.879556
11.443002,10.709773,9.364865,20.838797,14.873118
11.470425,10.720212,9.302912,20.866314,14.866516
11.495749,10.728305,9.244557,20.894230,14.859771
11.519075,10.734329,9.189477,20.922497,14.852907
11.540503,10.738514,9.137368,20.951058,14.845950
11.560110,10.741099,9.088039,20.979813,14.838931
11.577966,10.742314,9.041363,21.008632,14.831884
11.594142,10.742376,8.997212,21.037378,14.824849
11.608710,10.741508,8.955474,21.065901,14.817871
11.621740,10.739899,8.916104,21.094005,14.810995
11.633299,10.737742,8.879085,21.121480,14.804277
11.643454,10.735235,8.844432,21.148085,14.797774
11.754300,10.732570,8.812183,21.173560,14.791545
12.088771,10.729947,8.782390,21.197633,14.785647
12.392956,10.727595,8.755113,21.220030,14.780147
12.631130,10.725740,8.730419,21.240473,14.926843
12.764482,10.724585,8.708376,21.258711,14.770587
12.760851,10.724322,8.689043,21.274518,14.766635
12.595750,10.725127,8.672466,21.287706,23.688419
12.444372,10.727061,8.658605,21.298238,14.760574
12.275496,10.730033,8.647286,21.306275,14.758409
12.127643,10.733892,8.638245,21.312085,14.756724
11.959189,10.738498,8.631224,21.315939,14.755448
11.767129,10.743732,8.626003,21.318087,14.754527
11.668067,10.749472,8.622444,21.318728,14.753923
11.661790,10.755563,8.620522,21.317986,14.753625
11.654258,10.761836,8.620158,21.316035,14.753609
11.645448,10.768120,8.621233,21.313097,14.753834
11.635333,10.774245,8.623624,21.309397,16.511959
11.623894,10.780037,8.627222,21.305141,15.709229
11.611113,10.785340,8.631929,21.300509,14.755568
11.596967,10.790036,8.637645,21.295670,14.756397
11.581420,10.794120,8.644259,21.290761,14.757319
11.564439,10.797556,8.651654,21.285936,14.758313
11.545988,10.800347,8.659698,21.281341,14.759362
11.526039,10.802483,8.668243,21.277123,14.760445
11.504576,10.803906,8.677149,21.273433,14.761539
11.481613,10.804512,8.686283,21.270412,14.762621
11.457177,10.804176,8.695511,21.268194,14.763673
11.431312,10.802743,8.704717,21.266910,14.764673
11.404051,10.800097,8.713781,21.266678,14.765601
11.375407,10.796140,8.722576,21.267602,14.766435
11.345403,10.790743,8.730980,21.269783,14.767156
11.315356,10.783768,8.738866,21.273321,14.767743
11.286050,10.775110,8.746108,21.278305,14.768176
11.255486,10.764721,8.752596,21.284817,14.768434
11.223653,10.752619,8.758246,21.292927,14.768498
11.190546,10.738873,8.763014,21.302693,14.768348
11.156170,10.723612,8.766912,21.314163,14.767967
11.120532,10.707056,8.769992,21.327382,14.767334
11.083647,10.689584,8.772356,21.342393,14.766428
11.045546,10.671816,8.774194,21.359195,14.765239
11.006266,10.654466,8.775746,21.377775,14.763759
10.965842,10.638179,8.777277,21.398086,14.761985
10.924301,10.623233,8.779031,21.420054,14.759922
10.881640,10.609312,8.781208,21.443583,14.757577
10.837864,10.595699,8.784024,21.468500,14.754974
10.792966,10.581471,8.787807,21.494568,14.752147
10.785374,10.578988,8.788569,21.499002,14.751657
