0.008914,0.018431,0.048608,2.138670,14.941110
0.180869,0.236423,0.126567,22.208042,15.227643
0.922626,0.398323,0.128230,22.228353,15.325107
2.430647,0.400715,1.949684,22.275370,15.354681
4.209875,0.399143,2.899983,22.606568,15.366523
5.565023,0.401478,2.860779,22.569875,15.331477
6.039891,4.522955,4.589638,22.856346,15.306800
6.290960,6.062676,8.581403,23.381573,15.293955
6.578471,5.994722,8.183461,23.500643,15.259557
6.542297,5.762807,8.075114,23.456829,15.221025
6.650615,5.653850,9.747106,23.711886,15.190623
6.841301,5.503129,9.567466,24.106091,15.158728
6.899230,9.339060,10.251324,24.309516,15.110097
7.055796,9.436635,10.023565,24.508569,16.690533
6.836208,8.037745,9.657855,24.676873,19.590003
6.751055,7.579622,9.424956,24.951837,21.278412
6.744229,7.800328,10.317220,25.140643,20.611428
6.874196,7.775942,11.609452,25.054192,19.275558
6.773315,8.175731,11.891004,25.024564,17.858452
6.850407,7.767237,12.864138,25.010445,16.586026
6.843732,8.378856,12.123812,25.038899,15.813282
7.240144,8.097421,11.259733,25.063623,15.561247
7.290823,8.194076,10.739165,25.057523,15.700800
8.787183,7.832235,10.326938,25.056219,16.101422
8.445718,7.700618,9.949834,25.099020,16.495897
10.387202,7.553357,9.796318,25.187021,16.630687
9.727771,7.664739,10.017762,25.276167,16.594508
11.400101,7.358028,10.606464,25.321513,16.372545
10.511329,7.273268,12.588631,25.222119,19.040584
13.207916,7.694147,11.098984,25.526058,15.830822
11.919511,7.514652,11.408962,25.671606,15.542036
13.300734,7.816260,11.609651,25.781284,15.143092
12.667226,7.705633,11.761817,25.874515,14.925519
14.221044,7.420775,11.882666,25.936300,14.924666
12.687409,7.600616,11.896255,25.931927,14.922242
14.780451,7.399401,11.345154,25.874128,15.152120
13.346437,7.471843,11.229320,25.803285,15.851550
15.132332,7.324713,10.833590,25.739880,16.557739
13.323497,7.342053,10.673986,25.683619,17.243637
15.290313,7.293065,10.615286,25.630890,17.954167
13.069706,7.117280,10.542855,25.578309,18.697557
15.001995,7.159201,10.706495,25.548019,19.282867
12.840757,7.071991,10.583234,25.603383,19.298527
13.796514,7.641218,10.797109,25.696192,19.098518
13.119995,7.577070,12.038597,25.785196,18.984813
13.829581,7.703420,11.233462,25.869114,18.970895
11.882047,7.829604,11.565405,25.948624,18.997811
13.814611,8.287630,11.189267,26.022978,19.004339
11.490312,8.233565,11.666519,26.091915,18.957857
12.939776,8.216133,12.059972,26.154148,18.836207
11.282862,8.442730,12.104364,26.211159,18.637438
12.248263,8.562289,12.328925,26.263764,18.366789
10.699240,8.608668,12.421569,26.312625,18.025348
11.746460,8.639393,12.420660,26.361751,17.610733
10.540578,8.538413,12.457975,26.414668,17.126565
10.997996,8.602924,12.580816,26.475448,16.569350
10.049206,8.851856,12.478662,26.546977,15.938748
10.613103,9.022468,12.093748,26.630339,15.232093
9.999985,8.754137,12.256039,26.730652,14.813315
9.681573,8.448061,12.519525,26.861595,14.820468
9.836155,8.903247,12.237048,27.056655,14.827557
9.420951,7.844365,11.579704,28.473425,14.834431
8.800514,8.006634,10.977421,31.574036,14.840786
9.460846,8.682621,10.483289,27.578225,14.846477
8.721988,8.572799,11.088243,26.774631,14.851354
7.011163,8.587373,11.579616,26.569048,21.833914
8.253690,8.667447,11.929482,26.416553,14.858464
7.158691,8.876360,11.402335,26.298946,14.958169
8.224661,8.579374,11.077723,26.207037,15.435046
7.034896,8.568440,10.831246,26.135203,15.842950
7.791791,8.559198,10.823743,26.080515,16.204858
7.017360,8.489862,11.018284,26.040992,16.532847
7.917221,8.885402,11.218681,26.014555,16.831044
6.445074,8.615806,11.162594,25.999401,17.102206
7.433079,9.707027,11.090794,25.993382,17.343301
6.890250,9.471031,11.141407,25.994753,17.554905
7.707614,10.533229,11.309331,26.002087,17.737641
6.534627,9.867526,11.467851,26.013670,17.884395
7.256261,11.618431,11.554087,26.028031,17.990898
6.714045,9.723816,11.668135,26.043828,18.052682
7.226478,11.788701,11.762015,26.060110,18.071658
7.370103,9.558037,11.826238,26.076205,18.053366
7.605001,11.242200,11.714659,26.091376,17.997524
7.791949,9.453833,11.571828,26.105043,17.904552
7.908033,10.319089,11.487377,26.116933,17.780776
8.637925,9.489418,11.471358,26.126764,17.632133
8.335114,9.661328,11.423309,26.134182,17.461593
8.550102,9.416754,11.419114,26.138931,17.273563
8.804271,9.494766,11.493818,26.140750,17.072318
9.101379,9.478499,11.530204,26.139416,16.863578
9.223276,9.458745,11.620872,26.134557,16.654796
9.233618,9.551874,11.788325,26.125544,16.454958
9.356421,9.521284,11.847348,26.111522,16.274389
9.220493,9.409746,11.850445,26.091695,16.121742
9.541763,9.337593,11.833769,26.065495,16.003708
10.835716,9.337794,11.834686,26.032724,15.923424
9.631918,9.251974,11.789077,25.993524,15.880635
9.561529,9.125373,11.719961,25.948429,15.874407
9.822218,9.043478,11.670632,25.898460,15.902510
10.282044,9.018225,11.653129,25.844798,15.959145
10.272018,9.001293,11.653057,25.788588,16.037958
9.907069,8.934422,11.661571,25.731021,16.134875
10.238008,8.915996,11.699336,25.673047,16.245197
10.066322,8.903666,11.771781,25.615425,16.365385
10.081197,8.869681,11.795795,25.558581,16.491492
10.536101,8.852375,11.806274,25.502686,16.620005
10.225169,8.803172,11.785087,25.448025,16.749731
9.647336,8.736791,11.779404,25.394892,16.879453
10.106041,8.651617,11.804101,25.343438,17.006613
10.598449,8.493178,11.811561,25.293875,17.128367
10.262186,8.412840,11.892154,25.246553,17.241383
10.076949,8.390816,11.986246,25.202088,17.341757
9.985850,8.456534,12.188819,25.161126,17.424673
10.730568,8.317795,12.290396,25.124431,17.485576
10.075257,8.243348,11.984302,25.092456,17.521073
9.686782,8.186158,11.834902,25.065173,17.530230
9.789615,8.119556,11.820392,25.042259,17.515418
10.382421,8.218801,11.828728,25.023103,17.481265
9.541236,8.246499,11.765656,25.006950,17.433545
9.053435,8.206432,11.783499,24.993091,17.377553
9.341115,8.106609,11.979443,24.980953,17.316846
8.982179,8.169573,11.940187,24.970101,17.254332
9.179428,8.319290,11.722654,24.960219,17.192617
8.895293,8.449259,11.516491,24.951116,17.133140
8.414825,8.835599,11.470231,24.942662,17.077166
8.514763,8.421982,11.482798,24.934824,17.024925
8.545187,9.081097,11.520285,24.927605,16.976415
8.143421,8.858128,11.599445,24.920938,16.932479
7.937276,8.781945,11.602033,24.914829,16.893314
7.025682,8.364206,11.514290,24.909344,16.858452
7.595282,8.529743,11.409432,24.904482,16.828120
8.095935,8.593399,11.483818,24.900225,16.802764
7.449217,8.780460,11.574301,24.896570,16.782686
6.929455,8.809173,11.630157,24.893540,16.767991
7.175034,8.783491,11.662750,24.891195,16.758439
8.166670,8.746517,11.676396,24.889569,16.753979
7.000510,8.731886,11.677636,24.888665,16.754840
6.236458,8.775128,11.704842,24.888510,16.761107
6.918320,8.858679,11.791302,24.889131,16.772882
7.695222,8.930682,11.877657,24.890572,16.790158
7.277052,8.985522,11.943808,24.892881,16.812837
6.179383,9.032092,11.994186,24.896088,16.840800
6.438079,9.065248,12.035929,24.900230,16.873956
7.114935,9.048839,12.057080,24.905331,17.629304
6.514101,9.011842,12.075226,24.911424,16.955267
6.824571,9.032979,12.127876,24.918544,17.003214
6.935412,9.090276,12.189376,24.926695,17.055616
7.687831,9.160265,12.244877,24.935873,17.112141
6.121026,9.253012,12.299197,24.946064,17.172462
6.992806,9.297136,12.330184,24.957257,17.236326
6.538475,9.199870,12.309987,24.969460,17.303687
7.071154,9.156498,12.311190,24.982653,17.374219
6.199462,9.149209,12.328996,24.996776,17.447356
6.082281,9.179149,12.355497,25.011795,17.522796
6.073785,9.497961,12.383360,25.027610,17.599796
6.226073,9.361809,12.401180,25.044168,17.678095
6.055337,9.895403,12.387391,25.061442,17.757629
6.045236,9.245018,12.371759,25.079402,17.838338
6.034505,10.328377,12.349019,25.097989,17.919934
6.084110,9.247950,12.321658,25.117094,18.001789
6.011431,9.899356,12.293630,25.136707,18.084106
5.999400,9.287846,12.270088,25.156810,18.166956
6.260664,10.065499,12.254435,25.177385,18.250430
5.975316,9.246235,12.239226,25.198465,18.334965
5.963558,10.486515,12.221047,25.219963,18.420071
5.952102,9.286613,12.196164,25.241737,18.504906
5.942042,9.303512,12.171264,25.252421,18.574753
5.933598,9.319381,12.160016,25.238553,18.605497
5.924442,9.338872,12.150536,25.221984,18.624697
5.914553,9.362230,12.142708,25.202566,18.631657
5.903796,9.389693,12.136304,25.180146,18.625052
5.892010,9.421602,12.131010,25.154742,18.604466
5.879026,9.520246,12.126414,25.126496,18.570291
5.864664,9.650087,12.121999,25.095627,18.523399
5.848715,9.789068,12.117086,25.062406,18.464765
5.832838,9.940707,12.110680,25.027193,18.395432
5.818718,10.100350,12.101470,24.990420,18.316645
5.802869,10.262895,12.087981,24.952519,18.229764
5.785150,10.406730,12.068712,24.913905,20.155607
5.812832,10.567060,12.042455,24.875013,18.037260
5.900579,10.685551,12.009234,24.836247,17.934344
6.001240,10.776858,11.973118,24.798057,17.828835
6.106436,10.843697,11.947159,24.760897,17.722130
6.216544,10.889351,11.955566,24.725158,17.615359
6.334725,10.904551,12.018479,24.691284,17.509922
6.477110,10.847536,12.126336,24.659697,17.407220
6.582381,10.923638,12.249691,24.630594,17.307562
6.657451,11.107885,12.366268,24.604104,17.211185
6.741940,11.224818,12.466360,24.580306,17.118569
6.766951,11.319569,12.547351,24.559173,17.030132
6.710804,11.409763,12.609784,24.540576,16.946252
6.653853,11.484715,12.655569,24.524330,16.867006
6.619348,11.546442,12.687035,24.510238,16.792197
6.598978,11.627457,12.706544,24.498119,17.400083
6.582450,11.735794,12.715929,24.487835,16.655101
6.598244,11.894003,12.716684,24.479283,16.591754
6.605908,12.036859,12.710253,24.472362,16.531498
6.500600,11.995823,12.697875,24.466991,16.474169
6.483622,12.033651,12.680587,24.463107,16.419583
6.529499,12.091782,12.659241,24.460658,16.865876
6.366964,12.169081,12.634542,24.459599,16.317898
6.148282,12.263826,12.607147,24.459890,16.270423
5.960579,12.387635,12.577696,24.461494,16.224993
5.778224,12.590886,12.546965,24.464370,16.528635
5.757016,12.563775,12.515666,24.468484,16.139529
5.751319,12.566819,12.484248,24.473812,16.099389
5.745413,12.614894,12.452961,24.480312,16.060927
5.739735,12.693581,12.421652,24.487957,16.024166
5.734625,12.806625,12.390041,24.496737,15.989192
5.730364,12.961807,12.357905,24.506623,15.956113
5.727043,13.179647,12.326997,24.517576,15.925069
5.724447,13.408986,12.307212,24.529557,15.896205
5.721855,13.304404,12.315593,24.542569,15.869417
5.718415,13.214037,12.347509,24.556619,15.844472
5.713483,13.188506,12.388157,24.571675,15.821479
5.706439,13.199234,12.433668,24.587703,15.800463
5.696645,13.238083,12.485152,24.604663,15.781508
5.683514,13.297498,12.544132,24.622503,15.765012
5.666499,13.378096,12.612479,24.641166,15.750863
5.645016,13.476986,12.692225,24.660593,15.738983
5.618585,13.599463,12.784873,24.680719,15.729497
5.587187,13.723620,12.889765,24.701471,15.722436
5.552178,13.793823,13.000415,24.722760,15.717749
5.517668,13.722214,13.098569,24.744485,15.715261
5.490181,13.551911,13.167352,24.766556,15.715073
5.472399,13.353581,13.262501,24.788840,15.716949
5.455129,13.175665,13.363940,24.811151,15.720288
5.418528,12.972893,13.560510,24.833357,15.724960
5.341292,12.582064,13.953360,24.855332,15.730967
5.419722,12.264367,13.614425,24.876870,15.737880
5.557877,11.986515,12.993681,24.897781,15.745403
5.654873,11.730746,12.564324,24.917877,15.753258
5.729835,11.492483,12.234274,24.936915,18.681541
5.791893,11.269246,11.960206,24.954541,15.768046
5.845405,11.057620,11.721940,24.970468,15.773869
5.892775,10.855761,11.508642,24.984446,15.778147
5.937621,10.662254,11.313517,24.996209,15.780537
5.982423,10.476361,11.132531,25.005579,15.780817
6.023232,10.297012,10.963131,25.012475,15.778854
6.060565,10.123227,10.802951,25.016776,15.774526
6.094736,10.062392,10.650390,25.018438,15.767774
6.126078,10.057062,10.504330,25.017433,15.758595
6.155107,10.057494,10.364596,25.013758,15.747039
6.182746,10.059946,10.232919,25.007527,15.733224
6.210816,10.056374,10.114227,24.998893,15.717332
6.242247,10.033694,10.017153,24.988009,15.699589
6.279817,9.979234,9.949998,24.975058,15.680256
6.323770,9.891479,9.913054,24.960188,15.659591
6.371719,9.784155,9.897673,24.943610,15.637907
6.420917,9.676086,9.910993,24.925612,15.615632
6.469482,9.567797,9.947239,24.906430,15.593138
6.516406,9.462313,9.982488,24.886218,15.570623
6.561392,9.361450,10.014902,24.865176,16.373004
6.604381,9.265898,10.044133,24.843489,15.526727
6.645427,9.176148,10.070454,24.821341,15.505911
6.684619,9.092823,10.094385,24.798914,15.486307
6.722026,9.016261,10.116480,24.776343,15.467988
6.757703,8.947057,10.137291,24.753756,15.451061
6.791689,8.886278,10.157388,24.731283,15.435811
6.824019,8.834749,10.177275,24.709043,15.422485
6.854750,8.792408,10.197288,24.687130,15.411054
6.883894,8.758004,10.217384,24.665633,15.401714
6.977027,8.730096,10.237492,24.644631,15.394549
7.092988,8.711500,10.257721,24.624193,15.389328
7.210004,8.713079,10.278033,24.604375,15.386096
7.317454,8.717688,10.298373,24.585228,15.385032
7.419825,8.724061,10.318537,24.566801,15.386021
7.520296,8.731506,10.338459,24.549136,15.388989
7.623433,8.739965,10.358264,24.532263,15.394000
7.730943,8.749205,10.377981,24.516208,15.401080
7.852369,8.759161,10.397650,24.500995,15.410238
7.978184,8.769924,10.417307,24.486655,15.421405
8.109112,8.781338,10.436976,24.473203,15.434558
8.246949,8.793090,10.456697,24.460637,15.449707
8.387464,8.805225,10.476574,24.448972,15.466827
8.529522,8.817904,10.496728,24.438219,15.485883
8.666573,8.831359,10.517285,24.428381,15.506834
8.793922,8.845696,10.538380,24.419477,15.529685
8.895855,8.861193,10.560108,24.411511,15.554393
8.970908,8.878124,10.582574,24.404491,15.580953
9.029970,8.896834,10.605782,24.398404,15.609216
9.119103,8.917888,10.629727,24.393246,15.639094
9.073234,8.942438,10.654352,24.389029,15.670683
9.038537,8.972930,10.679433,24.385740,15.703837
9.020906,9.016153,10.704276,24.383348,15.738231
9.025335,9.045311,10.731947,24.381818,15.773512
9.083300,9.022477,10.766647,24.381142,15.809657
9.156171,9.015325,10.800771,24.381313,15.846692
9.194671,9.015470,10.835287,24.382308,16.073552
9.150763,9.018967,10.870749,24.384081,15.922513
9.137346,9.023891,10.907457,24.386582,15.960459
9.138519,9.029333,10.945565,24.389777,15.998093
9.146022,9.034812,10.985171,24.393630,16.035259
9.148111,9.040124,11.026349,24.398101,16.071765
9.125305,9.045521,11.069154,24.403122,16.107129
9.062199,9.051258,11.113666,24.408629,16.140954
8.971917,9.057472,11.159963,24.414575,16.173057
8.872742,9.064510,11.208195,24.420887,16.203048
8.776788,9.072745,11.258512,24.427495,16.230552
8.698887,9.082169,11.311095,24.434323,16.255181
8.639132,9.092399,11.366139,24.441292,16.276556
8.583128,9.103046,11.423830,24.448334,16.294351
8.528689,9.113984,11.484312,24.455376,16.308256
8.474279,9.125333,11.547705,24.462349,16.317970
8.420854,9.137416,11.614101,24.469191,16.323251
8.366464,9.150681,11.683439,24.475845,16.323921
8.311474,9.165453,11.755687,24.482267,16.319837
8.254024,9.181934,11.830910,24.488427,16.310866
8.193922,9.200238,11.908957,24.494302,16.297063
8.137957,9.220415,11.989478,24.499885,16.278620
8.078053,9.242201,12.071416,24.505184,16.255701
8.008718,9.264386,12.151801,24.510220,16.228311
7.930022,9.284109,12.224233,24.515021,16.196563
7.843857,9.297027,12.279228,24.519624,16.160763
7.752692,9.300040,12.309971,24.524070,16.120982
7.657577,9.294792,12.319549,24.528405,16.077435
7.563901,9.285844,12.317143,24.532677,16.030216
7.478565,9.276848,12.310140,24.536935,15.979541
7.400082,9.269575,12.302181,24.541237,18.124893
7.319274,9.264773,12.294570,24.545628,15.869317
7.228752,9.262621,12.287491,24.550161,15.810249
7.137130,9.263111,12.280795,24.554896,15.749361
7.048136,9.266163,12.274082,24.559869,21.204529
6.948313,9.271673,12.266947,24.565108,15.622992
6.842688,9.279587,12.258933,24.570636,15.557864
6.733653,9.289752,12.249880,24.576484,15.491854
6.624088,9.301972,12.239773,24.582680,15.425424
6.516898,9.316251,12.228207,24.589218,15.358775
6.418415,9.332661,12.214736,24.596081,15.292067
6.341083,9.351296,12.199013,24.603238,15.225454
6.282573,9.372301,12.180723,24.610654,15.159097
6.239490,9.395917,12.159358,24.618342,15.093366
6.208056,9.442997,12.134330,24.626306,15.047791
6.184790,9.494696,12.105249,24.634507,15.048271
6.168427,9.549790,12.071547,24.642905,15.048688
6.158749,9.609097,12.032226,24.651465,15.049034
6.155020,9.673897,11.985646,24.660166,15.049304
6.155613,9.745851,11.929778,24.668948,15.049492
6.159015,9.827213,11.861846,24.677709,15.049599
6.155726,9.921752,11.776985,24.686338,15.049623
6.129182,10.036967,11.665346,24.694677,15.049563
6.086563,10.187395,11.507106,24.702631,15.049419
6.032938,10.408363,11.901310,24.710161,15.049189
5.955002,10.816759,12.507977,24.717259,15.048873
5.965261,10.709740,13.043615,24.723956,15.048475
5.969350,10.413966,12.976165,24.730301,15.047996
5.989760,10.261995,12.607032,24.736361,15.047441
6.038927,10.168159,12.199633,24.742238,15.046810
6.109740,10.105933,12.078965,24.748077,15.046108
6.184199,10.063806,12.223445,24.754067,15.045342
6.261029,10.035388,12.354502,24.760429,15.044522
6.332720,10.016528,12.475461,24.767411,15.043654
6.350155,10.003114,12.588386,24.775276,15.082578
6.337317,9.994064,12.694705,24.784276,18.713156
6.389245,10.013743,12.795442,24.794617,15.040807
6.394511,10.030926,12.890957,24.806451,15.039796
6.277977,10.048373,12.981083,24.819854,15.038772
6.264870,10.064938,13.805521,24.834812,18.645469
6.167372,10.077993,13.140146,24.851223,16.888048
6.176861,10.084094,13.203710,24.868934,17.177885
6.243715,10.079612,13.251551,24.887780,16.590436
6.375502,10.062687,13.281470,24.907531,15.033656
6.497257,10.033618,13.293985,24.927921,15.060305
6.595179,9.993910,13.291904,24.948777,15.031637
6.671058,9.946107,13.279645,24.969960,15.030643
6.730571,9.891825,13.260950,24.991298,15.029651
6.774767,9.832299,13.238615,25.012641,15.028656
6.802696,9.768720,13.214215,25.033865,15.027650
6.811562,9.702456,13.188517,25.054853,15.026633
6.797261,9.635184,13.161489,25.075489,15.025612
6.741046,9.569417,13.131483,25.095686,16.050830
6.891679,9.508275,13.095674,25.115357,16.055545
7.033621,9.455170,13.050011,25.134407,16.102031
7.148866,9.413715,12.988711,25.152786,15.281878
7.242113,9.386940,12.905510,25.170420,15.020363
7.262638,9.376372,12.796990,25.187151,15.019304
7.283409,9.380541,12.665928,25.202899,15.018260
7.341249,9.430845,12.519304,25.217591,18.952904
7.292500,9.502958,12.364177,25.231044,16.689740
7.221930,9.575549,12.205366,25.242795,15.646712
7.173142,9.645558,12.046208,25.252469,15.014556
7.093138,9.700226,11.890643,25.260012,15.510027
7.056144,9.709448,11.744174,25.265206,15.013337
7.108750,9.672305,11.614718,25.267984,15.012951
7.202976,9.576357,11.511016,25.268312,15.012729
7.331170,9.547963,11.438757,25.265932,16.361119
7.461440,9.510484,11.396228,25.260826,15.135253
7.553124,9.459632,11.375703,25.253031,15.013227
7.583556,9.432468,11.368495,25.242537,15.013809
7.575134,9.514272,11.368048,25.229339,15.014612
7.559340,9.558108,11.370471,25.213633,15.015628
7.553054,9.567045,11.373814,25.195615,15.016848
7.562939,9.559598,11.377142,25.175357,15.018269
7.586860,9.546590,11.380124,25.152916,15.019888
7.614977,9.529114,11.382831,25.128420,15.021698
7.638826,9.506442,11.385547,25.102038,15.023683
7.655921,9.479964,11.388458,25.073919,15.025829
7.667990,9.449766,11.391762,25.044209,15.028121
7.678030,9.418991,11.395591,25.013047,15.030540
7.687954,9.390427,11.400266,24.980590,15.033070
7.696826,9.363508,11.406007,24.946965,15.035694
7.699686,9.339934,11.412856,24.912275,15.038392
7.688259,9.321080,11.421040,24.876689,15.041149
7.654044,9.305048,11.430728,24.840320,15.043950
7.592566,9.290036,11.442134,24.803177,15.046777
7.507956,9.272413,11.455452,24.765301,15.049614
7.411385,9.250124,11.470838,24.726743,15.052445
7.312146,9.221574,11.488377,24.687616,15.055256
7.215169,9.187844,11.508048,24.648105,15.058033
7.123010,9.150264,11.529865,24.608278,15.060764
7.037541,9.110131,11.553619,24.568301,15.063439
6.969454,9.065493,11.578425,24.528651,15.066045
7.063272,9.014545,11.603029,24.489971,15.107041
7.157064,8.957517,11.625372,24.453272,15.225144
7.249403,8.896669,11.642645,24.419870,15.325806
7.343919,8.834903,11.651772,24.391186,15.399525
7.449217,8.772423,11.650325,24.368407,15.438607
7.574530,8.730278,11.637779,24.351853,15.441252
7.775204,8.765240,11.615866,24.340812,15.412672
8.026313,8.807471,11.587602,24.334012,15.362073
7.941978,8.855280,11.556157,24.330166,15.298879
7.788045,8.907577,11.524530,24.328117,15.231079
7.693931,8.964295,11.495166,24.327107,15.164015
7.633234,9.026284,11.469969,24.326770,15.100700
7.592576,9.089825,11.447223,24.326831,15.090170
7.562111,9.126182,11.407209,24.327127,15.091072
7.536415,9.140109,11.353381,24.327638,15.091825
7.513799,9.156999,11.303594,24.328386,15.092428
7.552627,9.178398,11.258861,24.329406,15.092879
7.664403,9.202808,11.217995,24.330754,15.093177
7.765576,9.244879,11.180109,24.332492,15.093321
7.853878,9.310143,11.144599,24.334675,15.093310
7.927688,9.374368,11.111002,24.337351,15.093148
7.987851,9.437663,11.079055,24.340572,15.092832
8.037711,9.500153,11.048560,24.344387,15.092361
8.081533,9.561931,11.019340,24.348843,15.091729
8.123716,9.623072,10.991248,24.353981,15.090930
8.172434,9.683643,10.964162,24.359843,15.089958
8.226506,9.743745,10.937972,24.366475,15.088814
8.290991,9.803478,10.912511,24.373923,15.087499
8.370082,9.862937,10.887646,24.382223,17.510780
8.463480,9.922198,10.863349,24.391407,15.090470
8.567123,9.981343,10.839563,24.401507,15.082522
8.677100,10.040452,10.816204,24.412557,15.080511
8.791887,10.099591,10.793217,24.424585,15.078319
8.912520,10.158799,10.770571,24.437623,15.075943
9.041887,10.218134,10.748172,24.451703,15.121102
9.183509,10.277637,10.725936,24.466861,15.171078
9.342298,10.337329,10.703882,24.483128,18.027709
9.526059,10.397195,10.681997,24.500542,18.741092
9.753873,10.457187,10.660271,24.519141,15.343236
10.049050,10.517242,10.638703,24.538956,15.408255
10.400905,10.577239,10.617284,24.560018,15.940313
10.512749,10.636970,10.596010,24.582363,15.908413
10.496395,10.696128,10.574888,24.606032,15.626937
10.587927,10.754199,10.554053,24.631075,15.708123
10.463478,10.810502,10.533723,24.657542,15.793751
10.160887,10.864177,10.514261,24.685480,15.884074
9.932465,10.914112,10.496219,24.714956,15.979306
9.744263,10.959053,10.480463,24.746032,16.079796
9.535687,10.997615,10.468049,24.778785,16.185874
9.263759,11.028399,10.460238,24.813297,16.298014
8.948101,11.050062,10.458257,24.849659,16.416927
8.625184,11.061868,10.462921,24.887985,16.543107
8.316540,11.063753,10.474376,24.928404,16.677175
8.030516,11.056965,10.492320,24.971064,16.819684
7.767725,11.044439,10.516176,25.016129,16.971157
7.524202,11.030650,10.545197,25.063800,17.132476
7.295002,11.021518,10.578981,25.114304,17.304574
7.107867,11.025112,10.617951,25.167888,17.488247
7.213092,11.050738,10.663037,25.224829,17.684395
7.373928,11.073963,10.708271,25.285425,17.893834
7.650748,10.934941,10.719633,25.350057,18.117913
8.057097,10.693276,10.709689,25.419234,18.358643
7.811771,10.468191,10.703744,25.493511,18.618039
7.654490,10.261576,10.702699,25.573644,18.898992
7.593115,10.063458,10.705326,25.660556,19.204972
7.585945,9.865585,10.711472,25.755232,19.539544
7.612927,9.659965,10.722037,25.858992,19.907546
7.659218,9.439140,10.738184,25.973628,20.315593
7.691941,9.213399,10.751467,26.101341,20.771846
7.711158,9.070066,10.710501,26.245168,21.287520
7.751384,9.007981,10.611670,26.409524,21.878837
7.728546,8.931805,10.501736,26.600683,22.568795
7.731218,8.822104,10.383154,26.827584,23.390044
7.749288,8.676881,10.247945,27.100409,24.380053
7.585422,8.500467,10.094887,27.417785,25.534092
7.497435,8.343700,9.969654,27.695327,26.542125
7.451251,8.351282,10.009357,27.684629,26.491737
7.430201,8.509244,10.199405,27.411221,25.476912
7.421065,8.678879,10.405793,27.116317,24.383917
7.423639,8.820929,10.590454,26.868677,23.465965
7.435206,8.937003,10.754532,26.666030,22.714968
7.452011,9.033252,10.903412,26.497917,22.092526
7.464566,9.114454,11.041106,26.356002,21.568421
7.466872,9.183664,11.169557,26.234327,21.121377
7.421089,9.242286,11.288127,26.128662,20.736762
7.340604,9.290032,11.393175,26.035874,20.403817
7.243959,9.324837,11.477919,25.953565,20.114051
7.147413,9.343477,11.533387,25.879952,19.861430
7.056756,9.343959,11.553693,25.813658,19.641580
6.975441,9.355946,11.541032,25.753588,19.451184
6.902721,9.367275,11.504005,25.698850,19.287655
6.837656,9.370694,11.452350,25.648712,19.148969
6.781037,9.368959,11.394069,25.602563,19.033533
6.731943,9.364490,11.335172,25.559891,18.940055
6.691319,9.358933,11.279398,25.520267,18.867410
6.658792,9.353044,11.228090,25.483338,18.814309
6.631126,9.346898,11.181286,25.448831,18.779386
6.609109,9.340273,11.138802,25.416558,18.761186
6.637400,9.333009,11.100081,25.386411,18.758664
6.710432,9.324978,11.064480,25.358360,18.770796
6.804087,9.316121,11.031285,25.332486,18.795715
6.913439,9.306479,10.999460,25.309039,18.830045
7.028198,9.296189,10.967309,25.288462,18.869044
7.141513,9.285499,10.933001,25.271361,18.907720
7.250185,9.274837,10.894637,25.258431,18.940966
7.352738,9.264753,10.850516,25.250317,18.964321
7.448089,9.255798,10.799279,25.247443,18.974423
7.534608,9.248304,10.740504,25.249845,18.970580
7.610095,9.242275,10.674695,25.257145,18.954836
7.672965,9.237397,10.603022,25.268668,18.931467
7.722026,9.233241,10.526893,25.283642,18.905603
7.757379,9.229699,10.447453,25.301354,18.880861
7.777250,9.226981,10.365617,25.321203,18.859260
7.784262,9.225497,10.282214,25.342703,18.841671
7.777802,9.225413,10.198003,25.365482,18.829226
7.757411,9.226840,10.113595,25.389255,18.822610
7.720409,9.229879,10.029501,25.413777,18.821610
7.667025,9.234605,9.946152,25.438818,18.825186
7.599353,9.241015,9.863841,25.464188,18.832642
7.520121,9.252489,9.782789,25.489731,18.843618
7.432817,9.289067,9.703230,25.515260,18.857035
7.338061,9.327921,9.625353,25.540590,18.871808
7.237040,9.369400,9.549283,25.565574,18.887142
7.127982,9.413860,9.475114,25.590098,18.902599
7.007490,9.461784,9.402986,25.614062,18.917805
6.870419,9.513826,9.332938,25.637346,18.932310
6.711990,9.571015,9.264988,25.659839,18.945701
6.539502,9.635046,9.199172,25.681443,18.957673
6.421258,9.708371,9.204424,25.702090,18.967949
6.413279,9.794499,9.246866,25.721732,18.976480
6.458462,9.897193,9.306681,25.740361,18.983628
6.510930,10.008534,9.376097,25.757985,18.989283
6.577388,10.065570,9.393378,25.774620,18.993289
6.679435,10.021017,9.312142,25.790270,18.995075
6.785654,9.954981,9.210949,25.804933,18.994053
6.883053,9.904858,9.160187,25.818659,18.990546
6.969257,9.871734,9.391623,25.831511,18.984886
7.046124,9.851796,9.644840,25.843531,18.976824
7.115336,9.841966,9.917452,25.854767,18.966087
7.177035,9.839869,10.220442,25.865241,18.951864
7.231305,9.843648,10.552052,25.875014,18.933942
7.278602,9.851698,10.932814,25.884205,18.913031
7.319850,9.862700,11.388003,25.892878,18.888866
7.356402,9.875143,11.932706,25.901085,18.860954
7.390437,9.886490,12.333742,25.908917,18.829272
7.423703,9.892558,11.948617,25.916509,18.794460
7.457484,9.887960,11.551536,25.924011,18.757297
7.492858,9.867853,11.188734,25.931504,18.717911
7.530311,9.829905,10.832731,25.939063,18.676392
7.569149,9.775939,10.497960,25.946790,18.633030
7.608137,9.711391,10.192732,25.954873,18.588695
7.653295,9.641916,9.935496,25.963465,18.544029
7.724086,9.571230,9.721208,25.972622,18.499263
7.824669,9.501725,9.533140,25.982453,18.454714
7.925056,9.434575,9.352723,25.993023,18.410618
8.017529,9.370084,9.175361,26.004436,18.367140
8.101873,9.308229,8.995554,26.016779,18.324388
8.178642,9.249150,8.977343,26.030039,18.282591
8.248579,9.208808,9.030304,26.044194,18.241966
8.312251,9.171063,9.082069,26.059273,18.202547
8.370599,9.134917,9.132795,26.075312,18.164219
8.424766,9.100213,9.182595,26.092292,18.127315
8.474787,9.066773,9.231612,26.110178,18.092419
8.520426,9.034454,9.279965,26.128939,18.060007
8.561518,9.003208,9.327487,26.148579,18.029679
8.597854,8.972948,9.374144,26.169085,18.001368
8.628858,8.943419,9.420096,26.190430,17.976129
8.653831,8.914473,9.465389,26.212580,17.954667
8.672642,8.886044,9.509921,26.235510,17.938104
8.685164,8.858146,9.553660,26.259167,17.927042
8.691348,8.830936,9.596570,26.283496,17.922045
8.691220,8.804823,9.638437,26.308490,17.924637
8.684703,8.780216,9.679117,26.334118,17.936157
8.672660,8.757367,9.718588,26.360314,17.957407
8.654929,8.736458,9.756727,26.387093,17.989919
8.632165,8.717808,9.793612,26.414351,18.034289
8.604900,8.701857,9.829445,26.441895,18.090437
8.574744,8.804902,9.864355,26.469745,18.159224
8.542707,8.947054,9.898562,26.497815,18.272632
8.508211,9.084584,9.932435,26.525739,18.334769
8.469347,9.127705,9.966311,26.553280,18.440051
8.422068,9.070327,10.000641,26.580002,18.555516
8.360353,8.991135,10.035934,26.605416,18.679438
8.277847,8.934500,10.072721,26.629009,18.809674
8.174437,8.885206,10.111825,26.649665,18.943157
8.055000,8.856117,10.154137,26.666165,19.076236
7.923205,8.848817,10.200352,26.677655,19.205017
7.781053,8.871686,10.251420,26.682736,19.325206
7.630888,8.930631,10.308284,26.679949,19.432561
7.473867,8.986393,10.371754,26.667969,19.523437
7.310030,8.899429,10.442219,26.646157,19.595402
7.143446,8.905906,10.519329,26.614981,19.647671
6.999285,8.949162,10.602620,26.574984,19.680831
6.885069,8.991290,10.691754,26.526492,19.696567
6.781949,9.030063,10.786162,26.470110,19.697448
6.695075,9.065507,10.884729,26.407142,19.686741
6.648476,9.101165,10.986113,26.339187,19.667491
6.673145,9.135454,11.088832,26.267915,19.641623
6.700802,9.165430,11.190941,26.194906,19.608597
6.719604,9.192182,11.289722,26.121864,19.564595
6.755530,9.218238,11.382022,26.050913,19.503645
6.804408,9.246153,11.464906,25.984375,19.419645
6.853520,9.278199,11.536094,25.924168,19.307607
6.868244,9.316113,11.594511,25.871322,19.165210
6.819487,9.360134,11.640585,25.825926,18.995697
6.688889,9.409411,11.675804,26.408431,18.806621
6.747573,9.462918,11.702105,26.498438,18.606334
6.888241,9.519779,11.721350,25.726885,18.402195
7.058403,9.579469,11.735087,25.702815,18.199796
7.226443,9.641583,11.744117,25.681894,18.003141
7.366028,9.705963,11.748305,25.663948,17.814946
7.422172,9.772612,11.747190,25.648804,17.636940
7.412354,9.840628,11.740410,25.636128,17.469994
7.385257,9.906327,11.726677,25.625754,17.314728
7.361448,9.959676,11.703783,25.617600,17.171763
7.348512,9.993257,11.670052,25.611600,17.041834
7.382478,10.015212,11.626132,25.607677,16.925694
7.459178,10.034442,11.573421,25.605729,16.823773
7.559997,10.053711,11.513306,25.605671,16.736650
7.655754,10.073362,11.446879,25.607429,16.664235
7.738621,10.093236,11.375320,25.610950,16.606217
7.811888,10.113065,11.300342,25.616183,16.562809
7.896130,10.132670,11.223705,25.623097,16.534242
7.996498,10.152008,11.146919,25.631680,16.520558
8.115652,10.198802,11.071464,25.641918,16.522263
8.218380,10.260777,10.998558,25.653831,16.539575
8.307870,10.319678,10.928905,25.667454,16.572829
8.389108,10.357237,10.862681,25.682858,16.622100
8.459173,10.345876,10.799473,25.700133,16.687218
8.488615,10.287987,10.738270,25.719370,16.768395
8.487650,10.212420,10.677113,25.740688,17.632394
8.709891,10.138204,10.610506,25.764208,16.978652
8.843918,10.073525,10.530158,25.790068,17.107747
8.928886,10.021057,10.430527,25.818409,17.252733
9.007052,9.978591,10.314383,25.849384,17.413493
9.058539,9.941276,10.189930,25.883129,17.589816
9.081512,9.934923,10.064784,25.919731,17.781460
9.103445,9.929582,9.943391,25.959194,17.987962
9.128327,9.920228,9.827643,26.001425,18.208313
9.151054,9.906539,9.718238,26.046151,18.441031
9.162863,9.888777,9.615516,26.092841,18.683570
9.157796,9.867631,9.519776,26.140596,18.932005
9.129918,9.844221,9.431440,26.187997,19.180513
9.082747,9.820039,9.351201,26.233015,19.420674
9.009629,9.796975,9.280123,26.272893,19.641927
8.912527,9.777137,9.219406,26.304264,19.831149
8.789317,9.762585,9.170370,26.323565,19.974514
8.646228,9.754991,9.134252,26.327732,20.060166
8.488514,9.755159,9.111662,26.315060,20.081257
8.317831,9.762922,9.102230,26.285653,20.038019
8.146650,9.776980,9.104556,26.241444,19.937303
7.979708,9.795291,9.116433,26.185581,19.790528
7.818647,9.815702,9.135516,26.121526,19.610499
7.664800,9.836088,9.159505,26.052516,19.409119
7.524063,9.854736,9.186519,25.981254,19.196290
7.401940,9.870735,9.300505,25.909795,18.979584
7.298810,9.884346,9.419385,25.839604,18.764475
7.205699,9.897069,9.535385,25.771682,18.554795
7.117367,9.910424,9.648218,25.706611,18.352834
7.029839,9.925466,9.757577,25.644685,18.159829
6.944086,9.942525,9.863398,25.586034,17.976443
6.857859,9.960987,9.965339,25.530659,17.802679
6.774763,9.979557,10.063083,25.478492,17.638421
6.700217,9.997058,10.156437,25.429434,17.483428
6.646827,10.012873,10.245552,25.383366,17.337215
6.616105,10.026692,10.330506,25.340148,17.199450
6.599200,10.038372,10.411345,25.299628,17.069965
6.586577,10.047966,10.488298,25.261668,16.948525
6.575991,10.055701,10.561743,25.226148,16.834803
6.565735,10.061814,10.631921,25.192938,16.728571
6.554111,10.066582,10.698922,25.161901,16.629688
6.542188,10.070323,10.762882,25.132928,16.537986
6.530618,10.073212,10.824428,25.105981,16.453085
6.520121,10.075431,10.883967,25.080989,16.374708
6.510702,10.077164,10.941718,25.057844,16.302679
6.502901,10.078471,10.997842,25.036479,16.236812
6.497277,10.079385,11.052432,25.016855,16.176930
6.495567,10.079857,11.105648,24.998919,16.122857
6.503203,10.079655,11.157870,24.982570,16.074353
6.509514,10.078529,11.209422,24.967725,16.031184
6.519942,10.075924,11.260352,24.954378,15.993341
6.538986,10.071367,11.310851,24.942496,15.960686
6.545570,10.064576,11.361376,24.932017,15.932921
6.522037,10.054990,11.412596,24.922891,15.909755
6.521785,10.041657,11.465479,24.915071,15.890870
6.520067,10.023279,11.520919,24.908538,15.876085
6.516887,9.998738,11.579424,24.903288,15.865335
6.512229,9.968485,11.640940,24.899292,15.858278
6.506151,9.940872,11.701450,24.896515,15.854480
6.498881,9.943838,11.747169,24.894957,15.853810
6.490787,10.003812,11.764402,24.894613,15.856084
6.482230,10.097658,11.762093,24.895486,15.861185
6.473837,10.194321,11.751675,24.897565,15.868823
6.466614,10.282441,11.733794,24.900827,15.878552
6.461580,10.359057,11.704860,24.905264,15.890128
6.459553,10.423412,11.660980,24.910864,15.903223
6.460843,10.475747,11.600302,24.917575,15.917164
6.464924,10.517505,11.524617,24.925349,15.931360
6.470711,10.551084,11.438041,24.934169,15.945539
6.477057,10.578902,11.345052,24.944018,15.959451
6.483004,10.603097,11.249334,24.954880,15.972898
6.487800,10.625456,11.153813,24.966711,15.985526
6.491057,10.646990,11.059904,24.979500,15.997207
6.492578,10.668288,10.968243,24.993245,16.007874
6.492195,10.689973,10.879413,25.007888,16.017265
6.489885,10.712226,10.793449,25.023403,17.924030
6.485686,10.735055,10.710084,25.039805,16.031820
6.479658,10.758243,10.629212,25.057050,16.036889
6.471856,10.781639,10.550681,25.075106,16.040383
6.462314,10.805259,10.474268,25.093979,16.042265
6.451112,10.829022,10.399690,25.113626,16.042533
6.438362,10.852903,10.326519,25.133972,16.041253
6.424145,10.876915,10.254425,25.154949,16.038506
6.408474,10.901017,10.183396,25.176531,16.034274
6.391380,10.925208,10.113355,25.198669,16.028639
6.399186,10.949566,10.044178,25.221273,16.021850
6.462788,10.974168,9.981379,25.244262,16.014122
6.530624,10.999128,9.971575,25.267537,16.005766
6.601276,11.024617,9.962484,25.290996,15.997095
6.669875,11.050820,9.952817,25.314555,15.988230
6.734764,11.077969,9.940508,25.338111,15.979389
6.797288,11.106273,9.922900,25.361555,15.970768
6.843103,11.135921,9.897563,25.384762,15.962681
6.848393,11.166902,9.863553,25.407586,15.955250
6.826243,11.199045,9.822025,25.429818,15.948181
6.796843,11.231986,9.776107,25.451223,15.941496
6.769677,11.264914,9.729748,25.471564,15.935700
6.747967,11.296418,9.686443,25.490606,15.931593
6.732304,11.324357,9.648778,25.508115,15.930141
6.723108,11.345881,9.618492,25.523835,15.932399
6.718408,11.358120,9.596664,25.537397,15.939404
6.717404,11.357976,9.583854,25.548533,15.952303
6.719651,11.343383,9.580289,25.557007,15.972175
6.725021,11.315380,9.585559,25.562377,15.999931
6.732712,11.276842,9.599182,25.564230,16.036282
6.743621,11.231391,9.620701,25.562196,16.081611
6.758353,11.181797,9.649948,25.556221,16.135897
6.778410,11.129966,9.686679,25.546476,16.198694
6.807922,11.076910,9.730863,25.532991,16.269048
6.848002,11.022931,9.782680,25.515760,16.345551
6.896357,10.968214,9.841861,25.494996,16.426617
6.951646,10.912921,9.907788,25.471024,16.510611
7.012256,10.857255,9.979694,25.444223,16.595965
7.076781,10.801365,10.057271,25.414913,16.681086
7.145543,10.745512,10.141118,25.383360,16.764415
7.218994,10.690160,10.231841,25.349850,16.844632
7.294081,10.635447,10.328143,25.314536,16.920177
7.366055,10.581335,10.427762,25.277579,16.989761
7.431399,10.527604,10.529180,25.239284,17.053032
7.488001,10.474064,10.631405,25.199917,17.109740
7.534659,10.420434,10.733578,25.159690,17.159590
7.570278,10.365807,10.834925,25.118855,17.202941
7.592938,10.309137,10.934563,25.077638,17.240205
7.599662,10.249725,11.031530,25.036202,17.271425
7.588170,10.187242,11.124920,24.994700,17.297058
7.559306,10.122120,11.214044,24.953241,17.317798
7.517850,10.055663,11.298664,24.911887,17.334237
7.480080,9.989482,11.379056,24.870665,17.346662
7.466442,9.924674,11.455860,24.829620,17.354891
7.519525,9.861801,11.529966,24.788786,17.358643
7.638997,9.800960,11.602607,24.748122,17.357792
7.992650,9.741716,11.675321,24.707562,17.352190
7.594803,9.683337,11.749662,24.667148,17.341471
7.005097,9.624571,11.827696,24.626903,17.325342
6.870642,9.563601,11.911812,24.586904,17.303565
6.860305,9.498789,12.005788,24.547122,17.275962
6.849315,9.435213,12.113213,24.507504,17.242443
6.840789,9.427465,12.227627,24.468128,17.203101
6.852156,9.427316,12.297578,24.429114,17.158190
6.912081,9.438568,12.252055,24.390619,17.108128
6.999845,9.458148,12.148651,24.352733,17.053304
7.092077,9.482181,12.050125,24.315549,16.994221
7.185718,9.509030,11.967709,24.279163,16.931458
7.282478,9.537788,11.899256,24.243652,16.865625
7.384038,9.567831,11.841314,24.209037,16.797139
7.491355,9.598678,11.791016,24.175286,16.726244
7.605002,9.629817,11.746873,24.142434,16.653629
7.725845,9.660725,11.707876,24.110518,16.580041
7.854882,9.691011,11.673145,24.079550,16.506062
7.993201,9.720454,11.641941,24.049527,16.432170
8.155663,9.748928,11.613705,24.020445,16.358907
8.346461,9.776477,11.588051,23.992289,16.286877
8.576740,9.803252,11.564775,23.965039,16.216563
8.749178,9.829392,11.543778,23.938668,16.445565
8.642048,9.855023,11.525032,23.913144,16.082186
8.553656,9.880193,11.508465,23.888430,16.018663
8.414360,9.904921,11.493972,23.864505,15.957615
8.123624,9.929289,11.481497,23.841366,15.898788
7.860931,9.953347,11.471038,23.819014,15.841950
7.629596,9.977076,11.462610,23.797451,15.786941
7.555960,10.000382,11.456226,23.776663,15.733768
7.578214,10.023103,11.451915,23.756616,15.682562
7.599001,10.044955,11.449712,23.737310,15.633220
7.618313,10.065265,11.449639,23.718755,15.585627
7.636141,10.079748,11.451742,23.700948,17.854153
7.652480,10.107987,11.456153,23.683870,15.495599
7.667327,10.133872,11.462941,23.667518,15.453175
7.680698,10.157186,11.472048,23.651906,15.412445
7.692611,10.179122,11.483471,23.637036,15.373401
7.703084,10.199965,11.497240,23.622907,15.336037
7.712155,10.219788,11.513338,23.609517,15.300362
7.719894,10.238564,11.531696,23.596873,15.266423
7.726372,10.256307,11.552165,23.584971,15.234167
7.731678,10.273088,11.574458,23.573793,15.203464
7.735964,10.288951,11.598126,23.563330,15.174238
7.739457,10.303961,11.622460,23.553572,15.164870
7.742459,10.318150,11.646549,23.544518,15.166618
7.745382,10.331579,11.669137,23.536163,15.168266
7.748741,10.344334,11.688625,23.528505,15.169815
7.753186,10.356519,11.703066,23.521533,15.171271
7.759459,10.368210,11.710377,23.515227,15.172640
7.768190,10.379411,11.708871,23.509571,15.173931
7.779695,10.390070,11.697791,23.504553,15.175147
7.793940,10.400010,11.677551,23.500156,15.176296
7.810539,10.408924,11.649798,23.496347,15.177391
7.828797,10.416544,11.617032,23.493098,15.178442
7.847888,10.422737,11.581970,23.490386,15.179461
7.867067,10.427453,11.546960,23.488197,15.180453
7.885798,10.430653,11.513672,23.486533,15.181420
7.903658,10.432376,11.483265,23.485396,15.182364
7.920331,10.432685,11.456456,23.484783,15.183286
7.935607,10.431617,11.433627,23.484697,15.184189
7.949329,10.429170,11.415008,23.485135,15.185075
7.961421,10.425315,11.400727,23.486099,15.185944
7.971868,10.420020,11.390873,23.487599,15.186796
7.980707,10.413293,11.385407,23.489650,15.187628
7.988003,10.405150,11.384327,23.492271,15.188437
7.993829,10.395633,11.387553,23.495479,15.189218
7.998242,10.384756,11.394863,23.499299,15.189967
8.001298,10.372473,11.406003,23.503755,15.190677
8.003004,10.358825,11.420812,23.508869,15.191344
8.003386,10.343819,11.439099,23.514666,15.191962
8.002488,10.327486,11.460652,23.521170,15.192524
8.000349,10.310019,11.485327,23.528405,15.193021
7.996992,10.291651,11.513031,23.536396,15.193444
7.992420,10.272502,11.543636,23.545162,15.193784
7.986643,10.252866,11.576672,23.554725,15.194029
7.979675,10.233271,11.611288,23.565104,15.194168
8.001179,10.214410,11.646308,23.576305,15.194189
8.108444,10.197058,11.680182,23.588323,15.194086
8.218074,10.182041,11.710905,23.601152,15.193850
8.327318,10.170214,11.736431,23.614782,15.193470
8.426767,10.162417,11.754903,23.629174,15.192943
8.486602,10.159232,11.765066,23.644261,15.192273
8.477633,10.160709,11.767051,23.659990,15.191457
8.413456,10.166377,11.762024,23.676299,15.190493
8.322474,10.175422,11.751752,23.693105,15.189386
8.222879,10.186972,11.738157,23.710284,15.188146
8.122475,10.200276,11.722837,23.727729,15.186781
8.008842,10.214728,11.707042,23.745343,15.185296
7.892137,10.229940,11.691678,23.763012,15.950533
7.865536,10.245720,11.677323,23.780609,17.334494
7.843108,10.262095,11.664208,23.797976,15.180231
7.808765,10.279228,11.652410,23.814953,15.178399
7.916070,10.297380,11.641891,23.831375,15.176530
8.026842,10.316861,11.632555,23.847042,15.174657
8.120176,10.338018,11.624279,23.861737,15.172813
8.212011,10.361247,11.616867,23.875263,15.171033
8.321205,10.386980,11.610102,23.887426,15.169354
8.464127,10.415499,11.603774,23.897990,15.167818
8.647615,10.446592,11.597531,23.906706,15.166474
8.854804,10.478831,11.590518,23.913369,15.165364
9.024115,10.507896,11.581045,23.917803,15.164528
9.093292,10.524771,11.566470,23.919825,15.164009
9.103138,10.518118,11.543694,23.919276,15.163843
9.110393,10.484120,11.511182,23.916065,15.831739
9.133425,10.431264,11.470192,23.910137,15.164675
9.173695,10.371121,11.422940,23.901447,15.165711
9.229653,10.310916,11.371005,23.889976,15.167176
9.294442,10.253742,11.315383,23.875729,15.169073
9.349586,10.200567,11.256805,23.858797,15.171391
9.365121,10.151624,11.196001,23.839330,16.715712
9.332243,10.106728,11.133701,23.817492,15.177207
9.274339,10.065500,11.070654,23.793459,15.180650
9.212239,10.027772,11.007732,23.767455,15.184404
9.156604,9.993434,10.945744,23.739709,15.188429
9.110878,9.962351,10.885436,23.710455,15.192686
9.073673,9.934129,10.827495,23.679940,15.197133
9.044911,9.908234,10.772515,23.648405,15.201727
9.029008,9.884015,10.720883,23.616071,15.206430
9.035268,9.860541,10.672790,23.583139,15.211211
9.070779,9.836833,10.628358,23.549793,15.216037
9.128042,9.812141,10.587662,23.516206,15.220884
9.198775,9.786235,10.550853,23.482530,15.225725
9.276324,9.759804,10.518189,23.448903,15.230538
9.356214,9.734843,10.490087,23.415455,15.235305
9.435922,9.713978,10.467116,23.382299,15.240010
9.514655,9.698156,10.449516,23.349536,15.244639
9.589953,9.685340,10.436902,23.317252,15.249179
9.662643,9.672651,10.428698,23.285522,15.253621
9.735721,9.658119,10.424590,23.254455,15.257956
9.807024,9.640721,10.424416,23.224175,15.262176
9.882260,9.620143,10.428043,23.194784,15.266275
9.963350,9.596534,10.435365,23.166359,15.270249
10.059099,9.570215,10.446246,23.138940,15.274096
10.186176,9.541604,10.460584,23.112562,15.277814
10.394788,9.511347,10.478383,23.087279,15.281400
10.813771,9.480119,10.499644,23.063152,18.493807
10.320232,9.448711,10.524508,23.040228,15.288171
10.153697,9.418142,10.553335,23.018550,15.291352
10.039674,9.389877,10.586873,22.998167,15.294396
9.948155,9.363701,10.624142,22.979125,15.297300
9.877133,9.317053,10.643211,22.961464,15.300064
9.831397,9.239089,10.633149,22.945222,15.302688
9.793126,9.162540,10.623643,22.930431,15.305174
9.766312,9.093913,10.619766,22.917115,15.307521
9.758050,9.033818,10.621017,22.905291,15.309728
9.761100,8.983939,10.627500,22.894988,15.311797
9.776093,8.946289,10.639639,22.886240,15.313732
9.804132,8.921309,10.657113,22.879074,15.315535
9.848606,8.907380,10.678537,22.873504,15.317209
9.913729,8.901583,10.701869,22.869541,15.318756
9.999764,8.901065,10.725273,22.867154,15.320174
10.104472,8.903255,10.747220,22.866298,15.321459
10.222054,8.906723,10.766805,22.866945,15.322615
10.346785,8.911037,10.783636,22.869071,15.323645
10.476606,8.915928,10.797579,22.872628,15.324550
10.612783,8.921296,10.808772,22.877549,15.325330
10.748933,8.926761,10.817292,22.883768,15.325986
10.795247,8.931926,10.823310,22.891217,15.326522
10.810034,8.936610,10.827179,22.899822,16.708564
10.832616,8.940836,10.829330,22.909507,17.095931
10.965832,8.944824,10.830318,22.920189,15.327456
11.125419,8.948895,10.830780,22.931785,15.327557
11.261562,8.953105,10.831112,22.944217,15.327562
11.384927,8.957354,10.831563,22.957411,15.327475
11.502415,8.961496,10.832321,22.971299,15.327299
11.617627,8.965225,10.833524,22.985811,15.327038
11.734469,8.968314,10.835294,23.000881,15.326693
11.848363,8.970830,10.837752,23.016459,15.326266
11.961269,8.972739,10.841003,23.032478,15.325756
12.071308,8.974036,10.845065,23.048881,15.325165
12.171577,8.974756,10.849870,23.065605,15.324490
12.261862,8.974952,10.855239,23.082582,15.323734
12.341858,8.974865,10.860856,23.099731,15.322896
12.408226,8.974692,10.866237,23.116979,15.321977
12.463845,8.974633,10.870646,23.134263,15.320976
12.514158,8.974727,10.873034,23.151498,15.319892
12.562059,8.974797,10.872096,23.168593,15.318729
12.610189,8.974642,10.866484,23.185469,15.317485
12.663491,8.974017,10.855139,23.202067,15.316162
12.731786,8.972381,10.837435,23.218318,15.314758
12.828063,8.969025,10.813292,23.234148,15.313276
12.978393,8.963176,10.783259,23.249516,15.311717
13.280532,8.954063,10.748326,23.264407,15.310079
13.614940,8.941421,10.709920,23.278823,17.583972
13.075290,8.927484,10.670928,23.292770,15.306573
12.884847,8.921123,10.638098,23.306272,16.431572
12.780954,8.937594,10.621795,23.319370,15.302761
12.722063,8.978744,10.623601,23.332107,15.300740
12.663683,9.030237,10.634632,23.344543,15.298645
12.579357,9.081641,10.648328,23.356756,15.296475
12.500526,9.129581,10.662550,23.368841,15.294232
12.434500,9.173714,10.676925,23.380895,15.291916
12.380462,9.214441,10.691526,23.393008,15.289529
12.333509,9.251926,10.706553,23.405274,15.287068
12.289530,9.285888,10.722175,23.417783,15.284535
12.246355,9.316262,10.738346,23.430634,15.281931
12.196430,9.342886,10.754935,23.443915,15.279257
12.138894,9.365550,10.771731,23.457692,15.276514
12.076036,9.384315,10.788436,23.472016,15.273704
12.010853,9.399350,10.804790,23.486931,15.270830
11.945773,9.410844,10.820612,23.502478,15.267896
11.880676,9.419237,10.835722,23.518671,15.264906
11.817922,9.424923,10.849923,23.535499,15.261863
11.754524,9.428289,10.863152,23.552946,15.258770
11.690732,9.429870,10.875502,23.571000,15.255635
11.605729,9.430048,10.887046,23.589636,15.252462
11.412600,9.429083,10.897838,23.608827,15.957204
11.514992,9.426884,10.907859,23.628553,15.246037
11.557131,9.423064,10.917040,23.648787,15.242806
11.551183,9.417066,10.925273,23.669500,15.239578
11.523381,9.408197,10.932424,23.690656,15.236364
11.481980,9.395527,10.938418,23.712226,15.233173
11.429638,9.377899,10.943145,23.734178,15.230012
11.368127,9.354373,10.946466,23.756476,15.226891
11.298203,9.323230,10.948103,23.779093,15.223819
11.223584,9.284233,10.948125,23.801973,15.220807
11.146186,9.245225,10.948098,23.825033,15.217871
11.074541,9.241669,10.954563,23.848223,15.215021
11.019166,9.312511,10.974595,23.871501,15.212264
10.977136,9.423243,11.001542,23.894795,15.209609
10.839935,9.534403,11.027884,23.917972,15.207069
10.703780,9.636896,11.051757,23.940884,16.676929
10.623124,9.733689,11.073060,23.963447,15.202369
10.519889,9.826901,11.091762,23.985513,15.200218
10.399301,9.919589,11.107546,24.006886,15.852601
10.272880,10.015208,11.119581,24.027353,15.196328
10.122231,10.118317,11.126263,24.046582,15.194593
9.953168,10.234286,11.124887,24.064168,15.193003
9.877301,10.367776,11.112621,24.079705,15.191555
9.841882,10.514053,11.093781,24.092740,15.190245
9.842241,10.617505,11.112947,24.102764,15.189068
9.887016,10.588207,11.241911,24.109237,15.188022
9.951601,10.492201,11.428701,24.111724,15.187102
10.028263,10.405124,11.613850,24.109943,15.186297
10.115972,10.340227,11.787418,24.103768,15.185600
10.206561,10.295312,11.951294,24.093310,15.185003
10.298985,10.267119,12.107578,24.078926,15.184499
10.391751,10.252820,12.257307,24.061220,15.184079
10.495000,10.348674,12.400357,24.040979,15.183737
10.593109,10.494715,12.535666,24.019116,15.183466
10.663058,10.632814,12.661778,23.996571,15.183263
10.616828,10.565629,12.777236,23.974199,15.183123
10.537847,10.436061,12.881021,23.952669,15.183042
10.466505,10.358652,12.972850,23.932431,15.183014
10.413220,10.401208,13.053322,23.913715,15.183034
10.362899,10.449007,13.123500,23.896559,15.183099
10.318742,10.500817,13.183347,23.880884,15.183202
10.279910,10.555975,13.226609,23.866545,15.183340
10.246787,10.614672,13.234762,23.853390,15.183506
10.222399,10.677384,13.187158,23.841305,15.183696
10.202991,10.743535,13.092148,23.830200,15.183902
10.187752,10.811809,12.978776,23.820019,15.184119
10.173854,10.881429,12.866360,23.810718,15.184340
10.158926,10.952281,12.762089,23.802275,15.184560
10.142765,11.024589,12.667411,23.794687,15.184770
10.142716,11.098705,12.581513,23.787957,15.184961
10.179132,11.175156,12.502819,23.782092,15.185126
10.223156,11.254774,12.429718,23.777094,17.820155
10.266275,11.338517,12.360770,23.772967,15.185353
10.309901,11.427544,12.294990,23.769713,15.185403
10.355018,11.522868,12.231819,23.767326,15.185407
10.401023,11.623509,12.170789,23.765802,15.185364
10.451265,11.720433,12.111172,23.765143,15.185269
10.512133,11.786147,12.051815,23.765347,15.185119
10.578154,11.797853,11.992025,23.766404,15.184920
10.631747,11.779629,11.932535,23.768312,15.184672
10.665550,11.758139,11.874014,23.771078,15.184365
10.690616,11.741844,11.816569,23.774705,15.183991
10.717212,11.731648,11.760060,23.779196,15.183545
10.745453,11.726100,11.704254,23.784557,15.183018
10.778041,11.722834,11.648852,23.790795,15.182400
10.813223,11.719842,11.593419,23.797909,15.181689
10.847561,11.716005,11.537498,23.805893,15.180888
10.874605,11.711540,11.480755,23.814744,15.179999
10.887216,11.707504,11.422890,23.824457,15.179025
10.885594,11.705168,11.363573,23.835027,15.347296
10.897044,11.705557,11.302428,23.846447,15.176834
10.954309,11.709295,11.238975,23.858701,15.175629
11.023082,11.716886,11.172570,23.871782,15.174358
11.107632,11.728920,11.102375,23.885678,15.173025
11.229816,11.746128,11.027407,23.900377,15.171637
11.369525,11.769417,10.946547,23.915861,15.492914
11.494536,11.799854,10.858569,23.932100,15.180308
11.597324,11.838466,10.762218,23.949064,15.167203
11.688463,11.886081,10.656356,23.966723,15.165660
11.735301,11.942853,10.540484,23.985009,15.164103
11.745381,12.007394,10.415706,24.003852,15.162543
11.752819,12.074612,10.287314,24.023158,15.160993
11.757474,12.132130,10.169383,24.042841,15.159465
11.755950,12.159231,10.086298,24.062785,15.157971
11.744659,12.140071,10.056879,24.082857,15.156524
11.722085,12.082181,10.072067,24.102949,15.155133
11.693394,12.006917,10.106381,24.122901,15.153809
11.660302,11.929812,10.141164,24.142550,15.152562
11.623247,11.857159,10.168617,24.161698,15.151401
11.584581,11.788937,10.187923,24.180086,15.150338
11.544910,11.720293,10.202559,24.197451,15.149384
11.505245,11.640376,10.220583,24.213500,15.148548
11.465535,11.533599,10.253086,24.227936,15.147839
11.424303,11.393827,10.306007,24.240458,15.147264
11.384463,11.452712,10.372122,24.250736,15.146828
11.335266,11.499458,10.432880,24.258458,15.146540
11.266779,11.537346,10.443314,24.263362,15.835011
11.215949,11.566196,10.536302,24.265236,16.598966
11.189099,11.585756,10.757361,24.263944,15.146595
11.118383,11.594638,10.912445,24.259428,15.146926
11.005604,11.588618,11.046253,24.251718,15.147413
10.861516,11.572352,11.168347,24.240927,15.148055
10.705858,11.544005,11.282610,24.227242,15.148848
10.542275,11.489266,11.391155,24.210911,15.149788
10.362863,11.413349,11.495386,24.192222,15.150868
10.167722,11.328490,11.596440,24.171505,15.152081
9.957602,11.237505,11.695105,24.149047,15.153419
9.729266,11.138973,11.791945,24.125098,15.154876
9.477659,11.029390,11.887494,24.099897,15.156445
9.181596,10.897323,11.982222,24.073643,15.158117
8.770552,10.705978,12.076632,24.046556,15.993697
8.715502,10.673168,12.171270,24.018849,15.161723
8.674414,10.617308,12.266671,23.990691,15.163632
8.578537,10.505187,12.363312,23.962202,15.165597
8.451374,10.336903,12.461660,23.933479,15.167608
8.285583,9.955456,12.561982,23.904667,20.111834
8.128654,10.168672,12.664415,23.875888,15.171704
8.051150,10.204566,12.768948,23.847211,15.173763
7.988540,10.213890,12.875481,23.818656,15.175817
7.906465,10.208481,12.983903,23.790266,15.177857
7.812276,10.194879,13.094073,23.762128,15.259278
7.712963,10.179171,13.205744,23.734322,15.181843
7.607709,10.163790,13.318420,23.706937,15.183769
7.486590,10.144818,13.431134,23.680127,15.185641
7.347164,10.122165,13.542157,23.654149,15.187450
7.199898,10.098175,13.648759,23.629395,15.189189
7.065084,10.058002,13.746923,23.606435,15.190857
7.025519,9.980002,13.831131,23.586072,15.192444
7.016635,9.873433,13.895622,23.569133,15.193948
7.014326,9.809666,13.936406,23.556182,15.195371
7.018918,9.824938,13.952553,23.547358,15.196707
7.029583,9.839992,13.946716,23.542307,15.197942
7.044644,9.854589,13.924244,23.540291,15.199069
7.062220,9.868234,13.891027,23.540476,15.200088
7.080854,9.880724,13.851637,23.542228,15.200993
7.099516,9.892009,13.809282,23.545125,15.201781
7.118004,9.902319,13.766377,23.548890,16.305531
7.136304,9.912105,13.724569,23.553372,17.909830
7.152965,9.921779,13.684794,23.558503,15.203453
7.167799,9.931640,13.647517,23.564268,15.203786
7.180687,9.941860,13.612910,23.570674,15.204011
7.191548,9.952639,13.581055,23.577742,15.204131
7.200347,9.964610,13.552221,23.585497,15.204151
7.207094,9.978949,13.526928,23.593972,15.204074
7.211852,9.996938,13.505684,23.603214,15.203898
7.214682,10.020354,13.489263,23.613281,15.203623
7.215628,10.049949,13.477865,23.624243,15.203245
7.214725,10.062255,13.457789,23.636167,15.202759
7.212010,10.023337,13.409261,23.649113,15.202164
7.207557,9.976121,13.356306,23.663126,15.201460
7.201464,9.936685,13.307641,23.678226,15.200645
7.193787,9.904083,13.262603,23.694428,15.199722
7.184555,9.876481,13.220331,23.711735,15.198690
7.173737,9.852375,13.180181,23.730147,15.197549
7.161258,9.830639,13.141573,23.749663,15.196299
7.147325,9.810535,13.104036,23.770284,15.194938
7.133316,9.791720,13.067253,23.792018,15.193468
7.117563,9.774202,13.030889,23.814863,15.191888
7.099922,9.758368,12.994646,23.838815,15.190197
7.080224,9.744931,12.958239,23.863865,15.188393
7.058271,9.734833,12.921127,23.890005,15.186476
7.033796,9.729341,12.882035,23.917254,15.184450
7.006444,9.730545,12.838676,23.945644,15.182318
6.975785,9.741419,12.787423,23.975172,15.180078
6.941275,9.766703,12.722502,24.005832,15.177730
6.902360,9.812650,12.636331,24.037637,15.175278
6.859782,9.914010,12.527696,24.070615,15.172725
6.821765,9.988638,12.438137,24.104798,15.170079
6.801844,9.936593,12.442161,24.140196,15.167339
6.790058,9.836516,12.490176,24.176826,15.164510
6.775030,9.782913,12.525446,24.214721,15.161600
6.754874,9.747884,12.540585,24.253920,15.158620
6.729912,9.728664,12.538013,24.294453,15.155569
6.700526,9.722769,12.520041,24.336351,15.152452
6.666745,9.729179,12.488376,24.379651,15.149272
6.628117,9.748351,12.444778,24.424405,15.146020
6.583791,9.782004,12.391136,24.470636,15.142694
6.532394,9.833483,12.329242,24.518338,15.139300
6.471536,9.909091,12.260754,24.567517,16.011113
6.396801,10.020973,12.187288,24.618139,16.707680
6.298671,10.195719,12.111179,24.670051,15.128678
6.148211,10.513202,12.041419,24.723029,15.706730
5.985506,10.866429,11.957852,24.776814,18.862918
6.117857,10.423330,11.731384,24.831005,15.117452
6.157378,10.236323,11.528736,24.884913,15.113569
6.171362,10.108477,11.378578,24.937560,15.109616
6.196534,9.909951,11.377900,24.987655,15.105596
6.235658,9.645730,11.498751,25.033616,15.101515
6.274517,9.391907,11.638655,25.073754,15.097384
6.309551,9.173780,11.762369,25.106710,15.093205
6.352937,8.991824,11.866889,25.131641,15.088983
6.395101,8.841962,11.955006,25.148419,15.084735
6.436639,8.719485,12.029192,25.157833,15.080474
6.478199,8.619446,12.090784,25.161322,15.076207
6.519955,8.537023,12.140637,25.160494,15.071940
6.561811,8.468049,12.179681,25.156775,15.067690
6.603555,8.409066,12.208917,25.151316,15.063482
6.644910,8.357309,12.229384,25.145019,15.059337
6.685563,8.310761,12.242255,25.138544,15.155279
6.725270,8.268041,12.248779,25.132254,15.051322
6.763863,8.228295,12.250172,25.126294,15.468233
6.801147,8.190998,12.247678,25.120728,15.787295
6.836968,8.155867,12.242451,25.115520,15.040379
6.871177,8.122693,12.235573,25.110603,15.037118
6.903685,8.091370,12.227951,25.105836,15.034087
6.934451,8.061843,12.220357,25.101022,15.031311
6.963390,8.034013,12.213516,25.096053,15.028801
6.990420,8.007762,12.208051,25.090870,15.026563
7.015469,7.982960,12.204469,25.085422,15.024599
7.038492,7.959506,12.203227,25.079620,15.022907
7.059476,7.937367,12.204779,25.073293,15.499257
7.081181,7.916493,12.209534,25.066280,15.020343
7.101172,7.896788,12.217832,25.058488,15.019460
7.118785,7.878171,12.230003,25.049812,15.018833
7.133973,7.860561,12.246357,25.040155,15.018448
7.146697,7.843902,12.267215,25.029364,15.018296
7.156907,7.828121,12.292894,25.017288,15.018367
7.164516,7.813125,12.323714,25.003870,15.018645
7.169405,7.798827,12.360060,24.989056,15.019111
7.171424,7.785154,12.402378,24.972807,15.019746
7.170384,7.772041,12.451220,24.955063,15.020531
7.166055,7.759415,12.507239,24.935753,15.021447
7.158234,7.747201,12.570993,24.914854,15.022474
7.146794,7.735340,12.642802,24.892384,15.023590
7.131935,7.723872,12.722047,24.868501,15.024774
7.114637,7.713043,12.805843,24.843702,15.026004
7.097253,7.703419,12.887275,24.819086,15.027264
7.084858,7.696241,12.951528,24.796923,15.028539
7.085389,7.693455,12.975497,24.780692,15.029818
7.104846,7.696509,12.941674,24.773064,15.031090
7.141109,7.704841,12.856056,24.773282,15.032348
7.186259,7.716457,12.741425,24.778128,15.033583
7.233205,7.729609,12.618259,24.784644,15.034792
7.278133,7.743370,12.497572,24.791231,15.035970
7.319595,7.757391,12.383478,24.797338,15.037111
7.357185,7.771592,12.277150,24.802771,15.038212
7.390975,7.786005,12.178360,24.807557,15.039271
7.421200,7.800699,12.086389,24.811809,15.040282
7.448120,7.815749,12.000456,24.815636,15.041244
7.471974,7.831203,11.919812,24.819199,16.045300
7.492995,7.847153,11.843777,24.822559,15.043003
7.511388,7.863691,11.771751,24.825761,15.043800
7.555601,7.880910,11.703194,24.828828,15.044544
7.742555,7.898874,11.637628,24.831769,15.045239
7.941672,7.917588,11.574705,24.834633,15.045883
8.153959,7.937024,11.514147,24.837493,15.046473
8.367186,7.957144,11.455732,24.840421,15.047006
8.571225,7.977926,11.399293,24.843500,15.047474
8.763339,7.999369,11.344634,24.846803,15.047874
8.944704,8.021463,11.291614,24.850402,15.048203
9.118041,8.044165,11.240140,24.854367,15.048448
9.284657,8.067455,11.190118,24.858758,15.048600
9.443057,8.091356,11.141429,24.863638,15.048656
9.588548,8.128562,11.093943,24.869077,15.048616
9.714268,8.166052,11.047548,24.875119,15.048468
9.816097,8.203578,11.002121,24.881809,15.048205
9.897440,8.241251,10.957537,24.889205,15.047827
9.967535,8.279208,10.913671,24.897376,15.047339
10.036847,8.317648,10.870399,24.906390,15.046749
10.112896,8.356835,10.827596,24.916311,15.046063
10.202123,8.397070,10.785168,24.927209,15.045292
10.309529,8.438610,10.743083,24.939147,15.044449
10.442187,8.481614,10.701301,24.952188,15.043537
10.603791,8.526098,10.659868,24.966390,15.042561
10.751889,8.571923,10.618943,24.981811,15.041525
10.725923,8.618804,10.578764,24.998499,15.040438
10.567667,8.666313,10.539617,25.016481,15.039316
10.411992,8.713980,10.501752,25.035775,15.038177
10.278464,8.761367,10.465366,25.056404,15.037034
10.158090,8.808103,10.430623,25.078374,15.035902
10.043097,8.853916,10.397710,25.101679,15.034798
9.926752,8.898722,10.366845,25.126255,15.033742
9.812873,8.942504,10.338311,25.151981,15.032761
9.692670,8.985057,10.312429,25.178778,15.031868
9.564335,9.026092,10.289535,25.206531,15.031077
9.427178,9.073641,10.269940,25.235093,15.030395
9.281139,9.129182,10.254012,25.264195,15.029832
9.125540,9.184757,10.242247,25.293326,15.029398
8.960317,9.241088,10.235185,25.321766,15.029105
8.786340,9.299537,10.233512,25.348449,15.028960
8.606626,9.362106,10.238016,25.372024,15.028966
8.426946,9.431911,10.249872,25.390649,19.522137
8.246481,9.514259,10.271363,25.402165,15.029458
8.045084,9.622062,10.309126,25.404533,15.029959
7.718877,9.839890,10.410959,25.396450,15.030635
7.773284,9.764403,10.346047,25.377755,15.031485
7.734877,9.749661,10.316744,25.349345,15.032511
7.633147,9.764081,10.305162,25.312983,15.033713
7.487619,9.785799,10.299056,25.270764,15.060124
7.306673,9.807629,10.294514,25.224646,18.359851
7.103457,9.826051,10.289631,25.176215,15.369910
7.052896,9.838878,10.283196,25.126662,21.391968
7.246098,9.844659,10.274297,25.076754,16.228268
7.358759,9.842325,10.262377,25.027005,15.044428
7.462597,9.831100,10.247255,24.977743,15.046735
7.518620,9.810492,10.229086,24.929104,15.049169
7.358943,9.779484,10.208441,24.881125,15.051721
7.197750,9.735426,10.186897,24.833807,15.265795
7.078814,9.674988,10.168251,24.787182,15.057143
6.992364,9.601290,10.159137,24.741275,15.059990
6.931784,9.525691,10.166481,24.696001,15.062916
6.906286,9.462547,10.195971,24.651341,15.065912
6.906373,9.425875,10.254175,24.607231,15.068970
6.931035,9.430321,10.336211,24.563594,15.072085
6.979835,9.455692,10.428555,24.520380,15.075250
7.053149,9.471630,10.523532,24.477462,15.078464
7.145816,9.475618,10.619676,24.434773,15.081724
7.250064,9.468378,10.717674,24.392291,15.085020
7.364298,9.451274,10.818505,24.349962,15.320278
7.511276,9.425651,10.923114,24.307663,15.091708
7.793931,9.392555,11.031917,24.265310,15.095102
8.090092,9.353561,11.143492,24.222956,15.098507
7.499566,9.311132,11.254299,24.180656,15.101900
7.283432,9.268811,11.358277,24.138448,15.105260
7.302088,9.230440,11.448419,24.096350,15.108571
7.311922,9.198075,11.521186,24.054348,17.409555
7.401886,9.170546,11.579672,24.012410,15.180086
7.528690,9.145020,11.630633,23.970508,15.261602
7.650035,9.119184,11.679897,23.928655,15.345006
7.767054,9.092080,11.730592,23.886921,15.429264
7.880644,9.063791,11.783726,23.845452,15.512826
7.990179,9.034813,11.839334,23.804475,15.593931
8.092153,9.005853,11.897014,23.764287,15.670824
8.183076,8.978055,11.955771,23.725305,15.740917
8.258670,8.953023,12.014102,23.688117,15.800296
8.301904,8.932726,12.070120,23.653440,15.844008
8.313743,8.919109,12.121846,23.621969,15.867303
8.300470,8.913473,12.167822,23.594151,15.867270
8.265712,8.916189,12.207408,23.570069,15.843536
8.213094,8.926656,12.240823,23.549428,15.798307
8.144786,8.943622,12.268719,23.531702,15.735293
8.063637,8.965474,12.292122,23.516244,15.659040
7.976486,8.990600,12.312100,23.502406,15.574134
7.890440,9.017633,12.329528,23.489626,15.484613
7.801537,9.045525,12.344983,23.477478,15.393601
7.706339,9.073542,12.358857,23.465674,15.303267
7.598569,9.101221,12.371520,23.454045,15.214890
7.464777,9.128215,12.383306,23.442486,15.177023
7.293940,9.154424,12.394231,23.430974,15.179599
7.082596,9.179873,12.404122,23.419524,15.182120
7.012721,9.204501,12.412991,23.408145,15.184580
7.012613,9.228344,12.420526,23.396874,15.186977
7.011235,9.251382,12.426558,23.385747,15.189306
7.008625,9.273302,12.431576,23.374769,15.191563
7.004858,9.293629,12.436340,23.363927,15.193745
7.000039,9.311799,12.441688,23.353211,15.195850
7.128450,9.327231,12.448158,23.342599,15.197876
7.313516,9.339387,12.456100,23.332059,15.199825
7.494266,9.347633,12.466207,23.321567,15.886992
7.567049,9.351439,12.479240,23.311097,15.203485
7.685507,9.350666,12.495668,23.300616,15.205194
7.821972,9.345653,12.515651,23.290082,15.206821
7.954221,9.337413,12.538932,23.279446,15.208367
8.047394,9.327588,12.564795,23.268644,17.123903
8.113151,9.318132,12.592192,23.257608,15.211216
8.183859,9.310880,12.620111,23.246251,15.212520
8.265029,9.306886,12.647886,23.234472,15.213746
8.352037,9.305867,12.675525,23.222139,15.214897
8.429209,9.306611,12.703412,23.209120,15.215978
8.500925,9.308444,12.730829,23.195410,15.216982
8.582111,9.311464,12.754503,23.181270,15.217898
8.676028,9.316532,12.766807,23.167474,15.218713
8.787515,9.326139,12.753779,23.155632,15.219417
8.915372,9.345771,12.694918,23.148296,15.220002
9.069678,9.391419,12.575494,23.147881,15.220462
9.265052,9.505781,12.418441,23.154510,15.220797
9.537661,9.714681,12.246044,23.165859,15.221011
9.886676,9.973791,12.032057,23.179278,15.221109
10.323054,10.300299,11.746597,23.193055,15.221092
10.490778,10.763364,11.339843,23.206353,17.794595
10.646310,10.609241,11.416261,23.218886,15.447970
10.659449,10.424519,11.512352,23.230589,15.220352
10.068697,10.339109,11.526706,23.241473,15.219875
9.695985,10.295973,11.505760,23.251600,15.219280
9.374370,10.274706,11.466560,23.261037,15.218569
9.074228,10.266497,11.416789,23.269849,15.217741
8.794910,10.266822,11.360597,23.278090,15.216795
8.542462,10.272860,11.300574,23.285799,15.215733
8.317446,10.282737,11.238406,23.293011,15.214554
8.108194,10.294710,11.175108,23.299767,15.213259
7.913261,10.305109,11.110713,23.306115,15.211850
7.727066,10.304233,11.042948,23.312121,15.210327
7.550512,10.277691,10.967779,23.317860,15.208690
7.378564,10.224869,10.886576,23.323436,15.206941
7.216067,10.154122,10.804532,23.329012,15.205080
7.099618,10.066815,10.723999,23.334807,15.203109
7.062287,9.958758,10.644937,23.341125,15.201028
7.082304,9.820981,10.565367,23.348373,15.198837
7.106557,9.702582,10.479694,23.357065,15.196536
7.160388,9.746512,10.369364,23.367780,15.253075
7.380246,9.822141,10.328662,23.381114,15.338187
7.597109,9.933408,10.311141,23.397531,15.407194
7.819403,10.080766,10.271282,23.417262,15.458644
8.078741,10.193743,10.220989,23.440247,15.493129
8.414690,10.101806,10.164532,23.466114,15.513196
8.797353,9.890865,10.104614,23.494329,15.522466
9.206061,9.772571,10.043385,23.524342,15.524718
9.580984,9.790917,9.982590,23.555655,15.523303
9.779796,9.802850,9.923453,23.587893,15.520891
9.857824,9.807941,9.866942,23.620768,15.519376
9.897776,9.805760,9.813747,23.654080,15.519905
9.951585,9.796423,9.764258,23.687708,15.523369
10.008467,9.780538,9.718651,23.721581,15.530464
10.057426,9.759146,9.676870,23.755658,15.541872
10.096853,9.734054,9.638672,23.789926,15.558167
10.121648,9.707191,9.603727,23.824391,15.579844
10.130205,9.678774,9.571688,23.859073,17.166830
10.176212,9.648284,9.542194,23.894007,15.640724
10.189880,9.615719,9.514901,23.929227,15.680024
10.185496,9.581391,9.489506,23.964776,15.725210
10.168212,9.545633,9.465736,24.000692,15.776280
10.145346,9.508714,9.443358,24.037024,15.833393
10.122882,9.470940,9.422140,24.073821,16.664411
10.075870,9.432599,9.401863,24.111119,15.966136
10.030917,9.393887,9.382346,24.148942,16.041579
9.997018,9.354929,9.363430,24.187304,16.122844
9.964140,9.315791,9.344938,24.226222,16.209784
9.946439,9.276538,9.326743,24.265696,16.302164
9.931898,9.237261,9.308831,24.305672,16.399572
9.926581,9.198060,9.291237,24.346052,16.501467
9.925224,9.159066,9.274039,24.386711,16.607084
9.934624,9.120369,9.257351,24.427471,16.715306
9.949047,9.082001,9.241310,24.468073,16.824695
9.962965,9.044115,9.226095,24.508162,16.933707
9.976895,9.006992,9.211932,24.547294,17.040670
9.995017,8.970961,9.199110,24.584940,17.143563
10.022922,8.936402,9.187975,24.620478,17.240008
10.051786,8.903718,9.178915,24.653215,17.327411
10.086499,8.873336,9.172349,24.682402,17.402946
10.123308,8.845661,9.168704,24.707277,17.463729
10.157184,8.821023,9.168388,24.727138,17.507277
10.194657,8.799645,9.171750,24.741413,17.531679
10.221452,8.781633,9.179046,24.749690,17.535582
10.237195,8.766958,9.190409,24.751762,17.518324
10.247142,8.755479,9.205844,24.747663,17.480149
10.253215,8.747155,9.225220,24.737670,17.422246
10.250582,8.742601,9.248307,24.722266,17.346632
10.245197,8.742299,9.274788,24.702070,17.255821
10.239364,8.744878,9.304255,24.677772,17.152550
10.232685,8.749129,9.336293,24.650081,17.039573
10.224725,8.754586,9.370531,24.619670,16.919427
10.210609,8.761032,9.406624,24.587170,16.794442
10.181136,8.768315,9.444259,24.553152,16.666736
10.150253,8.776344,9.483163,24.518110,16.538129
10.127178,8.785108,9.523111,24.482450,16.410038
10.110166,8.794660,9.563933,24.446489,16.283455
10.095353,8.805099,9.605496,24.410470,16.159014
10.078981,8.816559,9.647692,24.374582,16.037079
10.062844,8.829152,9.690410,24.338987,15.918043
10.044816,8.842959,9.733547,24.303837,15.802350
10.024624,8.858121,9.777012,24.269251,15.690136
9.997097,8.874881,9.820725,24.235300,15.581031
9.966658,8.893437,9.864636,24.202036,15.474644
9.934807,8.913930,9.908728,24.169514,15.370768
9.903870,8.936485,9.953013,24.137795,15.269395
9.876182,8.961209,9.997538,24.106939,15.170564
9.852290,8.988205,10.042393,24.076998,15.127966
9.830357,9.017578,10.087726,24.048021,15.132984
9.814063,9.049446,10.133748,24.020054,15.137815
9.798699,9.083920,10.180746,23.993135,15.142455
9.782678,9.121089,10.229089,23.967293,15.146898
9.771974,9.161024,10.279248,23.942540,15.151142
9.791803,9.203796,10.331811,23.918877,15.155187
9.814751,9.249516,10.387498,23.896306,17.149738
9.744607,9.298375,10.447166,23.874840,15.162660
9.668332,9.350545,10.511834,23.854467,15.166075
9.572136,9.406141,10.582565,23.835157,15.169277
9.457392,9.465152,10.660016,23.816873,15.172268
9.323292,9.527095,10.743102,23.799584,15.175049
9.181825,9.590030,10.825436,23.783262,15.177616
9.036101,9.648810,10.889201,23.767878,15.179966
8.889902,9.695209,10.905614,23.753400,15.182097
8.756426,9.725440,10.861776,23.739797,15.184008
8.635520,9.745226,10.778806,23.727046,15.185701
8.524301,9.761892,10.683520,23.715124,15.187174
8.421855,9.779109,10.589658,23.704012,15.188428
8.337996,9.797896,10.501544,23.693692,15.189461
8.308922,9.818286,10.419749,23.684160,15.190274
8.318498,9.840100,10.343751,23.675412,15.190868
8.323812,9.863320,10.272956,23.667440,15.191241
8.325193,9.888645,10.207225,23.660244,15.191394
8.322917,9.918031,10.147191,23.653818,15.191326
8.317209,9.954953,10.094426,23.648163,15.191036
8.308247,10.003011,10.050723,23.643281,21.246860
8.296196,10.063125,10.016280,23.639176,15.285512
8.281234,10.132485,9.989308,23.635848,15.188834
8.263609,10.206881,9.967820,23.633296,15.187657
8.243711,10.282804,9.951343,23.631523,15.186258
8.222152,10.357392,9.941325,23.630535,15.184639
8.199818,10.427579,9.941173,23.630323,15.182799
8.238784,10.489982,9.955258,23.630867,15.180745
8.360020,10.541757,9.986966,23.632151,15.178478
8.405399,10.581706,10.036846,23.634144,15.176002
8.418220,10.610236,10.102212,23.636808,15.173322
8.417790,10.628042,10.178646,23.640098,15.170444
8.403346,10.635059,10.261832,23.643939,15.167377
8.371061,10.630900,10.348639,23.648264,15.164126
8.318922,10.615802,10.437158,23.652982,15.160701
8.247543,10.591132,10.526333,23.658000,15.884766
8.182548,10.558920,10.615659,23.663224,15.328512
8.126156,10.521107,10.704952,23.668572,15.149483
8.064024,10.479189,10.793733,23.674062,15.145467
8.006199,10.434500,10.880740,23.679868,15.141329
7.949623,10.388813,10.962684,23.686492,15.137087
7.912865,10.345187,11.032454,23.695004,15.132758
7.898984,10.308353,11.078342,23.707117,15.128370
7.896163,10.283619,11.087377,23.724721,15.123952
7.906442,10.273572,11.054029,23.748614,15.187080
7.927522,10.276006,10.985661,23.777693,15.279973
7.954685,10.285970,10.896825,23.809779,15.374447
7.983778,10.298976,10.800343,23.842934,15.466454
8.012301,10.312235,10.704056,23.875940,15.553417
8.039022,10.324362,10.611973,23.908112,16.068328
8.183780,10.334782,10.525806,23.939083,16.516621
8.567567,10.343392,10.446023,23.968689,15.770727
8.839819,10.350315,10.372523,23.996864,15.826434
9.073084,10.355717,10.305001,24.023559,15.873132
9.292565,10.359797,10.243078,24.048753,15.910483
9.376318,10.362744,10.186384,24.072435,15.938163
9.242700,10.364731,10.134565,24.094598,15.955949
9.115312,10.365914,10.087292,24.115248,15.963683
9.034098,10.366434,10.044279,24.134399,15.961126
9.019003,10.366410,10.005263,24.152085,15.948107
9.052765,10.365937,9.970002,24.168352,16.913566
9.136081,10.365130,9.938299,24.183238,15.889949
9.265632,10.364066,9.909913,24.196830,15.844408
9.351263,10.362532,9.884392,24.209397,15.789898
9.188330,10.360089,9.861054,24.221387,15.730287
8.982716,10.356426,9.839228,24.233258,15.669512
8.840466,10.351251,9.818741,24.245259,15.609501
8.750709,10.343782,9.800227,24.257323,15.549189
8.648399,10.332544,9.784897,24.269152,15.485374
8.464601,10.315806,9.774014,24.280408,15.414456
8.249928,10.292331,9.768348,24.290939,15.334309
8.199795,10.261447,9.768287,24.300647,15.243244
8.196485,10.223113,9.774048,24.309321,15.138772
8.192963,10.178209,9.785993,24.316454,15.073421
8.189168,10.128464,9.804984,24.321309,15.076013
8.185372,10.075761,9.832327,24.323090,15.079606
8.182424,10.021613,9.869183,24.320920,15.084416
8.181772,9.966940,9.915575,24.313846,15.090616
8.185230,9.913307,9.969078,24.300520,15.098343
8.194785,9.864360,10.024767,24.278907,15.107677
8.212683,9.826773,10.076846,24.245919,15.118624
8.241600,9.810268,10.120562,24.197063,15.131149
8.284478,9.825564,10.153570,24.127445,15.145173
8.343668,9.880565,10.175794,24.034160,15.160582
8.419997,9.976471,10.187544,23.918837,15.177228
8.512872,10.126516,10.188223,23.787384,15.194939
8.621119,10.321044,10.176622,23.647118,15.213547
8.743385,10.537387,10.151497,23.504208,15.232884
8.877811,10.765937,10.112565,23.362650,15.252792
9.021720,10.998889,10.060946,23.224534,15.273123
9.171900,11.230006,9.998999,23.090670,15.293745
9.325186,11.454689,9.929798,22.961211,15.314543
9.478907,11.670148,9.856598,22.836058,15.335415
9.631024,11.875314,9.782456,22.715039,15.356278
9.780093,12.070420,9.709892,22.597996,15.377062
9.925197,12.256227,9.640632,22.484814,15.397710
10.065823,12.433451,9.575631,22.375400,15.418170
10.204907,12.602488,9.515173,22.269677,15.438404
10.343622,12.763530,9.459068,22.167574,15.458376
10.477600,12.916748,9.406876,22.069024,15.478058
10.607003,13.062368,9.358163,21.973955,15.497426
10.732010,13.200623,9.312568,21.882296,15.516458
10.752430,13.222966,9.305254,21.867346,15.519596
